com.samsung.health.sleep_stage,6105031,6
start_time,pkg_name,update_time,create_time,stage,time_offset,datauuid,sleep_id,custom,end_time,deviceuuid
2020-07-12 07:57:00.000,com.sec.android.app.shealth,2020-07-12 07:58:00.000,2020-07-12 07:58:00.000,40002,UTC+0900,9f8e2396-a480-c435-d586-7e617effd220,c1342020-546f-7524-6996-60d5039c026a,,2020-07-12 07:58:00.000,xUcHHNl7co,
2020-07-12 08:08:00.000,com.sec.android.app.shealth,2020-07-12 08:18:00.000,2020-07-12 08:18:00.000,40002,UTC+0900,930102a2-0c65-17c5-6220-f0acefba1660,c1342020-546f-7524-6996-60d5039c026a,,2020-07-12 08:18:00.000,xUcHHNl7co,
2020-07-12 08:49:00.000,com.sec.android.app.shealth,2020-07-12 09:03:00.000,2020-07-12 09:03:00.000,40003,UTC+0900,f3a6991c-0751-66f3-91a3-671566fdd5ab,c1342020-546f-7524-6996-60d5039c026a,,2020-07-12 09:03:00.000,xUcHHNl7co,
2020-07-12 09:37:00.000,com.sec.android.app.shealth,2020-07-12 09:38:00.000,2020-07-12 09:38:00.000,40002,UTC+0900,d19fd262-4f2a-b176-2bc4-9ea4c056e39a,c1342020-546f-7524-6996-60d5039c026a,,2020-07-12 09:38:00.000,xUcHHNl7co,
2020-07-12 17:55:00.000,com.sec.android.app.shealth,2020-07-12 18:06:00.000,2020-07-12 18:06:00.000,40002,UTC+0900,393eee7c-9e69-3642-a82d-c3949b478da9,8cdf53ac-8c48-1cdf-0eee-876a3eff1847,,2020-07-12 18:06:00.000,xUcHHNl7co,
2020-07-12 18:20:00.000,com.sec.android.app.shealth,2020-07-12 18:21:00.000,2020-07-12 18:21:00.000,40002,UTC+0900,8273840b-d74a-e73d-5285-139775bfc15d,8cdf53ac-8c48-1cdf-0eee-876a3eff1847,,2020-07-12 18:21:00.000,xUcHHNl7co,
2020-07-12 18:32:00.000,com.sec.android.app.shealth,2020-07-12 18:33:00.000,2020-07-12 18:33:00.000,40002,UTC+0900,b9df6f28-d8a3-d41d-a4cd-05f1c8c587fd,8cdf53ac-8c48-1cdf-0eee-876a3eff1847,,2020-07-12 18:33:00.000,xUcHHNl7co,
2020-07-12 18:39:00.000,com.sec.android.app.shealth,2020-07-12 18:40:00.000,2020-07-12 18:40:00.000,40002,UTC+0900,98eb23f1-64a8-6c3d-6b27-3f7dcb125870,8cdf53ac-8c48-1cdf-0eee-876a3eff1847,,2020-07-12 18:40:00.000,xUcHHNl7co,
2020-07-12 18:52:00.000,com.sec.android.app.shealth,2020-07-12 18:54:00.000,2020-07-12 18:54:00.000,40002,UTC+0900,8b4360fb-02a7-16f8-ed0d-ca18e873c66e,8cdf53ac-8c48-1cdf-0eee-876a3eff1847,,2020-07-12 18:54:00.000,xUcHHNl7co,
2020-07-12 19:17:00.000,com.sec.android.app.shealth,2020-07-12 19:22:00.000,2020-07-12 19:22:00.000,40002,UTC+0900,68018be2-427b-d3f7-e0e1-28dfcee3d839,8cdf53ac-8c48-1cdf-0eee-876a3eff1847,,2020-07-12 19:22:00.000,xUcHHNl7co,
2020-07-12 19:38:00.000,com.sec.android.app.shealth,2020-07-12 19:39:00.000,2020-07-12 19:39:00.000,40002,UTC+0900,e663d58c-d99f-3f16-7926-79abc8b165ab,8cdf53ac-8c48-1cdf-0eee-876a3eff1847,,2020-07-12 19:39:00.000,xUcHHNl7co,
2020-07-12 07:58:00.000,com.sec.android.app.shealth,2020-07-12 07:59:00.000,2020-07-12 07:59:00.000,40001,UTC+0900,6b5d327d-8892-85c7-8e81-ffa5eb7a82b7,c1342020-546f-7524-6996-60d5039c026a,,2020-07-12 07:59:00.000,xUcHHNl7co,
2020-07-12 19:54:00.000,com.sec.android.app.shealth,2020-07-12 20:10:00.000,2020-07-12 20:10:00.000,40002,UTC+0900,7f30fd59-b554-a452-add6-c1cff13f50f0,8cdf53ac-8c48-1cdf-0eee-876a3eff1847,,2020-07-12 20:10:00.000,xUcHHNl7co,
2020-07-12 08:18:00.000,com.sec.android.app.shealth,2020-07-12 08:25:00.000,2020-07-12 08:25:00.000,40003,UTC+0900,5694c20d-4852-f312-fe5d-5fd29d85d1a1,c1342020-546f-7524-6996-60d5039c026a,,2020-07-12 08:25:00.000,xUcHHNl7co,
2020-07-12 20:36:00.000,com.sec.android.app.shealth,2020-07-12 20:37:00.000,2020-07-12 20:37:00.000,40001,UTC+0900,41bffbca-2ec5-3802-b7de-3d55714427d5,8cdf53ac-8c48-1cdf-0eee-876a3eff1847,,2020-07-12 20:37:00.000,xUcHHNl7co,
2020-07-12 21:11:00.000,com.sec.android.app.shealth,2020-07-12 21:12:00.000,2020-07-12 21:12:00.000,40001,UTC+0900,da1dc732-90f4-586d-4390-5e30c4974041,8cdf53ac-8c48-1cdf-0eee-876a3eff1847,,2020-07-12 21:12:00.000,xUcHHNl7co,
2020-07-13 17:19:00.000,com.sec.android.app.shealth,2020-07-13 17:28:00.000,2020-07-13 17:28:00.000,40003,UTC+0900,6f6c0a2c-7e10-51a5-0b14-a0cef48e81b8,23923548-7193-3aa0-15a9-37beb54cc8e2,,2020-07-13 17:28:00.000,xUcHHNl7co,
2020-07-12 09:03:00.000,com.sec.android.app.shealth,2020-07-12 09:09:00.000,2020-07-12 09:09:00.000,40002,UTC+0900,719ab1c0-6e89-2cd9-12b9-2f0e6d804c3c,c1342020-546f-7524-6996-60d5039c026a,,2020-07-12 09:09:00.000,xUcHHNl7co,
2020-07-13 17:44:00.000,com.sec.android.app.shealth,2020-07-13 17:49:00.000,2020-07-13 17:49:00.000,40002,UTC+0900,1de1546d-70e7-562a-6236-1c54a5293d6f,23923548-7193-3aa0-15a9-37beb54cc8e2,,2020-07-13 17:49:00.000,xUcHHNl7co,
2020-07-13 18:09:00.000,com.sec.android.app.shealth,2020-07-13 18:11:00.000,2020-07-13 18:11:00.000,40002,UTC+0900,8d7eec35-f064-6298-d78f-7d1cafabbc65,23923548-7193-3aa0-15a9-37beb54cc8e2,,2020-07-13 18:11:00.000,xUcHHNl7co,
2020-07-13 18:29:00.000,com.sec.android.app.shealth,2020-07-13 18:30:00.000,2020-07-13 18:30:00.000,40002,UTC+0900,283a0683-4e41-55ad-f35a-e86b41742816,23923548-7193-3aa0-15a9-37beb54cc8e2,,2020-07-13 18:30:00.000,xUcHHNl7co,
2020-07-12 17:07:00.000,com.sec.android.app.shealth,2020-07-12 17:17:00.000,2020-07-12 17:17:00.000,40001,UTC+0900,2b6f3b5b-bf21-cf1c-6334-ceabd155ce96,8cdf53ac-8c48-1cdf-0eee-876a3eff1847,,2020-07-12 17:17:00.000,xUcHHNl7co,
2020-07-13 18:37:00.000,com.sec.android.app.shealth,2020-07-13 18:39:00.000,2020-07-13 18:39:00.000,40002,UTC+0900,40827556-81d6-59bc-7b5c-19e227d31c79,23923548-7193-3aa0-15a9-37beb54cc8e2,,2020-07-13 18:39:00.000,xUcHHNl7co,
2020-07-13 18:55:00.000,com.sec.android.app.shealth,2020-07-13 19:04:00.000,2020-07-13 19:04:00.000,40004,UTC+0900,33ea0c69-8840-fe8d-59f4-7ae3d9292a64,23923548-7193-3aa0-15a9-37beb54cc8e2,,2020-07-13 19:04:00.000,xUcHHNl7co,
2020-07-13 19:21:00.000,com.sec.android.app.shealth,2020-07-13 19:25:00.000,2020-07-13 19:25:00.000,40002,UTC+0900,64d5d031-ca39-33d0-aa99-50f74bf75cdf,23923548-7193-3aa0-15a9-37beb54cc8e2,,2020-07-13 19:25:00.000,xUcHHNl7co,
2020-07-12 18:06:00.000,com.sec.android.app.shealth,2020-07-12 18:08:00.000,2020-07-12 18:08:00.000,40001,UTC+0900,24c5cb76-8c0f-21d7-3a50-ca6c528a448f,8cdf53ac-8c48-1cdf-0eee-876a3eff1847,,2020-07-12 18:08:00.000,xUcHHNl7co,
2020-07-12 18:21:00.000,com.sec.android.app.shealth,2020-07-12 18:22:00.000,2020-07-12 18:22:00.000,40001,UTC+0900,ec23d134-aede-a9f2-35ce-b4f73f9088b4,8cdf53ac-8c48-1cdf-0eee-876a3eff1847,,2020-07-12 18:22:00.000,xUcHHNl7co,
2020-07-12 18:33:00.000,com.sec.android.app.shealth,2020-07-12 18:35:00.000,2020-07-12 18:35:00.000,40001,UTC+0900,417f4a28-a219-5400-e3c8-d3cce5f255b5,8cdf53ac-8c48-1cdf-0eee-876a3eff1847,,2020-07-12 18:35:00.000,xUcHHNl7co,
2020-07-12 18:40:00.000,com.sec.android.app.shealth,2020-07-12 18:41:00.000,2020-07-12 18:41:00.000,40001,UTC+0900,46fd080d-dfc5-aab3-82c3-8867bd0df9a8,8cdf53ac-8c48-1cdf-0eee-876a3eff1847,,2020-07-12 18:41:00.000,xUcHHNl7co,
2020-07-12 18:54:00.000,com.sec.android.app.shealth,2020-07-12 18:55:00.000,2020-07-12 18:55:00.000,40001,UTC+0900,579faba6-e09a-31e5-5b7b-346728c2d999,8cdf53ac-8c48-1cdf-0eee-876a3eff1847,,2020-07-12 18:55:00.000,xUcHHNl7co,
2020-07-12 19:22:00.000,com.sec.android.app.shealth,2020-07-12 19:23:00.000,2020-07-12 19:23:00.000,40001,UTC+0900,ab926e52-b865-8903-46bb-c9a4907af044,8cdf53ac-8c48-1cdf-0eee-876a3eff1847,,2020-07-12 19:23:00.000,xUcHHNl7co,
2020-07-12 19:39:00.000,com.sec.android.app.shealth,2020-07-12 19:40:00.000,2020-07-12 19:40:00.000,40001,UTC+0900,c264ae06-176c-b731-05dd-28f8d124aa08,8cdf53ac-8c48-1cdf-0eee-876a3eff1847,,2020-07-12 19:40:00.000,xUcHHNl7co,
2020-07-12 20:10:00.000,com.sec.android.app.shealth,2020-07-12 20:11:00.000,2020-07-12 20:11:00.000,40001,UTC+0900,ef4b7c26-15f0-62b5-71f6-87a236841af6,8cdf53ac-8c48-1cdf-0eee-876a3eff1847,,2020-07-12 20:11:00.000,xUcHHNl7co,
2020-07-13 19:36:00.000,com.sec.android.app.shealth,2020-07-13 19:38:00.000,2020-07-13 19:38:00.000,40002,UTC+0900,25840d81-0e0f-1655-019c-c49c36ecf571,23923548-7193-3aa0-15a9-37beb54cc8e2,,2020-07-13 19:38:00.000,xUcHHNl7co,
2020-07-12 20:37:00.000,com.sec.android.app.shealth,2020-07-12 20:41:00.000,2020-07-12 20:41:00.000,40002,UTC+0900,12653cb2-e219-a241-a362-8f03ba6bc0e9,8cdf53ac-8c48-1cdf-0eee-876a3eff1847,,2020-07-12 20:41:00.000,xUcHHNl7co,
2020-07-13 16:49:00.000,com.sec.android.app.shealth,2020-07-13 16:59:00.000,2020-07-13 16:59:00.000,40002,UTC+0900,32e5d8af-bfba-194f-bc6f-511bd2955a4c,23923548-7193-3aa0-15a9-37beb54cc8e2,,2020-07-13 16:59:00.000,xUcHHNl7co,
2020-07-12 07:59:00.000,com.sec.android.app.shealth,2020-07-12 08:03:00.000,2020-07-12 08:03:00.000,40002,UTC+0900,a341f41f-8b85-ff16-7b9d-62d85035c86d,c1342020-546f-7524-6996-60d5039c026a,,2020-07-12 08:03:00.000,xUcHHNl7co,
2020-07-12 08:25:00.000,com.sec.android.app.shealth,2020-07-12 08:33:00.000,2020-07-12 08:33:00.000,40002,UTC+0900,02e728ab-eedf-a364-48cc-50551c1cd361,c1342020-546f-7524-6996-60d5039c026a,,2020-07-12 08:33:00.000,xUcHHNl7co,
2020-07-12 09:09:00.000,com.sec.android.app.shealth,2020-07-12 09:16:00.000,2020-07-12 09:16:00.000,40004,UTC+0900,03ebc519-fb36-cf49-c94e-1f306ef3c62d,c1342020-546f-7524-6996-60d5039c026a,,2020-07-12 09:16:00.000,xUcHHNl7co,
2020-07-12 17:17:00.000,com.sec.android.app.shealth,2020-07-12 17:40:00.000,2020-07-12 17:40:00.000,40002,UTC+0900,83a450fc-43d4-5171-6f9a-525120dc27f8,8cdf53ac-8c48-1cdf-0eee-876a3eff1847,,2020-07-12 17:40:00.000,xUcHHNl7co,
2020-07-12 18:08:00.000,com.sec.android.app.shealth,2020-07-12 18:15:00.000,2020-07-12 18:15:00.000,40002,UTC+0900,ee02664e-6d11-653b-e3b6-7099f6d081df,8cdf53ac-8c48-1cdf-0eee-876a3eff1847,,2020-07-12 18:15:00.000,xUcHHNl7co,
2020-07-12 18:22:00.000,com.sec.android.app.shealth,2020-07-12 18:25:00.000,2020-07-12 18:25:00.000,40002,UTC+0900,d41dd8a8-cdaf-af89-001c-eb3b4bf81bae,8cdf53ac-8c48-1cdf-0eee-876a3eff1847,,2020-07-12 18:25:00.000,xUcHHNl7co,
2020-07-12 18:35:00.000,com.sec.android.app.shealth,2020-07-12 18:36:00.000,2020-07-12 18:36:00.000,40002,UTC+0900,1b9cc6ef-379e-6dce-9624-99b2b01d5eba,8cdf53ac-8c48-1cdf-0eee-876a3eff1847,,2020-07-12 18:36:00.000,xUcHHNl7co,
2020-07-13 19:49:00.000,com.sec.android.app.shealth,2020-07-13 19:58:00.000,2020-07-13 19:58:00.000,40004,UTC+0900,b3898dcd-7fd8-9fb0-65c9-396a298cf210,23923548-7193-3aa0-15a9-37beb54cc8e2,,2020-07-13 19:58:00.000,xUcHHNl7co,
2020-07-13 17:28:00.000,com.sec.android.app.shealth,2020-07-13 17:29:00.000,2020-07-13 17:29:00.000,40001,UTC+0900,6fffb5f5-8535-9630-fef8-8cd4b809f18e,23923548-7193-3aa0-15a9-37beb54cc8e2,,2020-07-13 17:29:00.000,xUcHHNl7co,
2020-07-12 18:41:00.000,com.sec.android.app.shealth,2020-07-12 18:42:00.000,2020-07-12 18:42:00.000,40002,UTC+0900,c3dcd135-d19f-25d2-4fae-02208923d8e7,8cdf53ac-8c48-1cdf-0eee-876a3eff1847,,2020-07-12 18:42:00.000,xUcHHNl7co,
2020-07-12 18:55:00.000,com.sec.android.app.shealth,2020-07-12 18:59:00.000,2020-07-12 18:59:00.000,40002,UTC+0900,26d29439-319c-beb3-5745-a10ab95bcb56,8cdf53ac-8c48-1cdf-0eee-876a3eff1847,,2020-07-12 18:59:00.000,xUcHHNl7co,
2020-07-12 19:23:00.000,com.sec.android.app.shealth,2020-07-12 19:33:00.000,2020-07-12 19:33:00.000,40002,UTC+0900,6d08537f-ab58-2baf-6595-d6c8d1f9d386,8cdf53ac-8c48-1cdf-0eee-876a3eff1847,,2020-07-12 19:33:00.000,xUcHHNl7co,
2020-07-12 19:40:00.000,com.sec.android.app.shealth,2020-07-12 19:47:00.000,2020-07-12 19:47:00.000,40004,UTC+0900,0a28e5dd-eeaf-3354-1f41-af3e92cb20dc,8cdf53ac-8c48-1cdf-0eee-876a3eff1847,,2020-07-12 19:47:00.000,xUcHHNl7co,
2020-07-12 08:03:00.000,com.sec.android.app.shealth,2020-07-12 08:06:00.000,2020-07-12 08:06:00.000,40001,UTC+0900,87f9cce7-1f09-1c64-8da1-6ac96ce238e4,c1342020-546f-7524-6996-60d5039c026a,,2020-07-12 08:06:00.000,xUcHHNl7co,
2020-07-13 17:49:00.000,com.sec.android.app.shealth,2020-07-13 17:50:00.000,2020-07-13 17:50:00.000,40001,UTC+0900,4ceead01-5c4d-7d0c-0ed5-24fab118ebae,23923548-7193-3aa0-15a9-37beb54cc8e2,,2020-07-13 17:50:00.000,xUcHHNl7co,
2020-07-12 20:11:00.000,com.sec.android.app.shealth,2020-07-12 20:15:00.000,2020-07-12 20:15:00.000,40002,UTC+0900,fb94bb0b-7df2-ceb4-d18f-0dc668039761,8cdf53ac-8c48-1cdf-0eee-876a3eff1847,,2020-07-12 20:15:00.000,xUcHHNl7co,
2020-07-13 18:11:00.000,com.sec.android.app.shealth,2020-07-13 18:13:00.000,2020-07-13 18:13:00.000,40001,UTC+0900,e29f960c-f628-785e-6ec8-1ecdf6de1d68,23923548-7193-3aa0-15a9-37beb54cc8e2,,2020-07-13 18:13:00.000,xUcHHNl7co,
2020-07-13 20:15:00.000,com.sec.android.app.shealth,2020-07-13 20:28:00.000,2020-07-13 20:28:00.000,40003,UTC+0900,385373b1-b145-7eb8-5818-49e8baf7568d,23923548-7193-3aa0-15a9-37beb54cc8e2,,2020-07-13 20:28:00.000,xUcHHNl7co,
2020-07-12 20:41:00.000,com.sec.android.app.shealth,2020-07-12 20:42:00.000,2020-07-12 20:42:00.000,40001,UTC+0900,d563c8e8-7afa-f6c0-0050-018643d9b49d,8cdf53ac-8c48-1cdf-0eee-876a3eff1847,,2020-07-12 20:42:00.000,xUcHHNl7co,
2020-07-13 18:30:00.000,com.sec.android.app.shealth,2020-07-13 18:31:00.000,2020-07-13 18:31:00.000,40001,UTC+0900,c38ec406-4135-f79f-5ee2-9ea8b2de66f7,23923548-7193-3aa0-15a9-37beb54cc8e2,,2020-07-13 18:31:00.000,xUcHHNl7co,
2020-07-12 08:33:00.000,com.sec.android.app.shealth,2020-07-12 08:35:00.000,2020-07-12 08:35:00.000,40001,UTC+0900,f6aa9490-5d4a-81de-1969-dcd64ac61226,c1342020-546f-7524-6996-60d5039c026a,,2020-07-12 08:35:00.000,xUcHHNl7co,
2020-07-13 16:59:00.000,com.sec.android.app.shealth,2020-07-13 17:07:00.000,2020-07-13 17:07:00.000,40001,UTC+0900,08c27fed-723d-0ccc-a0dd-c5ac08ea3b70,23923548-7193-3aa0-15a9-37beb54cc8e2,,2020-07-13 17:07:00.000,xUcHHNl7co,
2020-07-13 17:29:00.000,com.sec.android.app.shealth,2020-07-13 17:38:00.000,2020-07-13 17:38:00.000,40002,UTC+0900,8003d60d-75a8-bd55-bd55-601ce1463c79,23923548-7193-3aa0-15a9-37beb54cc8e2,,2020-07-13 17:38:00.000,xUcHHNl7co,
2020-07-13 17:50:00.000,com.sec.android.app.shealth,2020-07-13 18:06:00.000,2020-07-13 18:06:00.000,40002,UTC+0900,cc2e9383-20a3-9483-661e-1a7450c112dd,23923548-7193-3aa0-15a9-37beb54cc8e2,,2020-07-13 18:06:00.000,xUcHHNl7co,
2020-07-13 21:21:00.000,com.sec.android.app.shealth,2020-07-13 21:22:00.000,2020-07-13 21:22:00.000,40001,UTC+0900,56518756-7319-75db-9c2b-50b631eb489b,23923548-7193-3aa0-15a9-37beb54cc8e2,,2020-07-13 21:22:00.000,xUcHHNl7co,
2020-07-12 09:16:00.000,com.sec.android.app.shealth,2020-07-12 09:19:00.000,2020-07-12 09:19:00.000,40001,UTC+0900,a7ebd6b1-7aa8-bf1d-038d-f912bf4f8074,c1342020-546f-7524-6996-60d5039c026a,,2020-07-12 09:19:00.000,xUcHHNl7co,
2020-07-13 18:13:00.000,com.sec.android.app.shealth,2020-07-13 18:17:00.000,2020-07-13 18:17:00.000,40002,UTC+0900,e7235891-5c27-c626-0534-6be32bf6b3b4,23923548-7193-3aa0-15a9-37beb54cc8e2,,2020-07-13 18:17:00.000,xUcHHNl7co,
2020-07-13 18:31:00.000,com.sec.android.app.shealth,2020-07-13 18:33:00.000,2020-07-13 18:33:00.000,40002,UTC+0900,0b0f5d9a-c129-93f7-b6e7-e4e8eeeca74a,23923548-7193-3aa0-15a9-37beb54cc8e2,,2020-07-13 18:33:00.000,xUcHHNl7co,
2020-07-12 17:40:00.000,com.sec.android.app.shealth,2020-07-12 17:43:00.000,2020-07-12 17:43:00.000,40001,UTC+0900,2cb682ef-eb9b-89a3-ee36-0d6cf5a72124,8cdf53ac-8c48-1cdf-0eee-876a3eff1847,,2020-07-12 17:43:00.000,xUcHHNl7co,
2020-07-13 18:39:00.000,com.sec.android.app.shealth,2020-07-13 18:44:00.000,2020-07-13 18:44:00.000,40001,UTC+0900,6da6d1f6-6737-04d0-8bcd-5f06ced33713,23923548-7193-3aa0-15a9-37beb54cc8e2,,2020-07-13 18:44:00.000,xUcHHNl7co,
2020-07-13 18:44:00.000,com.sec.android.app.shealth,2020-07-13 18:50:00.000,2020-07-13 18:50:00.000,40002,UTC+0900,39cf34b9-0aa6-b71a-7ac8-a189ef7b7572,23923548-7193-3aa0-15a9-37beb54cc8e2,,2020-07-13 18:50:00.000,xUcHHNl7co,
2020-07-13 19:09:00.000,com.sec.android.app.shealth,2020-07-13 19:18:00.000,2020-07-13 19:18:00.000,40002,UTC+0900,13c1717b-b73a-96be-c533-682c93afd778,23923548-7193-3aa0-15a9-37beb54cc8e2,,2020-07-13 19:18:00.000,xUcHHNl7co,
2020-07-13 19:27:00.000,com.sec.android.app.shealth,2020-07-13 19:28:00.000,2020-07-13 19:28:00.000,40002,UTC+0900,256acc78-1169-fbb0-907e-49d9c69b630a,23923548-7193-3aa0-15a9-37beb54cc8e2,,2020-07-13 19:28:00.000,xUcHHNl7co,
2020-07-13 19:04:00.000,com.sec.android.app.shealth,2020-07-13 19:09:00.000,2020-07-13 19:09:00.000,40001,UTC+0900,27d84b2d-8071-4d0d-ced2-5fbdc553bb52,23923548-7193-3aa0-15a9-37beb54cc8e2,,2020-07-13 19:09:00.000,xUcHHNl7co,
2020-07-13 19:39:00.000,com.sec.android.app.shealth,2020-07-13 19:42:00.000,2020-07-13 19:42:00.000,40002,UTC+0900,f6a76111-3a23-8cb3-691b-d7f0ff1bb746,23923548-7193-3aa0-15a9-37beb54cc8e2,,2020-07-13 19:42:00.000,xUcHHNl7co,
2020-07-13 19:25:00.000,com.sec.android.app.shealth,2020-07-13 19:27:00.000,2020-07-13 19:27:00.000,40001,UTC+0900,32a33ca1-22d9-7a49-73ea-298118156999,23923548-7193-3aa0-15a9-37beb54cc8e2,,2020-07-13 19:27:00.000,xUcHHNl7co,
2020-07-13 19:38:00.000,com.sec.android.app.shealth,2020-07-13 19:39:00.000,2020-07-13 19:39:00.000,40001,UTC+0900,cbc69184-005b-26a6-f254-299cad447c06,23923548-7193-3aa0-15a9-37beb54cc8e2,,2020-07-13 19:39:00.000,xUcHHNl7co,
2020-07-13 20:00:00.000,com.sec.android.app.shealth,2020-07-13 20:06:00.000,2020-07-13 20:06:00.000,40002,UTC+0900,f1af9f0c-58f9-1fd4-8d8f-482bc2fe7250,23923548-7193-3aa0-15a9-37beb54cc8e2,,2020-07-13 20:06:00.000,xUcHHNl7co,
2020-07-13 19:58:00.000,com.sec.android.app.shealth,2020-07-13 20:00:00.000,2020-07-13 20:00:00.000,40001,UTC+0900,bf00aec3-70d8-5e47-b3e5-5e7e1f3b5124,23923548-7193-3aa0-15a9-37beb54cc8e2,,2020-07-13 20:00:00.000,xUcHHNl7co,
2020-07-13 20:30:00.000,com.sec.android.app.shealth,2020-07-13 20:33:00.000,2020-07-13 20:33:00.000,40001,UTC+0900,c3f89f88-5b87-b6d5-3bb9-59f3a08bbf78,23923548-7193-3aa0-15a9-37beb54cc8e2,,2020-07-13 20:33:00.000,xUcHHNl7co,
2020-07-13 21:41:00.000,com.sec.android.app.shealth,2020-07-13 21:42:00.000,2020-07-13 21:42:00.000,40001,UTC+0900,7e634d06-f859-b511-a78c-e8794193e63a,23923548-7193-3aa0-15a9-37beb54cc8e2,,2020-07-13 21:42:00.000,xUcHHNl7co,
2020-07-14 17:03:00.000,com.sec.android.app.shealth,2020-07-14 17:06:00.000,2020-07-14 17:06:00.000,40001,UTC+0900,28e9e6e0-b686-7df9-db40-30857ee32dbe,29757812-14c4-4358-cad1-d9cbcc6893af,,2020-07-14 17:06:00.000,xUcHHNl7co,
2020-07-13 20:28:00.000,com.sec.android.app.shealth,2020-07-13 20:30:00.000,2020-07-13 20:30:00.000,40002,UTC+0900,5acb8728-2c47-eb70-d990-77e82e15946f,23923548-7193-3aa0-15a9-37beb54cc8e2,,2020-07-13 20:30:00.000,xUcHHNl7co,
2020-07-12 18:15:00.000,com.sec.android.app.shealth,2020-07-12 18:16:00.000,2020-07-12 18:16:00.000,40001,UTC+0900,e61225b4-1b02-999a-d32a-6bc4b98f3657,8cdf53ac-8c48-1cdf-0eee-876a3eff1847,,2020-07-12 18:16:00.000,xUcHHNl7co,
2020-07-14 17:21:00.000,com.sec.android.app.shealth,2020-07-14 17:22:00.000,2020-07-14 17:22:00.000,40001,UTC+0900,dd5bc622-69ae-0545-810f-4eec44742beb,29757812-14c4-4358-cad1-d9cbcc6893af,,2020-07-14 17:22:00.000,xUcHHNl7co,
2020-07-13 21:24:00.000,com.sec.android.app.shealth,2020-07-13 21:25:00.000,2020-07-13 21:25:00.000,40001,UTC+0900,87232a8f-d71b-7ac0-eaa9-7c2fe4a2e093,23923548-7193-3aa0-15a9-37beb54cc8e2,,2020-07-13 21:25:00.000,xUcHHNl7co,
2020-07-13 21:22:00.000,com.sec.android.app.shealth,2020-07-13 21:24:00.000,2020-07-13 21:24:00.000,40002,UTC+0900,ac3ab61c-43a2-1ff8-9029-62dbffba52e5,23923548-7193-3aa0-15a9-37beb54cc8e2,,2020-07-13 21:24:00.000,xUcHHNl7co,
2020-07-13 21:44:00.000,com.sec.android.app.shealth,2020-07-13 21:45:00.000,2020-07-13 21:45:00.000,40001,UTC+0900,9be4caf4-80d7-93ee-5dd8-520a4e09dfa8,23923548-7193-3aa0-15a9-37beb54cc8e2,,2020-07-13 21:45:00.000,xUcHHNl7co,
2020-07-13 21:42:00.000,com.sec.android.app.shealth,2020-07-13 21:44:00.000,2020-07-13 21:44:00.000,40002,UTC+0900,1cfd19ba-8e80-3eff-a57a-45e30444727b,23923548-7193-3aa0-15a9-37beb54cc8e2,,2020-07-13 21:44:00.000,xUcHHNl7co,
2020-07-14 17:08:00.000,com.sec.android.app.shealth,2020-07-14 17:09:00.000,2020-07-14 17:09:00.000,40001,UTC+0900,7aa47112-5de5-517c-ca46-590dad531ed7,29757812-14c4-4358-cad1-d9cbcc6893af,,2020-07-14 17:09:00.000,xUcHHNl7co,
2020-07-14 17:06:00.000,com.sec.android.app.shealth,2020-07-14 17:08:00.000,2020-07-14 17:08:00.000,40002,UTC+0900,bb9ab930-8d55-e265-1276-46ac7619c374,29757812-14c4-4358-cad1-d9cbcc6893af,,2020-07-14 17:08:00.000,xUcHHNl7co,
2020-07-14 17:32:00.000,com.sec.android.app.shealth,2020-07-14 17:37:00.000,2020-07-14 17:37:00.000,40001,UTC+0900,e693d631-89bc-f9b6-1b86-4e5b8e4b9b30,29757812-14c4-4358-cad1-d9cbcc6893af,,2020-07-14 17:37:00.000,xUcHHNl7co,
2020-07-14 17:48:00.000,com.sec.android.app.shealth,2020-07-14 17:49:00.000,2020-07-14 17:49:00.000,40001,UTC+0900,447c3483-779c-7d9e-5de7-f60f88cac209,29757812-14c4-4358-cad1-d9cbcc6893af,,2020-07-14 17:49:00.000,xUcHHNl7co,
2020-07-14 17:22:00.000,com.sec.android.app.shealth,2020-07-14 17:32:00.000,2020-07-14 17:32:00.000,40002,UTC+0900,f78724fd-3f08-0cba-cb23-27d09fcdcd30,29757812-14c4-4358-cad1-d9cbcc6893af,,2020-07-14 17:32:00.000,xUcHHNl7co,
2020-07-14 18:02:00.000,com.sec.android.app.shealth,2020-07-14 18:10:00.000,2020-07-14 18:10:00.000,40002,UTC+0900,7b9a946d-7860-982a-1f86-563b98bc428a,29757812-14c4-4358-cad1-d9cbcc6893af,,2020-07-14 18:10:00.000,xUcHHNl7co,
2020-07-12 18:25:00.000,com.sec.android.app.shealth,2020-07-12 18:26:00.000,2020-07-12 18:26:00.000,40001,UTC+0900,2b2e2340-2f86-5aa5-9577-7e353a0a58a6,8cdf53ac-8c48-1cdf-0eee-876a3eff1847,,2020-07-12 18:26:00.000,xUcHHNl7co,
2020-07-14 18:41:00.000,com.sec.android.app.shealth,2020-07-14 18:42:00.000,2020-07-14 18:42:00.000,40002,UTC+0900,b28273ae-3257-2a37-be76-bc471042c886,29757812-14c4-4358-cad1-d9cbcc6893af,,2020-07-14 18:42:00.000,xUcHHNl7co,
2020-07-14 17:56:00.000,com.sec.android.app.shealth,2020-07-14 17:57:00.000,2020-07-14 17:57:00.000,40001,UTC+0900,98820c26-af71-b718-a82c-0b0c8d65ff57,29757812-14c4-4358-cad1-d9cbcc6893af,,2020-07-14 17:57:00.000,xUcHHNl7co,
2020-07-14 19:01:00.000,com.sec.android.app.shealth,2020-07-14 19:02:00.000,2020-07-14 19:02:00.000,40001,UTC+0900,c4d3ed0d-5363-e629-d72f-a1c9ac5eac88,29757812-14c4-4358-cad1-d9cbcc6893af,,2020-07-14 19:02:00.000,xUcHHNl7co,
2020-07-14 19:37:00.000,com.sec.android.app.shealth,2020-07-14 19:38:00.000,2020-07-14 19:38:00.000,40001,UTC+0900,12f6f2f5-b29b-7b4c-f891-07ead3a8be96,29757812-14c4-4358-cad1-d9cbcc6893af,,2020-07-14 19:38:00.000,xUcHHNl7co,
2020-07-14 20:30:00.000,com.sec.android.app.shealth,2020-07-14 20:51:00.000,2020-07-14 20:51:00.000,40004,UTC+0900,d82ea333-e5c2-a471-2ac1-43190ea8e145,29757812-14c4-4358-cad1-d9cbcc6893af,,2020-07-14 20:51:00.000,xUcHHNl7co,
2020-07-14 17:49:00.000,com.sec.android.app.shealth,2020-07-14 17:56:00.000,2020-07-14 17:56:00.000,40002,UTC+0900,679b4d21-8921-ebf1-bbdb-7dd8c523c3a3,29757812-14c4-4358-cad1-d9cbcc6893af,,2020-07-14 17:56:00.000,xUcHHNl7co,
2020-07-12 18:36:00.000,com.sec.android.app.shealth,2020-07-12 18:37:00.000,2020-07-12 18:37:00.000,40001,UTC+0900,13208257-17ab-dae2-1279-c120720d334c,8cdf53ac-8c48-1cdf-0eee-876a3eff1847,,2020-07-12 18:37:00.000,xUcHHNl7co,
2020-07-12 18:42:00.000,com.sec.android.app.shealth,2020-07-12 18:43:00.000,2020-07-12 18:43:00.000,40001,UTC+0900,ace677a2-1797-7855-e5ee-0fcafd110464,8cdf53ac-8c48-1cdf-0eee-876a3eff1847,,2020-07-12 18:43:00.000,xUcHHNl7co,
2020-07-12 18:59:00.000,com.sec.android.app.shealth,2020-07-12 19:13:00.000,2020-07-12 19:13:00.000,40003,UTC+0900,87abca59-364c-507d-d370-cb2f3b5cb29a,8cdf53ac-8c48-1cdf-0eee-876a3eff1847,,2020-07-12 19:13:00.000,xUcHHNl7co,
2020-07-12 19:33:00.000,com.sec.android.app.shealth,2020-07-12 19:35:00.000,2020-07-12 19:35:00.000,40001,UTC+0900,55fa6e31-1328-3144-4c5e-87fa9f71fcc5,8cdf53ac-8c48-1cdf-0eee-876a3eff1847,,2020-07-12 19:35:00.000,xUcHHNl7co,
2020-07-14 21:17:00.000,com.sec.android.app.shealth,2020-07-14 21:19:00.000,2020-07-14 21:19:00.000,40002,UTC+0900,a310ba1d-3d76-95d5-2352-f698efc4997d,29757812-14c4-4358-cad1-d9cbcc6893af,,2020-07-14 21:19:00.000,xUcHHNl7co,
2020-07-12 19:47:00.000,com.sec.android.app.shealth,2020-07-12 19:50:00.000,2020-07-12 19:50:00.000,40001,UTC+0900,8685ce2f-fb0e-5184-80fd-a89e9c51f9dc,8cdf53ac-8c48-1cdf-0eee-876a3eff1847,,2020-07-12 19:50:00.000,xUcHHNl7co,
2020-07-15 16:27:00.000,com.sec.android.app.shealth,2020-07-15 16:28:00.000,2020-07-15 16:28:00.000,40001,UTC+0900,dbe83212-b967-3da2-f0f5-ce58fbffdac2,a8a191ff-ecfb-b4f2-988c-bd8762467288,,2020-07-15 16:28:00.000,xUcHHNl7co,
2020-07-14 18:12:00.000,com.sec.android.app.shealth,2020-07-14 18:21:00.000,2020-07-14 18:21:00.000,40002,UTC+0900,7a739346-e114-bb59-e151-44cf4b65a758,29757812-14c4-4358-cad1-d9cbcc6893af,,2020-07-14 18:21:00.000,xUcHHNl7co,
2020-07-15 17:10:00.000,com.sec.android.app.shealth,2020-07-15 17:19:00.000,2020-07-15 17:19:00.000,40004,UTC+0900,dc1efb1f-2eac-a22c-c154-6efb16ec021f,a8a191ff-ecfb-b4f2-988c-bd8762467288,,2020-07-15 17:19:00.000,xUcHHNl7co,
2020-07-14 18:43:00.000,com.sec.android.app.shealth,2020-07-14 18:44:00.000,2020-07-14 18:44:00.000,40002,UTC+0900,e4d3fedb-0c7f-a26b-fcb1-106dd37d41df,29757812-14c4-4358-cad1-d9cbcc6893af,,2020-07-14 18:44:00.000,xUcHHNl7co,
2020-07-14 18:10:00.000,com.sec.android.app.shealth,2020-07-14 18:12:00.000,2020-07-14 18:12:00.000,40001,UTC+0900,4d89b4e6-6f0b-7d82-c68e-5818b8b34633,29757812-14c4-4358-cad1-d9cbcc6893af,,2020-07-14 18:12:00.000,xUcHHNl7co,
2020-07-15 17:45:00.000,com.sec.android.app.shealth,2020-07-15 17:46:00.000,2020-07-15 17:46:00.000,40001,UTC+0900,699cc313-0983-3708-2dcd-d4616fb4715a,a8a191ff-ecfb-b4f2-988c-bd8762467288,,2020-07-15 17:46:00.000,xUcHHNl7co,
2020-07-12 20:15:00.000,com.sec.android.app.shealth,2020-07-12 20:33:00.000,2020-07-12 20:33:00.000,40004,UTC+0900,10d2f146-d232-8163-29f5-623498b299bc,8cdf53ac-8c48-1cdf-0eee-876a3eff1847,,2020-07-12 20:33:00.000,xUcHHNl7co,
2020-07-14 18:42:00.000,com.sec.android.app.shealth,2020-07-14 18:43:00.000,2020-07-14 18:43:00.000,40001,UTC+0900,28003d16-8c2b-7325-8684-ec48f3e121bd,29757812-14c4-4358-cad1-d9cbcc6893af,,2020-07-14 18:43:00.000,xUcHHNl7co,
2020-07-12 20:42:00.000,com.sec.android.app.shealth,2020-07-12 20:58:00.000,2020-07-12 20:58:00.000,40004,UTC+0900,99de6b07-2c3a-2c71-1442-9fbc024eea70,8cdf53ac-8c48-1cdf-0eee-876a3eff1847,,2020-07-12 20:58:00.000,xUcHHNl7co,
2020-07-14 19:02:00.000,com.sec.android.app.shealth,2020-07-14 19:22:00.000,2020-07-14 19:22:00.000,40002,UTC+0900,7ec930e2-29c1-babb-1ee3-049e1207932a,29757812-14c4-4358-cad1-d9cbcc6893af,,2020-07-14 19:22:00.000,xUcHHNl7co,
2020-07-14 19:22:00.000,com.sec.android.app.shealth,2020-07-14 19:24:00.000,2020-07-14 19:24:00.000,40001,UTC+0900,59621abc-fd95-e266-77cf-59d418009365,29757812-14c4-4358-cad1-d9cbcc6893af,,2020-07-14 19:24:00.000,xUcHHNl7co,
2020-07-14 19:38:00.000,com.sec.android.app.shealth,2020-07-14 19:49:00.000,2020-07-14 19:49:00.000,40004,UTC+0900,d80d9399-c0fc-ed99-000d-2704d00c3b05,29757812-14c4-4358-cad1-d9cbcc6893af,,2020-07-14 19:49:00.000,xUcHHNl7co,
2020-07-14 20:51:00.000,com.sec.android.app.shealth,2020-07-14 20:52:00.000,2020-07-14 20:52:00.000,40001,UTC+0900,60914a61-919a-e530-e9ed-827034ea03ac,29757812-14c4-4358-cad1-d9cbcc6893af,,2020-07-14 20:52:00.000,xUcHHNl7co,
2020-07-15 15:45:00.000,com.sec.android.app.shealth,2020-07-15 15:57:00.000,2020-07-15 15:57:00.000,40001,UTC+0900,2b639411-270f-79dd-df75-47427dd93147,a8a191ff-ecfb-b4f2-988c-bd8762467288,,2020-07-15 15:57:00.000,xUcHHNl7co,
2020-07-15 16:28:00.000,com.sec.android.app.shealth,2020-07-15 16:34:00.000,2020-07-15 16:34:00.000,40002,UTC+0900,70402373-b551-fa4c-c859-43fd2742ed4a,a8a191ff-ecfb-b4f2-988c-bd8762467288,,2020-07-15 16:34:00.000,xUcHHNl7co,
2020-07-14 19:49:00.000,com.sec.android.app.shealth,2020-07-14 19:53:00.000,2020-07-14 19:53:00.000,40002,UTC+0900,b7a82f00-db54-90ee-decb-fb5f9d429d5c,29757812-14c4-4358-cad1-d9cbcc6893af,,2020-07-14 19:53:00.000,xUcHHNl7co,
2020-07-15 17:19:00.000,com.sec.android.app.shealth,2020-07-15 17:20:00.000,2020-07-15 17:20:00.000,40001,UTC+0900,40987049-b98d-a509-b5fb-5133ab2aa497,a8a191ff-ecfb-b4f2-988c-bd8762467288,,2020-07-15 17:20:00.000,xUcHHNl7co,
2020-07-15 17:46:00.000,com.sec.android.app.shealth,2020-07-15 17:49:00.000,2020-07-15 17:49:00.000,40003,UTC+0900,5a3b4fd4-bebc-a734-9c64-37150a735160,a8a191ff-ecfb-b4f2-988c-bd8762467288,,2020-07-15 17:49:00.000,xUcHHNl7co,
2020-07-15 18:35:00.000,com.sec.android.app.shealth,2020-07-15 18:59:00.000,2020-07-15 18:59:00.000,40004,UTC+0900,72f3c1e4-8740-2665-3110-01dccf69068a,a8a191ff-ecfb-b4f2-988c-bd8762467288,,2020-07-15 18:59:00.000,xUcHHNl7co,
2020-07-13 17:07:00.000,com.sec.android.app.shealth,2020-07-13 17:13:00.000,2020-07-13 17:13:00.000,40002,UTC+0900,46b5f1ec-8054-6901-f1e2-a166a0adeef8,23923548-7193-3aa0-15a9-37beb54cc8e2,,2020-07-13 17:13:00.000,xUcHHNl7co,
2020-07-15 18:31:00.000,com.sec.android.app.shealth,2020-07-15 18:35:00.000,2020-07-15 18:35:00.000,40002,UTC+0900,a52844aa-38dc-b0af-ecbe-1b081a7cc0a8,a8a191ff-ecfb-b4f2-988c-bd8762467288,,2020-07-15 18:35:00.000,xUcHHNl7co,
2020-07-15 19:14:00.000,com.sec.android.app.shealth,2020-07-15 19:19:00.000,2020-07-15 19:19:00.000,40002,UTC+0900,496e1477-3199-9261-bf3d-679dd78910ac,a8a191ff-ecfb-b4f2-988c-bd8762467288,,2020-07-15 19:19:00.000,xUcHHNl7co,
2020-07-14 20:52:00.000,com.sec.android.app.shealth,2020-07-14 21:11:00.000,2020-07-14 21:11:00.000,40004,UTC+0900,235d51d5-e8b3-e3d1-e0bb-92aa93e57035,29757812-14c4-4358-cad1-d9cbcc6893af,,2020-07-14 21:11:00.000,xUcHHNl7co,
2020-07-13 17:38:00.000,com.sec.android.app.shealth,2020-07-13 17:39:00.000,2020-07-13 17:39:00.000,40001,UTC+0900,5cafd775-58e6-c059-3bfb-8c9fe9ae1d8d,23923548-7193-3aa0-15a9-37beb54cc8e2,,2020-07-13 17:39:00.000,xUcHHNl7co,
2020-07-15 19:13:00.000,com.sec.android.app.shealth,2020-07-15 19:14:00.000,2020-07-15 19:14:00.000,40001,UTC+0900,92e06775-3f4a-06db-4845-36a2b12f25ea,a8a191ff-ecfb-b4f2-988c-bd8762467288,,2020-07-15 19:14:00.000,xUcHHNl7co,
2020-07-15 19:46:00.000,com.sec.android.app.shealth,2020-07-15 19:47:00.000,2020-07-15 19:47:00.000,40002,UTC+0900,0ae65f2b-e2df-eb0b-c761-a0132553df36,a8a191ff-ecfb-b4f2-988c-bd8762467288,,2020-07-15 19:47:00.000,xUcHHNl7co,
2020-07-15 20:06:00.000,com.sec.android.app.shealth,2020-07-15 20:14:00.000,2020-07-15 20:14:00.000,40002,UTC+0900,9450cdee-ff91-425b-e3cb-05a8d3a1a6b5,a8a191ff-ecfb-b4f2-988c-bd8762467288,,2020-07-15 20:14:00.000,xUcHHNl7co,
2020-07-13 18:06:00.000,com.sec.android.app.shealth,2020-07-13 18:07:00.000,2020-07-13 18:07:00.000,40001,UTC+0900,3a1aa505-8ca8-a9f2-9188-758a5d0d20ad,23923548-7193-3aa0-15a9-37beb54cc8e2,,2020-07-13 18:07:00.000,xUcHHNl7co,
2020-07-15 19:40:00.000,com.sec.android.app.shealth,2020-07-15 19:46:00.000,2020-07-15 19:46:00.000,40001,UTC+0900,7d9fa90d-8364-fad2-8c07-4b949383708d,a8a191ff-ecfb-b4f2-988c-bd8762467288,,2020-07-15 19:46:00.000,xUcHHNl7co,
2020-07-15 20:31:00.000,com.sec.android.app.shealth,2020-07-15 20:38:00.000,2020-07-15 20:38:00.000,40004,UTC+0900,25a1e706-a569-6cdf-cdb3-b2538e576f87,a8a191ff-ecfb-b4f2-988c-bd8762467288,,2020-07-15 20:38:00.000,xUcHHNl7co,
2020-07-15 21:18:00.000,com.sec.android.app.shealth,2020-07-15 21:19:00.000,2020-07-15 21:19:00.000,40001,UTC+0900,46d043e2-2119-70f4-0688-173b4e570dd1,a8a191ff-ecfb-b4f2-988c-bd8762467288,,2020-07-15 21:19:00.000,xUcHHNl7co,
2020-07-15 21:40:00.000,com.sec.android.app.shealth,2020-07-15 21:48:00.000,2020-07-15 21:48:00.000,40003,UTC+0900,8a895241-0889-7068-7aae-1644d0b9ddc0,a8a191ff-ecfb-b4f2-988c-bd8762467288,,2020-07-15 21:48:00.000,xUcHHNl7co,
2020-07-15 20:03:00.000,com.sec.android.app.shealth,2020-07-15 20:06:00.000,2020-07-15 20:06:00.000,40003,UTC+0900,cf0adc68-61f2-4a0f-7639-16e13d49e7ca,a8a191ff-ecfb-b4f2-988c-bd8762467288,,2020-07-15 20:06:00.000,xUcHHNl7co,
2020-07-13 18:17:00.000,com.sec.android.app.shealth,2020-07-13 18:25:00.000,2020-07-13 18:25:00.000,40001,UTC+0900,39991c1d-a9f1-ae8d-a13e-6ae8f08d6ba5,23923548-7193-3aa0-15a9-37beb54cc8e2,,2020-07-13 18:25:00.000,xUcHHNl7co,
2020-07-15 20:30:00.000,com.sec.android.app.shealth,2020-07-15 20:31:00.000,2020-07-15 20:31:00.000,40001,UTC+0900,31651dce-f606-e076-1d97-960ade6ce296,a8a191ff-ecfb-b4f2-988c-bd8762467288,,2020-07-15 20:31:00.000,xUcHHNl7co,
2020-07-16 17:08:00.000,com.sec.android.app.shealth,2020-07-16 17:10:00.000,2020-07-16 17:10:00.000,40003,UTC+0900,bcbbae6c-b3cb-d9bd-715c-bf68a6a6dd7b,873df786-ffa2-d4a2-d421-859b97ae4512,,2020-07-16 17:10:00.000,xUcHHNl7co,
2020-07-13 18:33:00.000,com.sec.android.app.shealth,2020-07-13 18:35:00.000,2020-07-13 18:35:00.000,40001,UTC+0900,678819ff-8ba7-1048-b4b4-54b4b66f7f09,23923548-7193-3aa0-15a9-37beb54cc8e2,,2020-07-13 18:35:00.000,xUcHHNl7co,
2020-07-13 18:50:00.000,com.sec.android.app.shealth,2020-07-13 18:51:00.000,2020-07-13 18:51:00.000,40001,UTC+0900,fea8792c-fc65-3b99-3bc9-8e36c96f37e4,23923548-7193-3aa0-15a9-37beb54cc8e2,,2020-07-13 18:51:00.000,xUcHHNl7co,
2020-07-15 20:52:00.000,com.sec.android.app.shealth,2020-07-15 21:18:00.000,2020-07-15 21:18:00.000,40002,UTC+0900,0c26bc47-70f6-f8e9-83f1-4373593cc45e,a8a191ff-ecfb-b4f2-988c-bd8762467288,,2020-07-15 21:18:00.000,xUcHHNl7co,
2020-07-15 21:28:00.000,com.sec.android.app.shealth,2020-07-15 21:40:00.000,2020-07-15 21:40:00.000,40002,UTC+0900,a3069b62-2a4c-e82a-4ca7-7de28df23e52,a8a191ff-ecfb-b4f2-988c-bd8762467288,,2020-07-15 21:40:00.000,xUcHHNl7co,
2020-07-13 19:18:00.000,com.sec.android.app.shealth,2020-07-13 19:19:00.000,2020-07-13 19:19:00.000,40001,UTC+0900,bf8ab3c3-ceff-2bd6-5815-cea9dfb882c0,23923548-7193-3aa0-15a9-37beb54cc8e2,,2020-07-13 19:19:00.000,xUcHHNl7co,
2020-07-16 17:39:00.000,com.sec.android.app.shealth,2020-07-16 17:42:00.000,2020-07-16 17:42:00.000,40002,UTC+0900,aa62aedf-cb03-b6fd-f953-51ade5146928,873df786-ffa2-d4a2-d421-859b97ae4512,,2020-07-16 17:42:00.000,xUcHHNl7co,
2020-07-16 16:54:00.000,com.sec.android.app.shealth,2020-07-16 17:08:00.000,2020-07-16 17:08:00.000,40002,UTC+0900,7d70288a-4f4b-3670-78e7-c9705232e21c,873df786-ffa2-d4a2-d421-859b97ae4512,,2020-07-16 17:08:00.000,xUcHHNl7co,
2020-07-16 17:38:00.000,com.sec.android.app.shealth,2020-07-16 17:39:00.000,2020-07-16 17:39:00.000,40001,UTC+0900,7ee577ca-9cc5-e895-e755-faf122e0f191,873df786-ffa2-d4a2-d421-859b97ae4512,,2020-07-16 17:39:00.000,xUcHHNl7co,
2020-07-16 17:54:00.000,com.sec.android.app.shealth,2020-07-16 18:03:00.000,2020-07-16 18:03:00.000,40002,UTC+0900,213a996a-77e1-7435-eda7-4475d322f32c,873df786-ffa2-d4a2-d421-859b97ae4512,,2020-07-16 18:03:00.000,xUcHHNl7co,
2020-07-13 19:28:00.000,com.sec.android.app.shealth,2020-07-13 19:33:00.000,2020-07-13 19:33:00.000,40001,UTC+0900,dc14a60c-6125-e121-7d14-d5d2f1905b22,23923548-7193-3aa0-15a9-37beb54cc8e2,,2020-07-13 19:33:00.000,xUcHHNl7co,
2020-07-15 15:57:00.000,com.sec.android.app.shealth,2020-07-15 16:11:00.000,2020-07-15 16:11:00.000,40003,UTC+0900,2e712779-bcfc-a2ae-89d5-29db77e1c443,a8a191ff-ecfb-b4f2-988c-bd8762467288,,2020-07-15 16:11:00.000,xUcHHNl7co,
2020-07-16 18:32:00.000,com.sec.android.app.shealth,2020-07-16 18:41:00.000,2020-07-16 18:41:00.000,40002,UTC+0900,25a7d000-8d0c-b48e-c6a6-fe5081b75141,873df786-ffa2-d4a2-d421-859b97ae4512,,2020-07-16 18:41:00.000,xUcHHNl7co,
2020-07-16 18:03:00.000,com.sec.android.app.shealth,2020-07-16 18:04:00.000,2020-07-16 18:04:00.000,40001,UTC+0900,5b0d0616-c6cc-eee9-51b6-1c89a8852791,873df786-ffa2-d4a2-d421-859b97ae4512,,2020-07-16 18:04:00.000,xUcHHNl7co,
2020-07-13 19:42:00.000,com.sec.android.app.shealth,2020-07-13 19:43:00.000,2020-07-13 19:43:00.000,40001,UTC+0900,f656cd8e-9bdc-36fe-51b9-589429bf71c2,23923548-7193-3aa0-15a9-37beb54cc8e2,,2020-07-13 19:43:00.000,xUcHHNl7co,
2020-07-16 18:41:00.000,com.sec.android.app.shealth,2020-07-16 18:42:00.000,2020-07-16 18:42:00.000,40001,UTC+0900,fdbf4ccc-9202-c972-a671-12d66a238ca6,873df786-ffa2-d4a2-d421-859b97ae4512,,2020-07-16 18:42:00.000,xUcHHNl7co,
2020-07-13 20:06:00.000,com.sec.android.app.shealth,2020-07-13 20:07:00.000,2020-07-13 20:07:00.000,40001,UTC+0900,25586101-f9c5-9297-d1c8-e9e568752a5a,23923548-7193-3aa0-15a9-37beb54cc8e2,,2020-07-13 20:07:00.000,xUcHHNl7co,
2020-07-16 19:26:00.000,com.sec.android.app.shealth,2020-07-16 19:28:00.000,2020-07-16 19:28:00.000,40002,UTC+0900,f1636fe7-6f9e-77e2-dc98-56ac207e2597,873df786-ffa2-d4a2-d421-859b97ae4512,,2020-07-16 19:28:00.000,xUcHHNl7co,
2020-07-16 19:45:00.000,com.sec.android.app.shealth,2020-07-16 19:55:00.000,2020-07-16 19:55:00.000,40003,UTC+0900,18e817f3-1879-1f1f-be6b-d00a34110fdb,873df786-ffa2-d4a2-d421-859b97ae4512,,2020-07-16 19:55:00.000,xUcHHNl7co,
2020-07-15 16:34:00.000,com.sec.android.app.shealth,2020-07-15 16:39:00.000,2020-07-15 16:39:00.000,40001,UTC+0900,9cd9139a-152e-3b99-9582-161741f12080,a8a191ff-ecfb-b4f2-988c-bd8762467288,,2020-07-15 16:39:00.000,xUcHHNl7co,
2020-07-16 21:03:00.000,com.sec.android.app.shealth,2020-07-16 21:06:00.000,2020-07-16 21:06:00.000,40001,UTC+0900,05dd689e-4430-78d7-42ff-62c22025adfe,873df786-ffa2-d4a2-d421-859b97ae4512,,2020-07-16 21:06:00.000,xUcHHNl7co,
2020-07-13 20:33:00.000,com.sec.android.app.shealth,2020-07-13 20:47:00.000,2020-07-13 20:47:00.000,40002,UTC+0900,9984b9e8-8fb7-fa5a-6e12-7bc5a250f64e,23923548-7193-3aa0-15a9-37beb54cc8e2,,2020-07-13 20:47:00.000,xUcHHNl7co,
2020-07-16 21:41:00.000,com.sec.android.app.shealth,2020-07-16 21:42:00.000,2020-07-16 21:42:00.000,40001,UTC+0900,ca520280-1ff9-73af-7f74-557aa0d05a52,873df786-ffa2-d4a2-d421-859b97ae4512,,2020-07-16 21:42:00.000,xUcHHNl7co,
2020-07-16 19:25:00.000,com.sec.android.app.shealth,2020-07-16 19:26:00.000,2020-07-16 19:26:00.000,40001,UTC+0900,281eca1d-ebd6-c98e-03e6-8d68b1cdd6e4,873df786-ffa2-d4a2-d421-859b97ae4512,,2020-07-16 19:26:00.000,xUcHHNl7co,
2020-07-13 21:25:00.000,com.sec.android.app.shealth,2020-07-13 21:29:00.000,2020-07-13 21:29:00.000,40002,UTC+0900,e77f6679-5c1e-7ed7-5698-83a76f48bc04,23923548-7193-3aa0-15a9-37beb54cc8e2,,2020-07-13 21:29:00.000,xUcHHNl7co,
2020-07-12 08:06:00.000,com.sec.android.app.shealth,2020-07-12 08:07:00.000,2020-07-12 08:07:00.000,40002,UTC+0900,36e1e12c-7a68-0a64-a07c-28823bcd1e39,c1342020-546f-7524-6996-60d5039c026a,,2020-07-12 08:07:00.000,xUcHHNl7co,
2020-07-13 21:45:00.000,com.sec.android.app.shealth,2020-07-13 21:55:00.000,2020-07-13 21:55:00.000,40004,UTC+0900,434b86f8-528e-aaad-ad53-0014933009f0,23923548-7193-3aa0-15a9-37beb54cc8e2,,2020-07-13 21:55:00.000,xUcHHNl7co,
2020-07-12 08:35:00.000,com.sec.android.app.shealth,2020-07-12 08:43:00.000,2020-07-12 08:43:00.000,40004,UTC+0900,56975a82-9605-58eb-cdcd-d6de7eb266c6,c1342020-546f-7524-6996-60d5039c026a,,2020-07-12 08:43:00.000,xUcHHNl7co,
2020-07-15 17:20:00.000,com.sec.android.app.shealth,2020-07-15 17:30:00.000,2020-07-15 17:30:00.000,40004,UTC+0900,14f28d09-b4ff-876f-5c7f-5f3a052669a8,a8a191ff-ecfb-b4f2-988c-bd8762467288,,2020-07-15 17:30:00.000,xUcHHNl7co,
2020-07-14 17:09:00.000,com.sec.android.app.shealth,2020-07-14 17:13:00.000,2020-07-14 17:13:00.000,40002,UTC+0900,5187d9c2-ff75-98ac-8553-a8379152d10e,29757812-14c4-4358-cad1-d9cbcc6893af,,2020-07-14 17:13:00.000,xUcHHNl7co,
2020-07-14 17:37:00.000,com.sec.android.app.shealth,2020-07-14 17:39:00.000,2020-07-14 17:39:00.000,40002,UTC+0900,93616345-3ed0-a5cf-fe89-f9ab8309884a,29757812-14c4-4358-cad1-d9cbcc6893af,,2020-07-14 17:39:00.000,xUcHHNl7co,
2020-07-16 19:44:00.000,com.sec.android.app.shealth,2020-07-16 19:45:00.000,2020-07-16 19:45:00.000,40001,UTC+0900,39e7bc10-2f6b-a5b0-78e0-0a8a6fbd6b1f,873df786-ffa2-d4a2-d421-859b97ae4512,,2020-07-16 19:45:00.000,xUcHHNl7co,
2020-07-14 17:57:00.000,com.sec.android.app.shealth,2020-07-14 17:59:00.000,2020-07-14 17:59:00.000,40003,UTC+0900,4b37a401-848e-26f2-1773-c85e8a787e08,29757812-14c4-4358-cad1-d9cbcc6893af,,2020-07-14 17:59:00.000,xUcHHNl7co,
2020-07-16 20:32:00.000,com.sec.android.app.shealth,2020-07-16 21:03:00.000,2020-07-16 21:03:00.000,40004,UTC+0900,90ebce35-099c-95f1-95e9-f560c5af021c,873df786-ffa2-d4a2-d421-859b97ae4512,,2020-07-16 21:03:00.000,xUcHHNl7co,
2020-07-14 18:21:00.000,com.sec.android.app.shealth,2020-07-14 18:25:00.000,2020-07-14 18:25:00.000,40003,UTC+0900,566f5db9-b379-ef0a-fcc8-5858ce3e6a6a,29757812-14c4-4358-cad1-d9cbcc6893af,,2020-07-14 18:25:00.000,xUcHHNl7co,
2020-07-12 09:19:00.000,com.sec.android.app.shealth,2020-07-12 09:36:00.000,2020-07-12 09:36:00.000,40002,UTC+0900,d5325b23-6dfb-62f9-7369-8be99b49f93c,c1342020-546f-7524-6996-60d5039c026a,,2020-07-12 09:36:00.000,xUcHHNl7co,
2020-07-12 17:43:00.000,com.sec.android.app.shealth,2020-07-12 17:52:00.000,2020-07-12 17:52:00.000,40002,UTC+0900,a715d5dc-17e8-d1e7-1e30-4f633361f72b,8cdf53ac-8c48-1cdf-0eee-876a3eff1847,,2020-07-12 17:52:00.000,xUcHHNl7co,
2020-07-12 18:16:00.000,com.sec.android.app.shealth,2020-07-12 18:19:00.000,2020-07-12 18:19:00.000,40002,UTC+0900,841e872d-44d2-73b5-b30d-fef3ad4fff6f,8cdf53ac-8c48-1cdf-0eee-876a3eff1847,,2020-07-12 18:19:00.000,xUcHHNl7co,
2020-07-14 18:44:00.000,com.sec.android.app.shealth,2020-07-14 18:45:00.000,2020-07-14 18:45:00.000,40001,UTC+0900,f3c4e200-2a9f-961d-5f9d-779ede75a1b0,29757812-14c4-4358-cad1-d9cbcc6893af,,2020-07-14 18:45:00.000,xUcHHNl7co,
2020-07-14 19:24:00.000,com.sec.android.app.shealth,2020-07-14 19:27:00.000,2020-07-14 19:27:00.000,40002,UTC+0900,9dde2120-be0e-1ee2-32af-5f3ccab467f7,29757812-14c4-4358-cad1-d9cbcc6893af,,2020-07-14 19:27:00.000,xUcHHNl7co,
2020-07-12 08:07:00.000,com.sec.android.app.shealth,2020-07-12 08:08:00.000,2020-07-12 08:08:00.000,40001,UTC+0900,8d4ac047-3247-a50b-63f2-b326aa253f54,c1342020-546f-7524-6996-60d5039c026a,,2020-07-12 08:08:00.000,xUcHHNl7co,
2020-07-14 19:53:00.000,com.sec.android.app.shealth,2020-07-14 20:06:00.000,2020-07-14 20:06:00.000,40003,UTC+0900,08b602cf-27a3-6097-a62a-642b1134847e,29757812-14c4-4358-cad1-d9cbcc6893af,,2020-07-14 20:06:00.000,xUcHHNl7co,
2020-07-12 08:43:00.000,com.sec.android.app.shealth,2020-07-12 08:49:00.000,2020-07-12 08:49:00.000,40002,UTC+0900,9d9a01b6-072f-1dab-a5c1-3381aeb84240,c1342020-546f-7524-6996-60d5039c026a,,2020-07-12 08:49:00.000,xUcHHNl7co,
2020-07-14 21:11:00.000,com.sec.android.app.shealth,2020-07-14 21:12:00.000,2020-07-14 21:12:00.000,40001,UTC+0900,c7444d37-2bb4-0b08-db19-b13a1252418d,29757812-14c4-4358-cad1-d9cbcc6893af,,2020-07-14 21:12:00.000,xUcHHNl7co,
2020-07-15 17:49:00.000,com.sec.android.app.shealth,2020-07-15 18:08:00.000,2020-07-15 18:08:00.000,40002,UTC+0900,2b0cdfa1-5261-1c5f-4d22-680c8c6686b8,a8a191ff-ecfb-b4f2-988c-bd8762467288,,2020-07-15 18:08:00.000,xUcHHNl7co,
2020-07-15 18:59:00.000,com.sec.android.app.shealth,2020-07-15 19:00:00.000,2020-07-15 19:00:00.000,40001,UTC+0900,febaddc0-6650-d556-f989-555c5f1c0754,a8a191ff-ecfb-b4f2-988c-bd8762467288,,2020-07-15 19:00:00.000,xUcHHNl7co,
2020-07-15 19:19:00.000,com.sec.android.app.shealth,2020-07-15 19:31:00.000,2020-07-15 19:31:00.000,40003,UTC+0900,0cfe1213-14a2-1bc7-f500-edd210070439,a8a191ff-ecfb-b4f2-988c-bd8762467288,,2020-07-15 19:31:00.000,xUcHHNl7co,
2020-07-15 19:47:00.000,com.sec.android.app.shealth,2020-07-15 19:49:00.000,2020-07-15 19:49:00.000,40001,UTC+0900,89f1cee0-775d-fa78-10da-6d5877d32d39,a8a191ff-ecfb-b4f2-988c-bd8762467288,,2020-07-15 19:49:00.000,xUcHHNl7co,
2020-07-12 09:36:00.000,com.sec.android.app.shealth,2020-07-12 09:37:00.000,2020-07-12 09:37:00.000,40001,UTC+0900,6e1e46d8-1779-45d6-ac23-741739a25eac,c1342020-546f-7524-6996-60d5039c026a,,2020-07-12 09:37:00.000,xUcHHNl7co,
2020-07-16 21:36:00.000,com.sec.android.app.shealth,2020-07-16 21:41:00.000,2020-07-16 21:41:00.000,40002,UTC+0900,074a7bc1-8104-ef37-05ed-22fd9c7f230b,873df786-ffa2-d4a2-d421-859b97ae4512,,2020-07-16 21:41:00.000,xUcHHNl7co,
2020-07-12 17:52:00.000,com.sec.android.app.shealth,2020-07-12 17:55:00.000,2020-07-12 17:55:00.000,40001,UTC+0900,bed94053-d662-d133-d925-6c62352ad12d,8cdf53ac-8c48-1cdf-0eee-876a3eff1847,,2020-07-12 17:55:00.000,xUcHHNl7co,
2020-07-15 20:14:00.000,com.sec.android.app.shealth,2020-07-15 20:16:00.000,2020-07-15 20:16:00.000,40001,UTC+0900,9e0de145-057d-7371-756b-f596dad05333,a8a191ff-ecfb-b4f2-988c-bd8762467288,,2020-07-15 20:16:00.000,xUcHHNl7co,
2020-07-15 16:11:00.000,com.sec.android.app.shealth,2020-07-15 16:22:00.000,2020-07-15 16:22:00.000,40002,UTC+0900,0818e43b-a8b5-c623-b5e7-79e66e2b10ef,a8a191ff-ecfb-b4f2-988c-bd8762467288,,2020-07-15 16:22:00.000,xUcHHNl7co,
2020-07-12 18:19:00.000,com.sec.android.app.shealth,2020-07-12 18:20:00.000,2020-07-12 18:20:00.000,40001,UTC+0900,869d172c-952a-31a6-3d45-0cce3f92f300,8cdf53ac-8c48-1cdf-0eee-876a3eff1847,,2020-07-12 18:20:00.000,xUcHHNl7co,
2020-07-12 18:31:00.000,com.sec.android.app.shealth,2020-07-12 18:32:00.000,2020-07-12 18:32:00.000,40001,UTC+0900,b2df7ec5-7669-df76-bb8b-a0f1200ab126,8cdf53ac-8c48-1cdf-0eee-876a3eff1847,,2020-07-12 18:32:00.000,xUcHHNl7co,
2020-07-12 18:38:00.000,com.sec.android.app.shealth,2020-07-12 18:39:00.000,2020-07-12 18:39:00.000,40001,UTC+0900,7c74b338-f017-408a-690f-eaff43ef05c4,8cdf53ac-8c48-1cdf-0eee-876a3eff1847,,2020-07-12 18:39:00.000,xUcHHNl7co,
2020-07-12 18:26:00.000,com.sec.android.app.shealth,2020-07-12 18:31:00.000,2020-07-12 18:31:00.000,40002,UTC+0900,eef9465c-e66c-119d-3ea3-1658f3815d46,8cdf53ac-8c48-1cdf-0eee-876a3eff1847,,2020-07-12 18:31:00.000,xUcHHNl7co,
2020-07-15 20:38:00.000,com.sec.android.app.shealth,2020-07-15 20:39:00.000,2020-07-15 20:39:00.000,40001,UTC+0900,55c15d6e-84a6-34a8-bdbf-5edecdfb2b60,a8a191ff-ecfb-b4f2-988c-bd8762467288,,2020-07-15 20:39:00.000,xUcHHNl7co,
2020-07-12 18:37:00.000,com.sec.android.app.shealth,2020-07-12 18:38:00.000,2020-07-12 18:38:00.000,40002,UTC+0900,84981a61-f293-365c-e49a-f3c297e7b065,8cdf53ac-8c48-1cdf-0eee-876a3eff1847,,2020-07-12 18:38:00.000,xUcHHNl7co,
2020-07-12 18:50:00.000,com.sec.android.app.shealth,2020-07-12 18:52:00.000,2020-07-12 18:52:00.000,40001,UTC+0900,26d6ce91-c021-d5b2-fef0-68f15a707ceb,8cdf53ac-8c48-1cdf-0eee-876a3eff1847,,2020-07-12 18:52:00.000,xUcHHNl7co,
2020-07-12 19:15:00.000,com.sec.android.app.shealth,2020-07-12 19:17:00.000,2020-07-12 19:17:00.000,40003,UTC+0900,9056bd72-ddb2-fde6-4cb1-f64e295460bb,8cdf53ac-8c48-1cdf-0eee-876a3eff1847,,2020-07-12 19:17:00.000,xUcHHNl7co,
2020-07-12 19:37:00.000,com.sec.android.app.shealth,2020-07-12 19:38:00.000,2020-07-12 19:38:00.000,40001,UTC+0900,e5d16c97-0640-a71e-5cf2-5525005a231f,8cdf53ac-8c48-1cdf-0eee-876a3eff1847,,2020-07-12 19:38:00.000,xUcHHNl7co,
2020-07-15 21:19:00.000,com.sec.android.app.shealth,2020-07-15 21:21:00.000,2020-07-15 21:21:00.000,40002,UTC+0900,af6b9bb1-1822-6dc2-afe4-d70a1a15c3e2,a8a191ff-ecfb-b4f2-988c-bd8762467288,,2020-07-15 21:21:00.000,xUcHHNl7co,
2020-07-15 21:48:00.000,com.sec.android.app.shealth,2020-07-15 21:52:00.000,2020-07-15 21:52:00.000,40002,UTC+0900,a65d5fc7-8c97-1229-8979-4988d116ae9c,a8a191ff-ecfb-b4f2-988c-bd8762467288,,2020-07-15 21:52:00.000,xUcHHNl7co,
2020-07-16 17:10:00.000,com.sec.android.app.shealth,2020-07-16 17:11:00.000,2020-07-16 17:11:00.000,40001,UTC+0900,b07b3615-dd9f-e6d9-e911-8f7ae33c2d62,873df786-ffa2-d4a2-d421-859b97ae4512,,2020-07-16 17:11:00.000,xUcHHNl7co,
2020-07-15 16:39:00.000,com.sec.android.app.shealth,2020-07-15 16:50:00.000,2020-07-15 16:50:00.000,40002,UTC+0900,d1ad6ad9-2027-6b5a-d3f4-c3162adb9dd0,a8a191ff-ecfb-b4f2-988c-bd8762467288,,2020-07-15 16:50:00.000,xUcHHNl7co,
2020-07-16 17:42:00.000,com.sec.android.app.shealth,2020-07-16 17:44:00.000,2020-07-16 17:44:00.000,40003,UTC+0900,14dd5386-e616-62af-7a9a-e61c5eb24f47,873df786-ffa2-d4a2-d421-859b97ae4512,,2020-07-16 17:44:00.000,xUcHHNl7co,
2020-07-12 19:53:00.000,com.sec.android.app.shealth,2020-07-12 19:54:00.000,2020-07-12 19:54:00.000,40001,UTC+0900,1c150103-801f-7ac7-75ac-8f686dbf4021,8cdf53ac-8c48-1cdf-0eee-876a3eff1847,,2020-07-12 19:54:00.000,xUcHHNl7co,
2020-07-15 17:30:00.000,com.sec.android.app.shealth,2020-07-15 17:32:00.000,2020-07-15 17:32:00.000,40001,UTC+0900,f9aa1198-c347-9331-729e-a33180cafd36,a8a191ff-ecfb-b4f2-988c-bd8762467288,,2020-07-15 17:32:00.000,xUcHHNl7co,
2020-07-16 18:04:00.000,com.sec.android.app.shealth,2020-07-16 18:17:00.000,2020-07-16 18:17:00.000,40002,UTC+0900,29b3a443-6c1d-d056-3e6b-7d872de1ea34,873df786-ffa2-d4a2-d421-859b97ae4512,,2020-07-16 18:17:00.000,xUcHHNl7co,
2020-07-15 18:08:00.000,com.sec.android.app.shealth,2020-07-15 18:09:00.000,2020-07-15 18:09:00.000,40001,UTC+0900,9d21c3bc-d79b-ac76-7119-2070001b3a60,a8a191ff-ecfb-b4f2-988c-bd8762467288,,2020-07-15 18:09:00.000,xUcHHNl7co,
2020-07-16 18:42:00.000,com.sec.android.app.shealth,2020-07-16 19:17:00.000,2020-07-16 19:17:00.000,40004,UTC+0900,65d7f280-0549-7c6f-159a-949b9de260f3,873df786-ffa2-d4a2-d421-859b97ae4512,,2020-07-16 19:17:00.000,xUcHHNl7co,
2020-07-12 18:43:00.000,com.sec.android.app.shealth,2020-07-12 18:50:00.000,2020-07-12 18:50:00.000,40002,UTC+0900,e697eca7-b7cf-284d-e07d-d106d7d974ca,8cdf53ac-8c48-1cdf-0eee-876a3eff1847,,2020-07-12 18:50:00.000,xUcHHNl7co,
2020-07-15 19:00:00.000,com.sec.android.app.shealth,2020-07-15 19:05:00.000,2020-07-15 19:05:00.000,40002,UTC+0900,1ace74ca-9c7d-087c-3ba4-8f75016b0866,a8a191ff-ecfb-b4f2-988c-bd8762467288,,2020-07-15 19:05:00.000,xUcHHNl7co,
2020-07-16 19:28:00.000,com.sec.android.app.shealth,2020-07-16 19:31:00.000,2020-07-16 19:31:00.000,40001,UTC+0900,269d050e-e7cb-4029-1ac7-7939f9c5495a,873df786-ffa2-d4a2-d421-859b97ae4512,,2020-07-16 19:31:00.000,xUcHHNl7co,
2020-07-16 19:55:00.000,com.sec.android.app.shealth,2020-07-16 20:09:00.000,2020-07-16 20:09:00.000,40002,UTC+0900,d0937a40-f577-0f01-3ff6-6ddf54862187,873df786-ffa2-d4a2-d421-859b97ae4512,,2020-07-16 20:09:00.000,xUcHHNl7co,
2020-07-12 20:35:00.000,com.sec.android.app.shealth,2020-07-12 20:36:00.000,2020-07-12 20:36:00.000,40002,UTC+0900,b3656a69-0ac2-3f36-1d5a-76596e0a1015,8cdf53ac-8c48-1cdf-0eee-876a3eff1847,,2020-07-12 20:36:00.000,xUcHHNl7co,
2020-07-16 21:06:00.000,com.sec.android.app.shealth,2020-07-16 21:12:00.000,2020-07-16 21:12:00.000,40002,UTC+0900,03f79c4d-0fa5-51b5-f4c7-b5cb55d2b6f6,873df786-ffa2-d4a2-d421-859b97ae4512,,2020-07-16 21:12:00.000,xUcHHNl7co,
2020-07-15 19:31:00.000,com.sec.android.app.shealth,2020-07-15 19:37:00.000,2020-07-15 19:37:00.000,40002,UTC+0900,3078862e-0342-ce7f-7aaa-d401d12c22d9,a8a191ff-ecfb-b4f2-988c-bd8762467288,,2020-07-15 19:37:00.000,xUcHHNl7co,
2020-07-16 21:42:00.000,com.sec.android.app.shealth,2020-07-16 21:49:00.000,2020-07-16 21:49:00.000,40004,UTC+0900,ab9e7b22-932b-4657-10d0-0dcae47ddf50,873df786-ffa2-d4a2-d421-859b97ae4512,,2020-07-16 21:49:00.000,xUcHHNl7co,
2020-07-15 19:49:00.000,com.sec.android.app.shealth,2020-07-15 19:59:00.000,2020-07-15 19:59:00.000,40002,UTC+0900,637249e8-3eb1-73f9-3689-c827872c23d3,a8a191ff-ecfb-b4f2-988c-bd8762467288,,2020-07-15 19:59:00.000,xUcHHNl7co,
2020-07-12 21:06:00.000,com.sec.android.app.shealth,2020-07-12 21:11:00.000,2020-07-12 21:11:00.000,40003,UTC+0900,5f0e5081-3484-3d9f-c1fe-eabc9d2d1fd1,8cdf53ac-8c48-1cdf-0eee-876a3eff1847,,2020-07-12 21:11:00.000,xUcHHNl7co,
2020-07-15 20:16:00.000,com.sec.android.app.shealth,2020-07-15 20:26:00.000,2020-07-15 20:26:00.000,40004,UTC+0900,0282b6ed-390f-8383-5ae1-a74a6d453b62,a8a191ff-ecfb-b4f2-988c-bd8762467288,,2020-07-15 20:26:00.000,xUcHHNl7co,
2020-07-13 17:14:00.000,com.sec.android.app.shealth,2020-07-13 17:19:00.000,2020-07-13 17:19:00.000,40002,UTC+0900,166dd49f-d083-ae9e-adc7-5666a9bba0d4,23923548-7193-3aa0-15a9-37beb54cc8e2,,2020-07-13 17:19:00.000,xUcHHNl7co,
2020-07-15 20:39:00.000,com.sec.android.app.shealth,2020-07-15 20:43:00.000,2020-07-15 20:43:00.000,40002,UTC+0900,30162c88-2bd3-b5eb-3a12-aab234937444,a8a191ff-ecfb-b4f2-988c-bd8762467288,,2020-07-15 20:43:00.000,xUcHHNl7co,
2020-07-13 17:43:00.000,com.sec.android.app.shealth,2020-07-13 17:44:00.000,2020-07-13 17:44:00.000,40001,UTC+0900,972527a3-c7fb-45d3-f409-4631987a36fc,23923548-7193-3aa0-15a9-37beb54cc8e2,,2020-07-13 17:44:00.000,xUcHHNl7co,
2020-07-15 21:21:00.000,com.sec.android.app.shealth,2020-07-15 21:22:00.000,2020-07-15 21:22:00.000,40001,UTC+0900,b0ce1d83-a55a-3044-eb57-6327314f91fc,a8a191ff-ecfb-b4f2-988c-bd8762467288,,2020-07-15 21:22:00.000,xUcHHNl7co,
2020-07-13 18:08:00.000,com.sec.android.app.shealth,2020-07-13 18:09:00.000,2020-07-13 18:09:00.000,40001,UTC+0900,d8a15afb-7b89-598c-1f96-0a0daa836ccc,23923548-7193-3aa0-15a9-37beb54cc8e2,,2020-07-13 18:09:00.000,xUcHHNl7co,
2020-07-16 16:15:00.000,com.sec.android.app.shealth,2020-07-16 16:28:00.000,2020-07-16 16:28:00.000,40001,UTC+0900,347ec3d8-b3c0-ab5e-389b-64b69562d78a,873df786-ffa2-d4a2-d421-859b97ae4512,,2020-07-16 16:28:00.000,xUcHHNl7co,
2020-07-13 18:26:00.000,com.sec.android.app.shealth,2020-07-13 18:29:00.000,2020-07-13 18:29:00.000,40001,UTC+0900,d24b79c5-149e-1d45-2b1e-0c4e02dcde44,23923548-7193-3aa0-15a9-37beb54cc8e2,,2020-07-13 18:29:00.000,xUcHHNl7co,
2020-07-16 17:11:00.000,com.sec.android.app.shealth,2020-07-16 17:22:00.000,2020-07-16 17:22:00.000,40002,UTC+0900,bb363ea0-7b06-154a-3b5a-fd6c07b5898b,873df786-ffa2-d4a2-d421-859b97ae4512,,2020-07-16 17:22:00.000,xUcHHNl7co,
2020-07-13 18:36:00.000,com.sec.android.app.shealth,2020-07-13 18:37:00.000,2020-07-13 18:37:00.000,40001,UTC+0900,489c37f8-b934-d620-d832-685a3a85c3be,23923548-7193-3aa0-15a9-37beb54cc8e2,,2020-07-13 18:37:00.000,xUcHHNl7co,
2020-07-16 17:44:00.000,com.sec.android.app.shealth,2020-07-16 17:45:00.000,2020-07-16 17:45:00.000,40001,UTC+0900,6abb5075-00b7-f103-2bfe-971bebb5bca6,873df786-ffa2-d4a2-d421-859b97ae4512,,2020-07-16 17:45:00.000,xUcHHNl7co,
2020-07-13 18:54:00.000,com.sec.android.app.shealth,2020-07-13 18:55:00.000,2020-07-13 18:55:00.000,40001,UTC+0900,a2f971d8-bda5-819e-ce8d-7c4c72ed4c2e,23923548-7193-3aa0-15a9-37beb54cc8e2,,2020-07-13 18:55:00.000,xUcHHNl7co,
2020-07-16 18:17:00.000,com.sec.android.app.shealth,2020-07-16 18:25:00.000,2020-07-16 18:25:00.000,40003,UTC+0900,ffafd9fc-5a09-cb53-5981-9c6b7f417b5f,873df786-ffa2-d4a2-d421-859b97ae4512,,2020-07-16 18:25:00.000,xUcHHNl7co,
2020-07-16 19:17:00.000,com.sec.android.app.shealth,2020-07-16 19:19:00.000,2020-07-16 19:19:00.000,40002,UTC+0900,14890091-ef4e-b7c1-4c5e-0ecf87c42f3f,873df786-ffa2-d4a2-d421-859b97ae4512,,2020-07-16 19:19:00.000,xUcHHNl7co,
2020-07-12 19:13:00.000,com.sec.android.app.shealth,2020-07-12 19:15:00.000,2020-07-12 19:15:00.000,40001,UTC+0900,1844a81a-f22d-ac5c-c4c5-1dbcd15d58a9,8cdf53ac-8c48-1cdf-0eee-876a3eff1847,,2020-07-12 19:15:00.000,xUcHHNl7co,
2020-07-13 19:20:00.000,com.sec.android.app.shealth,2020-07-13 19:21:00.000,2020-07-13 19:21:00.000,40001,UTC+0900,bb2d8330-b7f9-c41a-c3ab-f60d46179d7d,23923548-7193-3aa0-15a9-37beb54cc8e2,,2020-07-13 19:21:00.000,xUcHHNl7co,
2020-07-16 19:31:00.000,com.sec.android.app.shealth,2020-07-16 19:41:00.000,2020-07-16 19:41:00.000,40002,UTC+0900,6901e58b-9c50-7a12-2463-f5ca1f41daca,873df786-ffa2-d4a2-d421-859b97ae4512,,2020-07-16 19:41:00.000,xUcHHNl7co,
2020-07-13 19:35:00.000,com.sec.android.app.shealth,2020-07-13 19:36:00.000,2020-07-13 19:36:00.000,40001,UTC+0900,e154877e-39a5-b349-3d92-531512bd94a0,23923548-7193-3aa0-15a9-37beb54cc8e2,,2020-07-13 19:36:00.000,xUcHHNl7co,
2020-07-13 19:48:00.000,com.sec.android.app.shealth,2020-07-13 19:49:00.000,2020-07-13 19:49:00.000,40001,UTC+0900,a893b1f0-57d6-aa4c-7237-90956fd2c8f2,23923548-7193-3aa0-15a9-37beb54cc8e2,,2020-07-13 19:49:00.000,xUcHHNl7co,
2020-07-16 20:09:00.000,com.sec.android.app.shealth,2020-07-16 20:23:00.000,2020-07-16 20:23:00.000,40003,UTC+0900,f223fad6-afb1-d65f-0eb4-18962bf7252c,873df786-ffa2-d4a2-d421-859b97ae4512,,2020-07-16 20:23:00.000,xUcHHNl7co,
2020-07-13 20:13:00.000,com.sec.android.app.shealth,2020-07-13 20:15:00.000,2020-07-13 20:15:00.000,40001,UTC+0900,3ba69ff7-96ea-cf5d-0a78-e29f2709d683,23923548-7193-3aa0-15a9-37beb54cc8e2,,2020-07-13 20:15:00.000,xUcHHNl7co,
2020-07-12 19:35:00.000,com.sec.android.app.shealth,2020-07-12 19:37:00.000,2020-07-12 19:37:00.000,40002,UTC+0900,e09bf4b9-099b-652e-5494-2dabeabd5f91,8cdf53ac-8c48-1cdf-0eee-876a3eff1847,,2020-07-12 19:37:00.000,xUcHHNl7co,
2020-07-13 21:10:00.000,com.sec.android.app.shealth,2020-07-13 21:21:00.000,2020-07-13 21:21:00.000,40002,UTC+0900,f0e2c26a-0b48-df05-abce-c51f1735ff0e,23923548-7193-3aa0-15a9-37beb54cc8e2,,2020-07-13 21:21:00.000,xUcHHNl7co,
2020-07-13 21:30:00.000,com.sec.android.app.shealth,2020-07-13 21:41:00.000,2020-07-13 21:41:00.000,40004,UTC+0900,77eccd54-eec1-5b96-2b9c-2571cd4232bd,23923548-7193-3aa0-15a9-37beb54cc8e2,,2020-07-13 21:41:00.000,xUcHHNl7co,
2020-07-14 16:52:00.000,com.sec.android.app.shealth,2020-07-14 17:03:00.000,2020-07-14 17:03:00.000,40002,UTC+0900,2bc48e0c-1ba1-0a14-bb22-029b7ed851d9,29757812-14c4-4358-cad1-d9cbcc6893af,,2020-07-14 17:03:00.000,xUcHHNl7co,
2020-07-14 17:17:00.000,com.sec.android.app.shealth,2020-07-14 17:21:00.000,2020-07-14 17:21:00.000,40002,UTC+0900,7ca7cdfd-68c0-ff7f-9d46-a6c0b4432d2e,29757812-14c4-4358-cad1-d9cbcc6893af,,2020-07-14 17:21:00.000,xUcHHNl7co,
2020-07-14 17:40:00.000,com.sec.android.app.shealth,2020-07-14 17:48:00.000,2020-07-14 17:48:00.000,40002,UTC+0900,53812f21-a2be-1cd5-cc22-9fa7df39c6ac,29757812-14c4-4358-cad1-d9cbcc6893af,,2020-07-14 17:48:00.000,xUcHHNl7co,
2020-07-14 18:00:00.000,com.sec.android.app.shealth,2020-07-14 18:02:00.000,2020-07-14 18:02:00.000,40003,UTC+0900,b7732dc2-abde-3741-322c-ceaf4e4af52b,29757812-14c4-4358-cad1-d9cbcc6893af,,2020-07-14 18:02:00.000,xUcHHNl7co,
2020-07-12 19:50:00.000,com.sec.android.app.shealth,2020-07-12 19:53:00.000,2020-07-12 19:53:00.000,40002,UTC+0900,5009912b-5692-b331-b1fb-8054fa60a9f4,8cdf53ac-8c48-1cdf-0eee-876a3eff1847,,2020-07-12 19:53:00.000,xUcHHNl7co,
2020-07-14 18:26:00.000,com.sec.android.app.shealth,2020-07-14 18:41:00.000,2020-07-14 18:41:00.000,40003,UTC+0900,6d7197c8-9c55-b41a-f267-0a1abecaea83,29757812-14c4-4358-cad1-d9cbcc6893af,,2020-07-14 18:41:00.000,xUcHHNl7co,
2020-07-16 21:12:00.000,com.sec.android.app.shealth,2020-07-16 21:13:00.000,2020-07-16 21:13:00.000,40001,UTC+0900,a7aad4c2-f637-1fa3-9ccf-8b93c540ba32,873df786-ffa2-d4a2-d421-859b97ae4512,,2020-07-16 21:13:00.000,xUcHHNl7co,
2020-07-14 18:46:00.000,com.sec.android.app.shealth,2020-07-14 19:01:00.000,2020-07-14 19:01:00.000,40004,UTC+0900,3d962ff2-dcec-2c03-c40e-5b6e158239c1,29757812-14c4-4358-cad1-d9cbcc6893af,,2020-07-14 19:01:00.000,xUcHHNl7co,
2020-07-16 21:49:00.000,com.sec.android.app.shealth,2020-07-16 21:59:00.000,2020-07-16 21:59:00.000,40002,UTC+0900,94f51f16-947e-80ed-9253-bd0fd2f34517,873df786-ffa2-d4a2-d421-859b97ae4512,,2020-07-16 21:59:00.000,xUcHHNl7co,
2020-07-14 19:28:00.000,com.sec.android.app.shealth,2020-07-14 19:37:00.000,2020-07-14 19:37:00.000,40004,UTC+0900,53b170e1-11fe-ffcd-a331-f5083a66e820,29757812-14c4-4358-cad1-d9cbcc6893af,,2020-07-14 19:37:00.000,xUcHHNl7co,
2020-07-12 20:33:00.000,com.sec.android.app.shealth,2020-07-12 20:35:00.000,2020-07-12 20:35:00.000,40001,UTC+0900,1ec88ceb-258e-b702-3d3d-8c469f397505,8cdf53ac-8c48-1cdf-0eee-876a3eff1847,,2020-07-12 20:35:00.000,xUcHHNl7co,
2020-07-12 20:58:00.000,com.sec.android.app.shealth,2020-07-12 21:06:00.000,2020-07-12 21:06:00.000,40002,UTC+0900,d57370e3-0bb9-de1d-1e42-a4f9a3ab74ef,8cdf53ac-8c48-1cdf-0eee-876a3eff1847,,2020-07-12 21:06:00.000,xUcHHNl7co,
2020-07-13 17:13:00.000,com.sec.android.app.shealth,2020-07-13 17:14:00.000,2020-07-13 17:14:00.000,40001,UTC+0900,619bcc05-7d4b-6dce-5182-fa5021fa9b34,23923548-7193-3aa0-15a9-37beb54cc8e2,,2020-07-13 17:14:00.000,xUcHHNl7co,
2020-07-14 20:29:00.000,com.sec.android.app.shealth,2020-07-14 20:30:00.000,2020-07-14 20:30:00.000,40001,UTC+0900,033812b5-1c21-d23f-9f9d-0bc449ecfe69,29757812-14c4-4358-cad1-d9cbcc6893af,,2020-07-14 20:30:00.000,xUcHHNl7co,
2020-07-13 17:39:00.000,com.sec.android.app.shealth,2020-07-13 17:43:00.000,2020-07-13 17:43:00.000,40002,UTC+0900,60274a5b-1636-af34-3c90-85d185928a8a,23923548-7193-3aa0-15a9-37beb54cc8e2,,2020-07-13 17:43:00.000,xUcHHNl7co,
2020-07-13 18:07:00.000,com.sec.android.app.shealth,2020-07-13 18:08:00.000,2020-07-13 18:08:00.000,40002,UTC+0900,d3ebd0a8-fb7b-3b8a-bc08-92abbe887891,23923548-7193-3aa0-15a9-37beb54cc8e2,,2020-07-13 18:08:00.000,xUcHHNl7co,
2020-07-13 18:25:00.000,com.sec.android.app.shealth,2020-07-13 18:26:00.000,2020-07-13 18:26:00.000,40002,UTC+0900,fb43407d-5da5-bcea-6ee7-89a1c77e6d23,23923548-7193-3aa0-15a9-37beb54cc8e2,,2020-07-13 18:26:00.000,xUcHHNl7co,
2020-07-13 18:35:00.000,com.sec.android.app.shealth,2020-07-13 18:36:00.000,2020-07-13 18:36:00.000,40002,UTC+0900,8c52d769-a665-1d16-4e94-9f91f093e4ba,23923548-7193-3aa0-15a9-37beb54cc8e2,,2020-07-13 18:36:00.000,xUcHHNl7co,
2020-07-13 18:51:00.000,com.sec.android.app.shealth,2020-07-13 18:54:00.000,2020-07-13 18:54:00.000,40002,UTC+0900,b5f2c575-0d1f-4bb6-b5a7-788d86d90283,23923548-7193-3aa0-15a9-37beb54cc8e2,,2020-07-13 18:54:00.000,xUcHHNl7co,
2020-07-13 19:19:00.000,com.sec.android.app.shealth,2020-07-13 19:20:00.000,2020-07-13 19:20:00.000,40002,UTC+0900,2f1ddc64-a8a8-db83-9076-4f5ca42f1830,23923548-7193-3aa0-15a9-37beb54cc8e2,,2020-07-13 19:20:00.000,xUcHHNl7co,
2020-07-13 19:33:00.000,com.sec.android.app.shealth,2020-07-13 19:35:00.000,2020-07-13 19:35:00.000,40002,UTC+0900,50152027-d302-0d0e-0ed1-1914845a832d,23923548-7193-3aa0-15a9-37beb54cc8e2,,2020-07-13 19:35:00.000,xUcHHNl7co,
2020-07-14 21:16:00.000,com.sec.android.app.shealth,2020-07-14 21:17:00.000,2020-07-14 21:17:00.000,40001,UTC+0900,f25f7e8b-36d1-5186-7150-0f27580e3d7b,29757812-14c4-4358-cad1-d9cbcc6893af,,2020-07-14 21:17:00.000,xUcHHNl7co,
2020-07-13 19:43:00.000,com.sec.android.app.shealth,2020-07-13 19:48:00.000,2020-07-13 19:48:00.000,40002,UTC+0900,97107dbc-417f-ad55-48a1-1226229018cb,23923548-7193-3aa0-15a9-37beb54cc8e2,,2020-07-13 19:48:00.000,xUcHHNl7co,
2020-07-15 16:26:00.000,com.sec.android.app.shealth,2020-07-15 16:27:00.000,2020-07-15 16:27:00.000,40002,UTC+0900,08450bd5-f7f3-314d-cca0-d625b383f8dd,a8a191ff-ecfb-b4f2-988c-bd8762467288,,2020-07-15 16:27:00.000,xUcHHNl7co,
2020-07-13 20:07:00.000,com.sec.android.app.shealth,2020-07-13 20:13:00.000,2020-07-13 20:13:00.000,40002,UTC+0900,2b53215d-c7df-c4e1-e641-41f2284f0574,23923548-7193-3aa0-15a9-37beb54cc8e2,,2020-07-13 20:13:00.000,xUcHHNl7co,
2020-07-15 17:05:00.000,com.sec.android.app.shealth,2020-07-15 17:10:00.000,2020-07-15 17:10:00.000,40002,UTC+0900,e43e1141-710b-fb5a-383b-9e2969ba836d,a8a191ff-ecfb-b4f2-988c-bd8762467288,,2020-07-15 17:10:00.000,xUcHHNl7co,
2020-07-13 20:47:00.000,com.sec.android.app.shealth,2020-07-13 21:10:00.000,2020-07-13 21:10:00.000,40003,UTC+0900,2f58e20c-9f2d-56ff-65c5-4d8cdb3a462e,23923548-7193-3aa0-15a9-37beb54cc8e2,,2020-07-13 21:10:00.000,xUcHHNl7co,
2020-07-13 21:29:00.000,com.sec.android.app.shealth,2020-07-13 21:30:00.000,2020-07-13 21:30:00.000,40001,UTC+0900,306da446-7ceb-34ae-e5a3-735b7d8e49f5,23923548-7193-3aa0-15a9-37beb54cc8e2,,2020-07-13 21:30:00.000,xUcHHNl7co,
2020-07-15 17:40:00.000,com.sec.android.app.shealth,2020-07-15 17:45:00.000,2020-07-15 17:45:00.000,40003,UTC+0900,05d6531c-efc8-8d67-afd6-04ee74e7ae61,a8a191ff-ecfb-b4f2-988c-bd8762467288,,2020-07-15 17:45:00.000,xUcHHNl7co,
2020-07-13 21:55:00.000,com.sec.android.app.shealth,2020-07-13 21:59:00.000,2020-07-13 21:59:00.000,40001,UTC+0900,1f9d229f-0300-a5c9-1854-093b0609a91b,23923548-7193-3aa0-15a9-37beb54cc8e2,,2020-07-13 21:59:00.000,xUcHHNl7co,
2020-07-15 18:30:00.000,com.sec.android.app.shealth,2020-07-15 18:31:00.000,2020-07-15 18:31:00.000,40001,UTC+0900,192344ad-d1c7-0ec2-a94b-409f6ea453c1,a8a191ff-ecfb-b4f2-988c-bd8762467288,,2020-07-15 18:31:00.000,xUcHHNl7co,
2020-07-14 17:13:00.000,com.sec.android.app.shealth,2020-07-14 17:17:00.000,2020-07-14 17:17:00.000,40003,UTC+0900,9853fcb1-cbf0-aa95-7186-b59585e4e7f1,29757812-14c4-4358-cad1-d9cbcc6893af,,2020-07-14 17:17:00.000,xUcHHNl7co,
2020-07-15 19:06:00.000,com.sec.android.app.shealth,2020-07-15 19:13:00.000,2020-07-15 19:13:00.000,40002,UTC+0900,cc5a6772-835b-299a-5f91-550e54512896,a8a191ff-ecfb-b4f2-988c-bd8762467288,,2020-07-15 19:13:00.000,xUcHHNl7co,
2020-07-14 17:39:00.000,com.sec.android.app.shealth,2020-07-14 17:40:00.000,2020-07-14 17:40:00.000,40001,UTC+0900,9686a78c-b6fe-9e2c-78c4-bcf5be5f7b9d,29757812-14c4-4358-cad1-d9cbcc6893af,,2020-07-14 17:40:00.000,xUcHHNl7co,
2020-07-15 19:38:00.000,com.sec.android.app.shealth,2020-07-15 19:40:00.000,2020-07-15 19:40:00.000,40002,UTC+0900,e744cca1-3ab8-2a7b-4502-443fa8062bd0,a8a191ff-ecfb-b4f2-988c-bd8762467288,,2020-07-15 19:40:00.000,xUcHHNl7co,
2020-07-15 20:02:00.000,com.sec.android.app.shealth,2020-07-15 20:03:00.000,2020-07-15 20:03:00.000,40001,UTC+0900,9f804a80-2b19-8867-52f9-e106786fc5e1,a8a191ff-ecfb-b4f2-988c-bd8762467288,,2020-07-15 20:03:00.000,xUcHHNl7co,
2020-07-15 20:27:00.000,com.sec.android.app.shealth,2020-07-15 20:30:00.000,2020-07-15 20:30:00.000,40002,UTC+0900,56289da3-b1f8-a296-0a3a-c017450c5a5e,a8a191ff-ecfb-b4f2-988c-bd8762467288,,2020-07-15 20:30:00.000,xUcHHNl7co,
2020-07-15 20:45:00.000,com.sec.android.app.shealth,2020-07-15 20:52:00.000,2020-07-15 20:52:00.000,40004,UTC+0900,2b4f2150-03f0-b6b1-22d5-1d3f79899484,a8a191ff-ecfb-b4f2-988c-bd8762467288,,2020-07-15 20:52:00.000,xUcHHNl7co,
2020-07-14 17:59:00.000,com.sec.android.app.shealth,2020-07-14 18:00:00.000,2020-07-14 18:00:00.000,40001,UTC+0900,826342f8-e37e-fc5d-586f-4fb69da799c8,29757812-14c4-4358-cad1-d9cbcc6893af,,2020-07-14 18:00:00.000,xUcHHNl7co,
2020-07-15 21:27:00.000,com.sec.android.app.shealth,2020-07-15 21:28:00.000,2020-07-15 21:28:00.000,40001,UTC+0900,96c61f88-9224-7936-d3d5-93ac7dec4fe6,a8a191ff-ecfb-b4f2-988c-bd8762467288,,2020-07-15 21:28:00.000,xUcHHNl7co,
2020-07-16 16:40:00.000,com.sec.android.app.shealth,2020-07-16 16:54:00.000,2020-07-16 16:54:00.000,40003,UTC+0900,47149c91-2d8a-e42e-cb52-e0934f041359,873df786-ffa2-d4a2-d421-859b97ae4512,,2020-07-16 16:54:00.000,xUcHHNl7co,
2020-07-14 18:25:00.000,com.sec.android.app.shealth,2020-07-14 18:26:00.000,2020-07-14 18:26:00.000,40002,UTC+0900,a2e40368-f249-3fae-18da-261d7b657193,29757812-14c4-4358-cad1-d9cbcc6893af,,2020-07-14 18:26:00.000,xUcHHNl7co,
2020-07-16 17:27:00.000,com.sec.android.app.shealth,2020-07-16 17:38:00.000,2020-07-16 17:38:00.000,40002,UTC+0900,374915c8-7e7a-0fe4-5c2b-39833c7dfdcc,873df786-ffa2-d4a2-d421-859b97ae4512,,2020-07-16 17:38:00.000,xUcHHNl7co,
2020-07-14 18:45:00.000,com.sec.android.app.shealth,2020-07-14 18:46:00.000,2020-07-14 18:46:00.000,40002,UTC+0900,5fcbd060-bd65-0f3a-b65b-aff90c2de035,29757812-14c4-4358-cad1-d9cbcc6893af,,2020-07-14 18:46:00.000,xUcHHNl7co,
2020-07-16 17:46:00.000,com.sec.android.app.shealth,2020-07-16 17:54:00.000,2020-07-16 17:54:00.000,40003,UTC+0900,b205d79c-c128-114a-4bbc-10f33cedcd3e,873df786-ffa2-d4a2-d421-859b97ae4512,,2020-07-16 17:54:00.000,xUcHHNl7co,
2020-07-14 19:27:00.000,com.sec.android.app.shealth,2020-07-14 19:28:00.000,2020-07-14 19:28:00.000,40001,UTC+0900,9e5a1efe-8cdf-6e0a-4be0-40bfe0dfd009,29757812-14c4-4358-cad1-d9cbcc6893af,,2020-07-14 19:28:00.000,xUcHHNl7co,
2020-07-14 20:06:00.000,com.sec.android.app.shealth,2020-07-14 20:29:00.000,2020-07-14 20:29:00.000,40002,UTC+0900,dea168dd-84bc-04bc-a703-b5a541aaff78,29757812-14c4-4358-cad1-d9cbcc6893af,,2020-07-14 20:29:00.000,xUcHHNl7co,
2020-07-16 18:26:00.000,com.sec.android.app.shealth,2020-07-16 18:32:00.000,2020-07-16 18:32:00.000,40003,UTC+0900,e5c6a935-91b4-97ab-b8bf-47f05235b9c8,873df786-ffa2-d4a2-d421-859b97ae4512,,2020-07-16 18:32:00.000,xUcHHNl7co,
2020-07-14 21:12:00.000,com.sec.android.app.shealth,2020-07-14 21:16:00.000,2020-07-14 21:16:00.000,40002,UTC+0900,0dab2a5c-6847-d8e1-542b-c2394142047f,29757812-14c4-4358-cad1-d9cbcc6893af,,2020-07-14 21:16:00.000,xUcHHNl7co,
2020-07-16 19:20:00.000,com.sec.android.app.shealth,2020-07-16 19:25:00.000,2020-07-16 19:25:00.000,40002,UTC+0900,20b7ba53-2893-c284-5a2a-98b1e9fed1a7,873df786-ffa2-d4a2-d421-859b97ae4512,,2020-07-16 19:25:00.000,xUcHHNl7co,
2020-07-15 16:22:00.000,com.sec.android.app.shealth,2020-07-15 16:26:00.000,2020-07-15 16:26:00.000,40003,UTC+0900,332f13c7-3503-9254-3cb1-e2a82089f97b,a8a191ff-ecfb-b4f2-988c-bd8762467288,,2020-07-15 16:26:00.000,xUcHHNl7co,
2020-07-16 19:43:00.000,com.sec.android.app.shealth,2020-07-16 19:44:00.000,2020-07-16 19:44:00.000,40002,UTC+0900,af5a3e19-7fb0-0e33-f666-f98f28179ff9,873df786-ffa2-d4a2-d421-859b97ae4512,,2020-07-16 19:44:00.000,xUcHHNl7co,
2020-07-16 20:31:00.000,com.sec.android.app.shealth,2020-07-16 20:32:00.000,2020-07-16 20:32:00.000,40001,UTC+0900,091521f2-8dfe-dbce-e5bc-4dde69295687,873df786-ffa2-d4a2-d421-859b97ae4512,,2020-07-16 20:32:00.000,xUcHHNl7co,
2020-07-16 21:35:00.000,com.sec.android.app.shealth,2020-07-16 21:36:00.000,2020-07-16 21:36:00.000,40001,UTC+0900,c8b4d45d-13e2-20ca-e37f-e211a851b3f0,873df786-ffa2-d4a2-d421-859b97ae4512,,2020-07-16 21:36:00.000,xUcHHNl7co,
2020-07-15 16:50:00.000,com.sec.android.app.shealth,2020-07-15 17:05:00.000,2020-07-15 17:05:00.000,40003,UTC+0900,66f6cd79-1827-e44b-c3d7-e8cc3ab5ef3d,a8a191ff-ecfb-b4f2-988c-bd8762467288,,2020-07-15 17:05:00.000,xUcHHNl7co,
2020-07-15 17:32:00.000,com.sec.android.app.shealth,2020-07-15 17:40:00.000,2020-07-15 17:40:00.000,40002,UTC+0900,331f05cc-e072-8fbe-ea32-a82e368d7cb5,a8a191ff-ecfb-b4f2-988c-bd8762467288,,2020-07-15 17:40:00.000,xUcHHNl7co,
2020-07-15 18:09:00.000,com.sec.android.app.shealth,2020-07-15 18:30:00.000,2020-07-15 18:30:00.000,40002,UTC+0900,ccf1b503-68bc-7694-49cf-50d18ed74494,a8a191ff-ecfb-b4f2-988c-bd8762467288,,2020-07-15 18:30:00.000,xUcHHNl7co,
2020-07-15 19:05:00.000,com.sec.android.app.shealth,2020-07-15 19:06:00.000,2020-07-15 19:06:00.000,40001,UTC+0900,41ed44af-875c-5113-da52-2c23573ac174,a8a191ff-ecfb-b4f2-988c-bd8762467288,,2020-07-15 19:06:00.000,xUcHHNl7co,
2020-07-15 19:37:00.000,com.sec.android.app.shealth,2020-07-15 19:38:00.000,2020-07-15 19:38:00.000,40001,UTC+0900,a5ad6318-283e-e9d2-a3d4-0dcf1a6f4b86,a8a191ff-ecfb-b4f2-988c-bd8762467288,,2020-07-15 19:38:00.000,xUcHHNl7co,
2020-07-15 19:59:00.000,com.sec.android.app.shealth,2020-07-15 20:02:00.000,2020-07-15 20:02:00.000,40003,UTC+0900,79419521-996c-7fe0-6c85-e48c2a74b05a,a8a191ff-ecfb-b4f2-988c-bd8762467288,,2020-07-15 20:02:00.000,xUcHHNl7co,
2020-07-15 20:26:00.000,com.sec.android.app.shealth,2020-07-15 20:27:00.000,2020-07-15 20:27:00.000,40001,UTC+0900,487a459b-73a6-cdeb-e9b1-084ffd71fb8c,a8a191ff-ecfb-b4f2-988c-bd8762467288,,2020-07-15 20:27:00.000,xUcHHNl7co,
2020-07-15 20:43:00.000,com.sec.android.app.shealth,2020-07-15 20:45:00.000,2020-07-15 20:45:00.000,40001,UTC+0900,074938eb-532b-7e2e-b246-107f9b8ded55,a8a191ff-ecfb-b4f2-988c-bd8762467288,,2020-07-15 20:45:00.000,xUcHHNl7co,
2020-07-15 21:22:00.000,com.sec.android.app.shealth,2020-07-15 21:27:00.000,2020-07-15 21:27:00.000,40002,UTC+0900,d3d0bdc8-ad8c-2145-95af-b8491fdaadd0,a8a191ff-ecfb-b4f2-988c-bd8762467288,,2020-07-15 21:27:00.000,xUcHHNl7co,
2020-07-16 16:28:00.000,com.sec.android.app.shealth,2020-07-16 16:40:00.000,2020-07-16 16:40:00.000,40002,UTC+0900,2c9a09cd-b927-983a-78b2-f02e4e3f08dc,873df786-ffa2-d4a2-d421-859b97ae4512,,2020-07-16 16:40:00.000,xUcHHNl7co,
2020-07-16 17:22:00.000,com.sec.android.app.shealth,2020-07-16 17:27:00.000,2020-07-16 17:27:00.000,40001,UTC+0900,0c13c887-dcb3-e6f1-6d64-ca485ea98c5c,873df786-ffa2-d4a2-d421-859b97ae4512,,2020-07-16 17:27:00.000,xUcHHNl7co,
2020-07-16 17:45:00.000,com.sec.android.app.shealth,2020-07-16 17:46:00.000,2020-07-16 17:46:00.000,40002,UTC+0900,9935b551-d314-a1e3-fe4d-b2971fa8121a,873df786-ffa2-d4a2-d421-859b97ae4512,,2020-07-16 17:46:00.000,xUcHHNl7co,
2020-07-16 18:25:00.000,com.sec.android.app.shealth,2020-07-16 18:26:00.000,2020-07-16 18:26:00.000,40001,UTC+0900,ccded22f-ba49-8d6e-ef4f-03c4eeebc33f,873df786-ffa2-d4a2-d421-859b97ae4512,,2020-07-16 18:26:00.000,xUcHHNl7co,
2020-07-16 19:19:00.000,com.sec.android.app.shealth,2020-07-16 19:20:00.000,2020-07-16 19:20:00.000,40001,UTC+0900,482fa255-7010-9a15-bb08-dc88c6d4d554,873df786-ffa2-d4a2-d421-859b97ae4512,,2020-07-16 19:20:00.000,xUcHHNl7co,
2020-07-16 19:41:00.000,com.sec.android.app.shealth,2020-07-16 19:43:00.000,2020-07-16 19:43:00.000,40003,UTC+0900,1d065bb2-40a5-ca8b-433e-cd237bc5d861,873df786-ffa2-d4a2-d421-859b97ae4512,,2020-07-16 19:43:00.000,xUcHHNl7co,
2020-07-16 20:23:00.000,com.sec.android.app.shealth,2020-07-16 20:31:00.000,2020-07-16 20:31:00.000,40002,UTC+0900,383b3bc6-1dc8-9095-0481-7b8ca7c84ab6,873df786-ffa2-d4a2-d421-859b97ae4512,,2020-07-16 20:31:00.000,xUcHHNl7co,
2020-07-16 21:13:00.000,com.sec.android.app.shealth,2020-07-16 21:35:00.000,2020-07-16 21:35:00.000,40004,UTC+0900,b4723d2a-5904-3d31-cb26-f1546e55bacd,873df786-ffa2-d4a2-d421-859b97ae4512,,2020-07-16 21:35:00.000,xUcHHNl7co,
