com.samsung.shealth.tracker.heart_rate,6105031,3
tag_id,source,com.samsung.health.heart_rate.create_time,com.samsung.health.heart_rate.time_offset,com.samsung.health.heart_rate.max,com.samsung.health.heart_rate.heart_beat_count,com.samsung.health.heart_rate.custom,com.samsung.health.heart_rate.end_time,com.samsung.health.heart_rate.heart_rate,com.samsung.health.heart_rate.deviceuuid,com.samsung.health.heart_rate.start_time,com.samsung.health.heart_rate.pkg_name,com.samsung.health.heart_rate.update_time,com.samsung.health.heart_rate.min,com.samsung.health.heart_rate.binning_data,com.samsung.health.heart_rate.datauuid,com.samsung.health.heart_rate.comment
20000,60009,1593756716177,UTC+0900,82.0,0,,1593756678884,82.0,CHxXcBbd2u,1593756678884,com.sec.android.app.shealth,1593756716177,82.0,,95e13b69-64d1-4ac3-9000-d96a1489e16f,,
21301,,1594256641000,UTC+0900,76.0,1,,1594256641000,76.0,xUcHHNl7co,1594256641000,com.sec.android.app.shealth,1594256641000,76.0,,56f737e9-6111-776a-497f-ce776af649fa,,
21301,,1594271483000,UTC+0900,75.0,1,,1594271483000,75.0,xUcHHNl7co,1594271483000,com.sec.android.app.shealth,1594271483000,75.0,,308788b5-6951-c032-6fed-11ba57a23fcc,,
21301,,1594278191000,UTC+0900,82.0,1,,1594278191000,82.0,xUcHHNl7co,1594278191000,com.sec.android.app.shealth,1594278191000,82.0,,c37c1da2-b267-5cec-0683-33cc7530df2f,,
21301,,1594521618000,UTC+0900,84.0,1,,1594521618000,84.0,xUcHHNl7co,1594521618000,com.sec.android.app.shealth,1594521618000,84.0,,325431df-d6e5-d4dc-46ad-5865b5c00f69,,
21313,,1594524540000,UTC+0900,126.0,1,,1594526399000,87.0,xUcHHNl7co,1594522800000,com.sec.android.app.shealth,1594526399000,70.0,4ce85875-174d-975c-a020-7dccab0888ed.com.samsung.health.heart_rate.binning_data.json,4ce85875-174d-975c-a020-7dccab0888ed,,
21301,,1594532686000,UTC+0900,78.0,1,,1594532686000,78.0,xUcHHNl7co,1594532686000,com.sec.android.app.shealth,1594532686000,78.0,,09edb6ad-291e-d489-d0a3-e7dc1fbc43ef,,
20000,60009,1594009770463,UTC+0900,78.0,0,,1594009747108,78.0,CHxXcBbd2u,1594009747108,com.sec.android.app.shealth,1594009770463,78.0,,34eb53d3-7670-4558-9188-73dfe5a86415,,
21301,,1594540765000,UTC+0900,77.0,1,,1594540765000,77.0,xUcHHNl7co,1594540765000,com.sec.android.app.shealth,1594540765000,77.0,,68f79c36-8099-ff3e-bec7-e7aa1fdd0165,,
21313,,1594264200000,UTC+0900,123.0,1,,1594267199000,97.0,xUcHHNl7co,1594263600000,com.sec.android.app.shealth,1594267199000,78.0,f093ac10-f72e-e368-26ce-16cf70d07aaa.com.samsung.health.heart_rate.binning_data.json,f093ac10-f72e-e368-26ce-16cf70d07aaa,,
21313,,1594547999000,UTC+0900,102.0,1,,1594547999000,66.0,xUcHHNl7co,1594544400000,com.sec.android.app.shealth,1594547999000,60.0,3b3fa2a9-e5d6-cca2-7244-a86755d34054.com.samsung.health.heart_rate.binning_data.json,3b3fa2a9-e5d6-cca2-7244-a86755d34054,,
21301,,1594272102000,UTC+0900,80.0,1,,1594272102000,80.0,xUcHHNl7co,1594272102000,com.sec.android.app.shealth,1594272102000,80.0,,decdfcfb-a118-2404-b726-46785ad6a1ce,,
21301,,1594552615000,UTC+0900,71.0,1,,1594552615000,71.0,xUcHHNl7co,1594552615000,com.sec.android.app.shealth,1594552615000,71.0,,f570ca0f-5e69-6795-176e-a64bf7f005c2,,
21313,,1594555620000,UTC+0900,125.0,1,,1594558799000,81.0,xUcHHNl7co,1594555200000,com.sec.android.app.shealth,1594558799000,61.0,2e782dfb-6ee2-9ec0-515e-0ff6d12e5140.com.samsung.health.heart_rate.binning_data.json,2e782dfb-6ee2-9ec0-515e-0ff6d12e5140,,
21313,,1594277999000,UTC+0900,125.0,1,,1594277999000,87.0,xUcHHNl7co,1594274400000,com.sec.android.app.shealth,1594277999000,74.0,03320b22-972f-d21c-0909-101b54c4e8b0.com.samsung.health.heart_rate.binning_data.json,03320b22-972f-d21c-0909-101b54c4e8b0,,
21301,,1594563509000,UTC+0900,72.0,1,,1594563509000,72.0,xUcHHNl7co,1594563509000,com.sec.android.app.shealth,1594563509000,72.0,,0ad609a5-40c2-d765-6ef9-13c90ccf5d13,,
21301,,1594566604000,UTC+0900,75.0,1,,1594566604000,75.0,xUcHHNl7co,1594566604000,com.sec.android.app.shealth,1594566604000,75.0,,95ceb852-d961-0545-ea3f-fa81ee68434a,,
21301,,1594522236000,UTC+0900,78.0,1,,1594522236000,78.0,xUcHHNl7co,1594522236000,com.sec.android.app.shealth,1594522236000,78.0,,9bc761ac-829e-b80b-2f79-06eefed3594d,,
21301,,1594569698000,UTC+0900,77.0,1,,1594569698000,77.0,xUcHHNl7co,1594569698000,com.sec.android.app.shealth,1594569698000,77.0,,5a811f0a-1c8f-7892-24fc-1b6d512673cb,,
21313,,1594529520000,UTC+0900,147.0,1,,1594529999000,107.0,xUcHHNl7co,1594526400000,com.sec.android.app.shealth,1594529999000,79.0,298754fe-6a4b-4a6c-650f-e9117b60b790.com.samsung.health.heart_rate.binning_data.json,298754fe-6a4b-4a6c-650f-e9117b60b790,,
21313,,1594534740000,UTC+0900,107.0,1,,1594537199000,81.0,xUcHHNl7co,1594534560000,com.sec.android.app.shealth,1594537199000,63.0,0f1cff0d-63a6-206f-1df4-ebcb98b3d895.com.samsung.health.heart_rate.binning_data.json,0f1cff0d-63a6-206f-1df4-ebcb98b3d895,,
21301,,1594541383000,UTC+0900,72.0,1,,1594541383000,72.0,xUcHHNl7co,1594541383000,com.sec.android.app.shealth,1594541383000,72.0,,34458c15-7406-ae94-2a6b-cb9699ed4945,,
21301,,1594549950000,UTC+0900,74.0,1,,1594549950000,74.0,xUcHHNl7co,1594549950000,com.sec.android.app.shealth,1594549950000,74.0,,0a5dabf9-7830-6e23-268e-4233b2c367e0,,
21301,,1594553235000,UTC+0900,76.0,1,,1594553235000,76.0,xUcHHNl7co,1594553235000,com.sec.android.app.shealth,1594553235000,76.0,,b8fec5a4-1bb1-a385-2af5-2d43b109d80a,,
21313,,1594573740000,UTC+0900,98.0,1,,1594576799000,61.0,xUcHHNl7co,1594573200000,com.sec.android.app.shealth,1594576799000,49.0,c2f7f880-8c83-e7f1-0377-284dfb25ecd3.com.samsung.health.heart_rate.binning_data.json,c2f7f880-8c83-e7f1-0377-284dfb25ecd3,,
21301,,1594588836000,UTC+0900,65.0,1,,1594588836000,65.0,xUcHHNl7co,1594588836000,com.sec.android.app.shealth,1594588836000,65.0,,5df318bf-2a3c-7a44-9667-7ab66986717b,,
21301,,1594596446000,UTC+0900,93.0,1,,1594596446000,93.0,xUcHHNl7co,1594596446000,com.sec.android.app.shealth,1594596446000,93.0,,92113ae1-c7e5-0279-5c14-0d5f47019354,,
21301,,1594556319000,UTC+0900,64.0,1,,1594556319000,64.0,xUcHHNl7co,1594556319000,com.sec.android.app.shealth,1594556319000,64.0,,512442b8-77a3-1246-fd5e-48726b031dea,,
21301,,1594564128000,UTC+0900,72.0,1,,1594564128000,72.0,xUcHHNl7co,1594564128000,com.sec.android.app.shealth,1594564128000,72.0,,3d2a1c40-da56-bc20-2141-82a49c8b3d51,,
21313,,1594602480000,UTC+0900,108.0,1,,1594605599000,85.0,xUcHHNl7co,1594602000000,com.sec.android.app.shealth,1594605599000,73.0,9d5f1065-ae98-02c1-47b6-2c55ab813ac6.com.samsung.health.heart_rate.binning_data.json,9d5f1065-ae98-02c1-47b6-2c55ab813ac6,,
21301,,1594607538000,UTC+0900,77.0,1,,1594607538000,77.0,xUcHHNl7co,1594607538000,com.sec.android.app.shealth,1594607538000,77.0,,0a67f4d6-1fc0-1d93-f1b0-b11cef3cb024,,
21301,,1594612490000,UTC+0900,95.0,1,,1594612490000,95.0,xUcHHNl7co,1594612490000,com.sec.android.app.shealth,1594612490000,95.0,,62d06905-9c78-008c-618f-6350101543bd,,
21301,,1594618136000,UTC+0900,84.0,1,,1594618136000,84.0,xUcHHNl7co,1594618136000,com.sec.android.app.shealth,1594618136000,84.0,,13252f3e-c48e-9647-37d0-878cbaa88c24,,
21301,,1594622958000,UTC+0900,79.0,1,,1594622958000,79.0,xUcHHNl7co,1594622958000,com.sec.android.app.shealth,1594622958000,79.0,,e9bd634f-badf-8b8b-2fbf-968a3a0ea29c,,
21301,,1594025849802,UTC+0900,64.0,0,,1594025843095,64.0,CHxXcBbd2u,1594025839720,com.sec.android.app.shealth,1594025849802,64.0,,6d2dd811-757b-4986-88b5-394af7a75abe,,
21301,,1594265424000,UTC+0900,110.0,1,,1594265424000,110.0,xUcHHNl7co,1594265424000,com.sec.android.app.shealth,1594265424000,110.0,,bb497ddd-07f8-87fb-7c85-0607e0141d22,,
21301,,1594626098000,UTC+0900,76.0,1,,1594626098000,76.0,xUcHHNl7co,1594626098000,com.sec.android.app.shealth,1594626098000,76.0,,e4c6bfd5-ee13-0d44-c6d4-0078f7689eae,,
21301,,1594567223000,UTC+0900,71.0,1,,1594567223000,71.0,xUcHHNl7co,1594567223000,com.sec.android.app.shealth,1594567223000,71.0,,474695d1-5481-ed11-e1b7-df7fea2ae1d1,,
21301,,1594629703000,UTC+0900,75.0,1,,1594629703000,75.0,xUcHHNl7co,1594629703000,com.sec.android.app.shealth,1594629703000,75.0,,59b75b94-bf1c-9a27-6344-184c0d0472ea,,
21301,,1594273120000,UTC+0900,84.0,1,,1594273120000,84.0,xUcHHNl7co,1594273120000,com.sec.android.app.shealth,1594273120000,84.0,,f09613e4-e1ab-b9e9-f42c-51b845d962bc,,
21301,,1594278809000,UTC+0900,82.0,1,,1594278809000,82.0,xUcHHNl7co,1594278809000,com.sec.android.app.shealth,1594278809000,82.0,,65251b3f-11f2-1b2c-2122-a191887e240d,,
21313,,1594522799000,UTC+0900,108.0,1,,1594522799000,82.0,xUcHHNl7co,1594520640000,com.sec.android.app.shealth,1594522799000,70.0,319ff86a-6a2b-9301-9725-34a41ab4dce4.com.samsung.health.heart_rate.binning_data.json,319ff86a-6a2b-9301-9725-34a41ab4dce4,,
21313,,1594634399000,UTC+0900,105.0,1,,1594634399000,73.0,xUcHHNl7co,1594630800000,com.sec.android.app.shealth,1594634399000,60.0,6b9c2124-a0bb-12e4-6f61-928f5a579aeb.com.samsung.health.heart_rate.binning_data.json,6b9c2124-a0bb-12e4-6f61-928f5a579aeb,,
21301,,1594639356000,UTC+0900,74.0,1,,1594639356000,74.0,xUcHHNl7co,1594639356000,com.sec.android.app.shealth,1594639356000,74.0,,7e8b07a1-0aba-c281-b838-998befcfb175,,
21301,,1594570317000,UTC+0900,71.0,1,,1594570317000,71.0,xUcHHNl7co,1594570317000,com.sec.android.app.shealth,1594570317000,71.0,,b8d9d6db-0242-8762-5157-193dec541b50,,
21301,,1594651684000,UTC+0900,65.0,1,,1594651684000,65.0,xUcHHNl7co,1594651684000,com.sec.android.app.shealth,1594651684000,65.0,,82722ac7-c600-352b-e727-8b1b93b9b9d7,,
21313,,1594530180000,UTC+0900,106.0,1,,1594533120000,80.0,xUcHHNl7co,1594530000000,com.sec.android.app.shealth,1594533120000,67.0,ddd6bef0-eba4-ea92-c48e-293266e567bf.com.samsung.health.heart_rate.binning_data.json,ddd6bef0-eba4-ea92-c48e-293266e567bf,,
21301,,1594574567000,UTC+0900,60.0,1,,1594574567000,60.0,xUcHHNl7co,1594574567000,com.sec.android.app.shealth,1594574567000,60.0,,74a2b111-ea68-8c1e-a199-5dcd6e6c4755,,
21301,,1594535210000,UTC+0900,84.0,1,,1594535210000,84.0,xUcHHNl7co,1594535210000,com.sec.android.app.shealth,1594535210000,84.0,,e304ee40-ab5c-f267-3af3-bbffbf75121b,,
21301,,1594542003000,UTC+0900,72.0,1,,1594542003000,72.0,xUcHHNl7co,1594542003000,com.sec.android.app.shealth,1594542003000,72.0,,21e39e50-ec71-92b3-0fb6-6c0dfd59db9c,,
20000,60009,1594103840073,UTC+0900,70.0,0,,1594102178609,70.0,CHxXcBbd2u,1594102178609,com.sec.android.app.shealth,1594103840073,70.0,,57b6d1d3-20c4-4906-b86f-b46c441caf98,,
21313,,1594655999000,UTC+0900,93.0,1,,1594655999000,63.0,xUcHHNl7co,1594652400000,com.sec.android.app.shealth,1594655999000,38.0,e5ddcd08-9914-2bf1-356a-6e0ccb7ef3dc.com.samsung.health.heart_rate.binning_data.json,e5ddcd08-9914-2bf1-356a-6e0ccb7ef3dc,,
21313,,1594550400000,UTC+0900,97.0,1,,1594551599000,70.0,xUcHHNl7co,1594548000000,com.sec.android.app.shealth,1594551599000,60.0,62e906ae-275f-b9e0-d996-338451e8f5ed.com.samsung.health.heart_rate.binning_data.json,62e906ae-275f-b9e0-d996-338451e8f5ed,,
21301,,1594267296000,UTC+0900,89.0,1,,1594267296000,89.0,xUcHHNl7co,1594267296000,com.sec.android.app.shealth,1594267296000,89.0,,c8df6b59-0979-1316-0449-cbe77d477852,,
21301,,1594660307000,UTC+0900,57.0,1,,1594660307000,57.0,xUcHHNl7co,1594660307000,com.sec.android.app.shealth,1594660307000,57.0,,bf1a39bf-5952-82cd-8e4e-51bdb64612f2,,
21301,,1594553854000,UTC+0900,68.0,1,,1594553854000,68.0,xUcHHNl7co,1594553854000,com.sec.android.app.shealth,1594553854000,68.0,,cef9dfa6-9ab1-5f81-64a9-bea6a755d887,,
21301,,1594273931000,UTC+0900,87.0,1,,1594273931000,87.0,xUcHHNl7co,1594273931000,com.sec.android.app.shealth,1594273931000,87.0,,a4122909-378b-24f3-bcf4-cf0b660132e4,,
21313,,1594676220000,UTC+0900,92.0,1,,1594677599000,59.0,xUcHHNl7co,1594674000000,com.sec.android.app.shealth,1594677599000,45.0,074251ca-bd8e-9e6e-288a-82ff30d6ac67.com.samsung.health.heart_rate.binning_data.json,074251ca-bd8e-9e6e-288a-82ff30d6ac67,,
21301,,1594556938000,UTC+0900,69.0,1,,1594556938000,69.0,xUcHHNl7co,1594556938000,com.sec.android.app.shealth,1594556938000,69.0,,91031a3d-2f77-95d9-0ea4-535ab21bfe8d,,
21301,,1594688753000,UTC+0900,74.0,1,,1594688753000,74.0,xUcHHNl7co,1594688753000,com.sec.android.app.shealth,1594688753000,74.0,,6cad4717-996c-3e32-5b06-fd662d5e1f92,,
21301,,1594564746000,UTC+0900,73.0,1,,1594564746000,73.0,xUcHHNl7co,1594564746000,com.sec.android.app.shealth,1594564746000,73.0,,f2763e30-2efc-68c6-dc03-910c6d855756,,
21301,,1594694996000,UTC+0900,75.0,1,,1594694996000,75.0,xUcHHNl7co,1594694996000,com.sec.android.app.shealth,1594694996000,75.0,,9e28b815-6cb2-b2ad-3c64-fc7ab15c0aa1,,
21301,,1594567841000,UTC+0900,67.0,1,,1594567841000,67.0,xUcHHNl7co,1594567841000,com.sec.android.app.shealth,1594567841000,67.0,,1c6930a6-2a40-a44e-41f7-67e20ada8e35,,
21301,,1594701161000,UTC+0900,75.0,1,,1594701161000,75.0,xUcHHNl7co,1594701161000,com.sec.android.app.shealth,1594701161000,75.0,,40288b60-87af-955d-ff2d-335e41d807fb,,
21301,,1594570935000,UTC+0900,66.0,1,,1594570935000,66.0,xUcHHNl7co,1594570935000,com.sec.android.app.shealth,1594570935000,66.0,,82a94789-03d1-3dac-3ecd-77985dfba482,,
21313,,1594278840000,UTC+0900,97.0,1,,1594279980000,78.0,xUcHHNl7co,1594278000000,com.sec.android.app.shealth,1594279980000,66.0,7f04e611-7955-2f17-9a5f-57c40dc5bcb4.com.samsung.health.heart_rate.binning_data.json,7f04e611-7955-2f17-9a5f-57c40dc5bcb4,,
21301,,1594705184000,UTC+0900,79.0,1,,1594705184000,79.0,xUcHHNl7co,1594705184000,com.sec.android.app.shealth,1594705184000,79.0,,a7a01962-930e-997f-232f-1f0f24bedff0,,
21301,,1594575186000,UTC+0900,60.0,1,,1594575186000,60.0,xUcHHNl7co,1594575186000,com.sec.android.app.shealth,1594575186000,60.0,,1d9c8276-0d4a-be26-5695-28c413463f9f,,
21301,,1594709945000,UTC+0900,86.0,1,,1594709945000,86.0,xUcHHNl7co,1594709945000,com.sec.android.app.shealth,1594709945000,86.0,,36f17adb-3308-b9d4-f09a-9a510dd4bba3,,
21301,,1594589817000,UTC+0900,65.0,1,,1594589817000,65.0,xUcHHNl7co,1594589817000,com.sec.android.app.shealth,1594589817000,65.0,,00d91390-d511-7601-8188-5d87c21651ce,,
21313,,1594713599000,UTC+0900,91.0,1,,1594713599000,76.0,xUcHHNl7co,1594710000000,com.sec.android.app.shealth,1594713599000,65.0,6e6c2825-c9f0-7979-6d4e-7a5d9059a4ca.com.samsung.health.heart_rate.binning_data.json,6e6c2825-c9f0-7979-6d4e-7a5d9059a4ca,,
21301,,1594599145000,UTC+0900,94.0,1,,1594599145000,94.0,xUcHHNl7co,1594599145000,com.sec.android.app.shealth,1594599145000,94.0,,af006ca0-2f58-b19c-2fa9-9a0d41f657c8,,
21301,,1594522854000,UTC+0900,79.0,1,,1594522854000,79.0,xUcHHNl7co,1594522854000,com.sec.android.app.shealth,1594522854000,79.0,,fdebd40d-dd6f-b3a8-dd38-c3b5fecf792c,,
21301,,1594604974000,UTC+0900,86.0,1,,1594604974000,86.0,xUcHHNl7co,1594604974000,com.sec.android.app.shealth,1594604974000,86.0,,b0cb22c4-03cb-f427-61de-e132984efdd9,,
21301,,1594530341000,UTC+0900,86.0,1,,1594530341000,86.0,xUcHHNl7co,1594530341000,com.sec.android.app.shealth,1594530341000,86.0,,372e587e-063e-9fd8-3c2c-a97efccb8006,,
21301,,1594536121000,UTC+0900,96.0,1,,1594536121000,96.0,xUcHHNl7co,1594536121000,com.sec.android.app.shealth,1594536121000,96.0,,56ba9349-6488-bec5-ce25-fcd22abdf1fe,,
21313,,1594717860000,UTC+0900,119.0,1,,1594720799000,82.0,xUcHHNl7co,1594717200000,com.sec.android.app.shealth,1594720799000,67.0,13c17979-c837-772a-69cd-c0813f3c9ca9.com.samsung.health.heart_rate.binning_data.json,13c17979-c837-772a-69cd-c0813f3c9ca9,,
21301,,1594724996000,UTC+0900,79.0,1,,1594724996000,79.0,xUcHHNl7co,1594724996000,com.sec.android.app.shealth,1594724996000,79.0,,e1c6aa21-930f-1fb3-8dde-6d82b9408e96,,
21313,,1594609199000,UTC+0900,112.0,1,,1594609199000,82.0,xUcHHNl7co,1594605600000,com.sec.android.app.shealth,1594609199000,69.0,5efbb6d9-c8ce-e9a4-e763-bfcdef830902.com.samsung.health.heart_rate.binning_data.json,5efbb6d9-c8ce-e9a4-e763-bfcdef830902,,
21301,,1594743710000,UTC+0900,65.0,1,,1594743710000,65.0,xUcHHNl7co,1594743710000,com.sec.android.app.shealth,1594743710000,65.0,,626f85cc-a419-4804-4135-8e5c818990a2,,
21301,,1594746947000,UTC+0900,57.0,1,,1594746947000,57.0,xUcHHNl7co,1594746947000,com.sec.android.app.shealth,1594746947000,57.0,,086367f7-fbaa-be10-9af4-c3d7c6a6438c,,
21313,,1594544399000,UTC+0900,96.0,1,,1594544399000,68.0,xUcHHNl7co,1594540800000,com.sec.android.app.shealth,1594544399000,60.0,8eb3c006-f3d5-7f95-cbb9-00cf0cabea42.com.samsung.health.heart_rate.binning_data.json,8eb3c006-f3d5-7f95-cbb9-00cf0cabea42,,
21313,,1594612920000,UTC+0900,132.0,1,,1594616399000,94.0,xUcHHNl7co,1594612800000,com.sec.android.app.shealth,1594616399000,76.0,6a1cd7c4-ce9b-8f7d-369b-59cdc456128a.com.samsung.health.heart_rate.binning_data.json,6a1cd7c4-ce9b-8f7d-369b-59cdc456128a,,
21313,,1594761240000,UTC+0900,89.0,1,,1594763999000,60.0,xUcHHNl7co,1594760400000,com.sec.android.app.shealth,1594763999000,49.0,fe07ec35-bfa4-e0b2-b94b-c8f7e22f111b.com.samsung.health.heart_rate.binning_data.json,fe07ec35-bfa4-e0b2-b94b-c8f7e22f111b,,
21301,,1594550569000,UTC+0900,75.0,1,,1594550569000,75.0,xUcHHNl7co,1594550569000,com.sec.android.app.shealth,1594550569000,75.0,,d2a5b263-4235-e5f5-cb87-97e0a2e3556d,,
21301,,1594765165000,UTC+0900,59.0,1,,1594765165000,59.0,xUcHHNl7co,1594765165000,com.sec.android.app.shealth,1594765165000,59.0,,08bf4364-5a92-7ec7-87ee-7d63c507a03e,,
21301,,1594554472000,UTC+0900,79.0,1,,1594554472000,79.0,xUcHHNl7co,1594554472000,com.sec.android.app.shealth,1594554472000,79.0,,c6eb46a3-7d0e-8725-e3ab-12fde1c75936,,
21301,,1594775496000,UTC+0900,80.0,1,,1594775496000,80.0,xUcHHNl7co,1594775496000,com.sec.android.app.shealth,1594775496000,80.0,,de705df2-5c0a-2709-ca0b-e0f7764e62dd,,
21313,,1594619999000,UTC+0900,122.0,1,,1594619999000,90.0,xUcHHNl7co,1594616400000,com.sec.android.app.shealth,1594619999000,71.0,d2be7fc6-2d47-84e9-7d9f-40ee3bd749e6.com.samsung.health.heart_rate.binning_data.json,d2be7fc6-2d47-84e9-7d9f-40ee3bd749e6,,
21301,,1594780759000,UTC+0900,71.0,1,,1594780759000,71.0,xUcHHNl7co,1594780759000,com.sec.android.app.shealth,1594780759000,71.0,,71c9be2f-1c36-e7cd-dbed-a88404d40d95,,
21301,,1594789114000,UTC+0900,105.0,1,,1594789114000,105.0,xUcHHNl7co,1594789114000,com.sec.android.app.shealth,1594789114000,105.0,,0fc32544-cad8-bc8a-341b-1b191917f5e8,,
21301,,1594623577000,UTC+0900,89.0,1,,1594623577000,89.0,xUcHHNl7co,1594623577000,com.sec.android.app.shealth,1594623577000,89.0,,dbb8c520-fb1d-6193-09e2-fbd7a010e4cf,,
21301,,1594793375000,UTC+0900,88.0,1,,1594793375000,88.0,xUcHHNl7co,1594793375000,com.sec.android.app.shealth,1594793375000,88.0,,f015ce49-e9a3-8f0d-478b-5d4d71c1991f,,
21313,,1594589700000,UTC+0900,90.0,1,,1594591199000,65.0,xUcHHNl7co,1594587600000,com.sec.android.app.shealth,1594591199000,49.0,254eceb2-4fd2-346a-3558-813e7992a63b.com.samsung.health.heart_rate.binning_data.json,254eceb2-4fd2-346a-3558-813e7992a63b,,
21301,,1594799020000,UTC+0900,82.0,1,,1594799020000,82.0,xUcHHNl7co,1594799020000,com.sec.android.app.shealth,1594799020000,82.0,,ba18dc76-2f4a-c41a-3f2f-950750e4344f,,
21313,,1594559100000,UTC+0900,133.0,1,,1594562399000,78.0,xUcHHNl7co,1594558800000,com.sec.android.app.shealth,1594562399000,66.0,e3655ba3-10a8-016c-f32b-e24caaef91af.com.samsung.health.heart_rate.binning_data.json,e3655ba3-10a8-016c-f32b-e24caaef91af,,
21301,,1594565364000,UTC+0900,73.0,1,,1594565364000,73.0,xUcHHNl7co,1594565364000,com.sec.android.app.shealth,1594565364000,73.0,,892467c6-b6a3-cdf6-0b5f-af72e6bf3a2e,,
21301,,1594568460000,UTC+0900,67.0,1,,1594568460000,67.0,xUcHHNl7co,1594568460000,com.sec.android.app.shealth,1594568460000,67.0,,8dace5a8-9565-8d66-ad1b-b4bf8602e3d4,,
21301,,1594571554000,UTC+0900,71.0,1,,1594571554000,71.0,xUcHHNl7co,1594571554000,com.sec.android.app.shealth,1594571554000,71.0,,ccfa5de6-dcdf-3a80-18d1-a9fed6f09078,,
21313,,1594805160000,UTC+0900,131.0,1,,1594807199000,89.0,xUcHHNl7co,1594803600000,com.sec.android.app.shealth,1594807199000,59.0,adae0f47-6583-d49d-5f30-f89b02db8b6c.com.samsung.health.heart_rate.binning_data.json,adae0f47-6583-d49d-5f30-f89b02db8b6c,,
21301,,1594828484000,UTC+0900,62.0,1,,1594828484000,62.0,xUcHHNl7co,1594828484000,com.sec.android.app.shealth,1594828484000,62.0,,ea52f28d-948a-bb89-c532-da5f9bb656af,,
21313,,1594580399000,UTC+0900,81.0,1,,1594580399000,63.0,xUcHHNl7co,1594576800000,com.sec.android.app.shealth,1594580399000,49.0,b7dd42dc-759e-1dca-1e18-e1fe294b457f.com.samsung.health.heart_rate.binning_data.json,b7dd42dc-759e-1dca-1e18-e1fe294b457f,,
21301,,1594590436000,UTC+0900,64.0,1,,1594590436000,64.0,xUcHHNl7co,1594590436000,com.sec.android.app.shealth,1594590436000,64.0,,58e33365-c1ad-7a4a-5d56-272ed7c98173,,
21313,,1594843199000,UTC+0900,91.0,1,,1594843199000,58.0,xUcHHNl7co,1594839600000,com.sec.android.app.shealth,1594843199000,49.0,f6abbac8-f163-0331-362a-0331fc51309f.com.samsung.health.heart_rate.binning_data.json,f6abbac8-f163-0331-362a-0331fc51309f,,
21301,,1594852576000,UTC+0900,208.0,1,,1594852576000,208.0,xUcHHNl7co,1594852576000,com.sec.android.app.shealth,1594852576000,208.0,,477784e9-d4a7-afa7-28f0-5bd68e3be360,,
21313,,1594600260000,UTC+0900,114.0,1,,1594601999000,90.0,xUcHHNl7co,1594598400000,com.sec.android.app.shealth,1594601999000,75.0,c325e199-8962-db51-590b-4444b5e96210.com.samsung.health.heart_rate.binning_data.json,c325e199-8962-db51-590b-4444b5e96210,,
21301,,1594860069000,UTC+0900,84.0,1,,1594860069000,84.0,xUcHHNl7co,1594860069000,com.sec.android.app.shealth,1594860069000,84.0,,0ec6a2f7-13ef-8d43-8d74-0dce00033c0d,,
21313,,1594598399000,UTC+0900,146.0,1,,1594598399000,101.0,xUcHHNl7co,1594594800000,com.sec.android.app.shealth,1594598399000,78.0,078249b1-92e4-b537-393c-2df768194b88.com.samsung.health.heart_rate.binning_data.json,078249b1-92e4-b537-393c-2df768194b88,,
21301,,1594605594000,UTC+0900,83.0,1,,1594605594000,83.0,xUcHHNl7co,1594605594000,com.sec.android.app.shealth,1594605594000,83.0,,723da148-12d9-0c05-ce6d-506f74c4c247,,
21301,,1594608999000,UTC+0900,86.0,1,,1594608999000,86.0,xUcHHNl7co,1594608999000,com.sec.android.app.shealth,1594608999000,86.0,,658f46bc-7817-232a-e7ab-4e62eea6cefe,,
21301,,1594614473000,UTC+0900,84.0,1,,1594614473000,84.0,xUcHHNl7co,1594614473000,com.sec.android.app.shealth,1594614473000,84.0,,560ed18e-420a-dfb0-3450-d4faf25e9a22,,
21301,,1594620443000,UTC+0900,93.0,1,,1594620443000,93.0,xUcHHNl7co,1594620443000,com.sec.android.app.shealth,1594620443000,93.0,,a7695322-6e0e-f526-2d2f-c411ddd960cd,,
21301,,1594624197000,UTC+0900,78.0,1,,1594624197000,78.0,xUcHHNl7co,1594624197000,com.sec.android.app.shealth,1594624197000,78.0,,c51c6e57-d370-b2ec-a17d-62a9381a86dd,,
21313,,1594865700000,UTC+0900,118.0,1,,1594868399000,82.0,xUcHHNl7co,1594864800000,com.sec.android.app.shealth,1594868399000,67.0,b29e93a8-54b9-61b2-0fb0-af15625eb7d4.com.samsung.health.heart_rate.binning_data.json,b29e93a8-54b9-61b2-0fb0-af15625eb7d4,,
21301,,1594604355000,UTC+0900,89.0,1,,1594604355000,89.0,xUcHHNl7co,1594604355000,com.sec.android.app.shealth,1594604355000,89.0,,24dd76da-22a5-44a2-6f47-963da10f0f13,,
21301,,1594873127000,UTC+0900,85.0,1,,1594873127000,85.0,xUcHHNl7co,1594873127000,com.sec.android.app.shealth,1594873127000,85.0,,39c298fb-7d55-9d84-5a72-e2f962e6ff4f,,
21301,,1594627710000,UTC+0900,75.0,1,,1594627710000,75.0,xUcHHNl7co,1594627710000,com.sec.android.app.shealth,1594627710000,75.0,,7d8055d7-d706-4593-a994-f1127b094908,,
21313,,1594256399000,UTC+0900,88.0,1,,1594256399000,76.0,xUcHHNl7co,1594256040000,com.sec.android.app.shealth,1594256399000,70.0,dc26300d-14c5-6a9d-2c09-a00b87292db9.com.samsung.health.heart_rate.binning_data.json,dc26300d-14c5-6a9d-2c09-a00b87292db9,,
21301,,1594632143000,UTC+0900,82.0,1,,1594632143000,82.0,xUcHHNl7co,1594632143000,com.sec.android.app.shealth,1594632143000,82.0,,d77cf4b6-e5b0-7ef6-3d30-09474787ac45,,
21301,,1594878873000,UTC+0900,77.0,1,,1594878873000,77.0,xUcHHNl7co,1594878873000,com.sec.android.app.shealth,1594878873000,77.0,,0a9300cb-9fb2-1ec1-024a-ac8928e19708,,
21301,,1594882452000,UTC+0900,74.0,1,,1594882452000,74.0,xUcHHNl7co,1594882452000,com.sec.android.app.shealth,1594882452000,74.0,,54b64960-4a9e-11ad-ca97-a047661cfbd8,,
21301,,1594635908000,UTC+0900,77.0,1,,1594635908000,77.0,xUcHHNl7co,1594635908000,com.sec.android.app.shealth,1594635908000,77.0,,80ef361b-1aed-e319-5a6a-cc7a8cefb741,,
21301,,1594649825000,UTC+0900,67.0,1,,1594649825000,67.0,xUcHHNl7co,1594649825000,com.sec.android.app.shealth,1594649825000,67.0,,dcbcbe8f-c650-ace2-4255-8af3f0c9b2ff,,
21301,,1594890644000,UTC+0900,73.0,1,,1594890644000,73.0,xUcHHNl7co,1594890644000,com.sec.android.app.shealth,1594890644000,73.0,,2b8203e7-ace4-cd91-f21b-70c908a6b93a,,
21301,,1594608380000,UTC+0900,90.0,1,,1594608380000,90.0,xUcHHNl7co,1594608380000,com.sec.android.app.shealth,1594608380000,90.0,,7dd876b4-7c36-be87-5875-d17e0cb69303,,
21301,,1594895703000,UTC+0900,90.0,1,,1594895703000,90.0,xUcHHNl7co,1594895703000,com.sec.android.app.shealth,1594895703000,90.0,,dd3ee4e4-66bc-e941-c730-c303c9294e77,,
21301,,1594652971000,UTC+0900,60.0,1,,1594652971000,60.0,xUcHHNl7co,1594652971000,com.sec.android.app.shealth,1594652971000,60.0,,872b2a80-3951-fbb6-20b9-5b2264a37920,,
21313,,1594270799000,UTC+0900,113.0,1,,1594270799000,88.0,xUcHHNl7co,1594267200000,com.sec.android.app.shealth,1594270799000,73.0,d2ada54b-9d61-fc63-738d-1841ae6fb6a6.com.samsung.health.heart_rate.binning_data.json,d2ada54b-9d61-fc63-738d-1841ae6fb6a6,,
21301,,1594912906000,UTC+0900,212.0,1,,1594912906000,212.0,xUcHHNl7co,1594912906000,com.sec.android.app.shealth,1594912906000,212.0,,5e2cc6a6-a23d-375a-da39-6f33fafb4ecf,,
21313,,1594657440000,UTC+0900,91.0,1,,1594659599000,62.0,xUcHHNl7co,1594656000000,com.sec.android.app.shealth,1594659599000,49.0,ad544c69-2f46-b52e-fd64-cdc8af16551e.com.samsung.health.heart_rate.binning_data.json,ad544c69-2f46-b52e-fd64-cdc8af16551e,,
21313,,1594273860000,UTC+0900,119.0,1,,1594274399000,83.0,xUcHHNl7co,1594270800000,com.sec.android.app.shealth,1594274399000,72.0,524e0b7d-5777-f938-11ea-d119fe2b90b7.com.samsung.health.heart_rate.binning_data.json,524e0b7d-5777-f938-11ea-d119fe2b90b7,,
21313,,1594922399000,UTC+0900,88.0,1,,1594922399000,60.0,xUcHHNl7co,1594918800000,com.sec.android.app.shealth,1594922399000,51.0,4b33d6ee-6f50-ad16-bfcf-f1b89787c50c.com.samsung.health.heart_rate.binning_data.json,4b33d6ee-6f50-ad16-bfcf-f1b89787c50c,,
21313,,1594666799000,UTC+0900,83.0,1,,1594666799000,59.0,xUcHHNl7co,1594663200000,com.sec.android.app.shealth,1594666799000,50.0,b9639abf-347e-ec5d-57af-95472778865a.com.samsung.health.heart_rate.binning_data.json,b9639abf-347e-ec5d-57af-95472778865a,,
21301,,1594279420000,UTC+0900,88.0,1,,1594279420000,88.0,xUcHHNl7co,1594279420000,com.sec.android.app.shealth,1594279420000,88.0,,968066f4-aeee-55e0-aa65-fa4be26692f9,,
21301,,1594938095000,UTC+0900,61.0,1,,1594938095000,61.0,xUcHHNl7co,1594938095000,com.sec.android.app.shealth,1594938095000,61.0,,d876d23d-808d-7163-1591-2a559cc4d328,,
21301,,1594523473000,UTC+0900,84.0,1,,1594523473000,84.0,xUcHHNl7co,1594523473000,com.sec.android.app.shealth,1594523473000,84.0,,5430b30c-04cc-c6a2-337d-9048eb4e045a,,
21301,,1594531447000,UTC+0900,89.0,1,,1594531447000,89.0,xUcHHNl7co,1594531447000,com.sec.android.app.shealth,1594531447000,89.0,,3bfef621-2fd3-a09e-9c6c-a7b1269854d0,,
21313,,1594947599000,UTC+0900,118.0,1,,1594947599000,92.0,xUcHHNl7co,1594944000000,com.sec.android.app.shealth,1594947599000,75.0,3ca90e2a-f83c-8c61-1c4f-5621f7a90728.com.samsung.health.heart_rate.binning_data.json,3ca90e2a-f83c-8c61-1c4f-5621f7a90728,,
21301,,1594952486000,UTC+0900,74.0,1,,1594952486000,74.0,xUcHHNl7co,1594952486000,com.sec.android.app.shealth,1594952486000,74.0,,2411d37a-5150-1361-2704-063bc6d882de,,
21313,,1594538700000,UTC+0900,125.0,1,,1594540799000,90.0,xUcHHNl7co,1594537200000,com.sec.android.app.shealth,1594540799000,67.0,97947111-a349-4437-6e10-30d2d620a595.com.samsung.health.heart_rate.binning_data.json,97947111-a349-4437-6e10-30d2d620a595,,
21313,,1594684799000,UTC+0900,140.0,1,,1594684799000,98.0,xUcHHNl7co,1594681200000,com.sec.android.app.shealth,1594684799000,65.0,ce024fa6-c246-a611-2d9d-4a0a7d9b554e.com.samsung.health.heart_rate.binning_data.json,ce024fa6-c246-a611-2d9d-4a0a7d9b554e,,
21301,,1594547036000,UTC+0900,65.0,1,,1594547036000,65.0,xUcHHNl7co,1594547036000,com.sec.android.app.shealth,1594547036000,65.0,,e87fe7d9-f84b-12db-71e6-7759bd592be2,,
21301,,1594691784000,UTC+0900,75.0,1,,1594691784000,75.0,xUcHHNl7co,1594691784000,com.sec.android.app.shealth,1594691784000,75.0,,39989851-216d-cea0-d722-aa0031143fb2,,
21301,,1594551187000,UTC+0900,66.0,1,,1594551187000,66.0,xUcHHNl7co,1594551187000,com.sec.android.app.shealth,1594551187000,66.0,,a6231b44-92cf-c7f6-17ab-a25cab493881,,
21301,,1594698514000,UTC+0900,88.0,1,,1594698514000,88.0,xUcHHNl7co,1594698514000,com.sec.android.app.shealth,1594698514000,88.0,,ef4e44fc-dec8-caba-604c-3364b57f0d20,,
21313,,1594958580000,UTC+0900,111.0,1,,1594961999000,75.0,xUcHHNl7co,1594958400000,com.sec.android.app.shealth,1594961999000,55.0,87c4be93-a677-0860-f1d9-a33b8698268f.com.samsung.health.heart_rate.binning_data.json,87c4be93-a677-0860-f1d9-a33b8698268f,,
21301,,1594555091000,UTC+0900,64.0,1,,1594555091000,64.0,xUcHHNl7co,1594555091000,com.sec.android.app.shealth,1594555091000,64.0,,4007691d-8481-c7b7-ab40-bbd4428d2938,,
21301,,1594561659000,UTC+0900,71.0,1,,1594561659000,71.0,xUcHHNl7co,1594561659000,com.sec.android.app.shealth,1594561659000,71.0,,777c3eee-42d6-4189-1f85-0f3c91be6299,,
21313,,1594963740000,UTC+0900,115.0,1,,1594965599000,82.0,xUcHHNl7co,1594962000000,com.sec.android.app.shealth,1594965599000,48.0,8172bc55-f17e-5102-9f66-17dcd986fec6.com.samsung.health.heart_rate.binning_data.json,8172bc55-f17e-5102-9f66-17dcd986fec6,,
21313,,1594702799000,UTC+0900,108.0,1,,1594702799000,80.0,xUcHHNl7co,1594699200000,com.sec.android.app.shealth,1594702799000,66.0,b3d61c39-1ec4-e431-2823-479c09dddb04.com.samsung.health.heart_rate.binning_data.json,b3d61c39-1ec4-e431-2823-479c09dddb04,,
21301,,1594708089000,UTC+0900,74.0,1,,1594708089000,74.0,xUcHHNl7co,1594708089000,com.sec.android.app.shealth,1594708089000,74.0,,c3c1ef30-5b0a-82e2-2108-2ae26ec7453b,,
21301,,1594967645000,UTC+0900,75.0,1,,1594967645000,75.0,xUcHHNl7co,1594967645000,com.sec.android.app.shealth,1594967645000,75.0,,2d398919-21d4-2fba-1ffe-6bdf2f0c8078,,
21301,,1594711858000,UTC+0900,82.0,1,,1594711858000,82.0,xUcHHNl7co,1594711858000,com.sec.android.app.shealth,1594711858000,82.0,,9b69c590-9a36-74f2-e05d-8d06a080c748,,
21313,,1594565999000,UTC+0900,90.0,1,,1594565999000,73.0,xUcHHNl7co,1594562400000,com.sec.android.app.shealth,1594565999000,64.0,11a6b79e-bf78-2f11-eb6e-039cb8cf6e63.com.samsung.health.heart_rate.binning_data.json,11a6b79e-bf78-2f11-eb6e-039cb8cf6e63,,
21313,,1594717199000,UTC+0900,109.0,1,,1594717199000,84.0,xUcHHNl7co,1594713600000,com.sec.android.app.shealth,1594717199000,70.0,24f6db61-3956-ae16-8596-fb203af05ed3.com.samsung.health.heart_rate.binning_data.json,24f6db61-3956-ae16-8596-fb203af05ed3,,
21313,,1594256520000,UTC+0900,101.0,1,,1594263599000,76.0,xUcHHNl7co,1594256400000,com.sec.android.app.shealth,1594263599000,63.0,3094bf3f-aaaa-40a8-1132-1a9b810eaadc.com.samsung.health.heart_rate.binning_data.json,3094bf3f-aaaa-40a8-1132-1a9b810eaadc,,
21301,,1594722256000,UTC+0900,80.0,1,,1594722256000,80.0,xUcHHNl7co,1594722256000,com.sec.android.app.shealth,1594722256000,80.0,,e46c0757-cde9-caea-3db2-77f95cdb5ce4,,
21301,,1594569079000,UTC+0900,66.0,1,,1594569079000,66.0,xUcHHNl7co,1594569079000,com.sec.android.app.shealth,1594569079000,66.0,,8cd90a01-ab0c-835a-1df1-b7f13f3d2851,,
21301,,1594572220000,UTC+0900,70.0,1,,1594572220000,70.0,xUcHHNl7co,1594572220000,com.sec.android.app.shealth,1594572220000,70.0,,e90e4285-9647-c4e4-ced5-232a96a13642,,
21301,,1594270864000,UTC+0900,83.0,1,,1594270864000,83.0,xUcHHNl7co,1594270864000,com.sec.android.app.shealth,1594270864000,83.0,,b6f2fb85-fe44-0a20-3c84-f2268fa71548,,
21301,,1594274883000,UTC+0900,89.0,1,,1594274883000,89.0,xUcHHNl7co,1594274883000,com.sec.android.app.shealth,1594274883000,89.0,,6d250af8-55b3-66b4-b06c-774ac36b52d8,,
21313,,1594612799000,UTC+0900,126.0,1,,1594612799000,90.0,xUcHHNl7co,1594609200000,com.sec.android.app.shealth,1594612799000,70.0,1bc0017c-df63-cd15-1f28-10769f565db4.com.samsung.health.heart_rate.binning_data.json,1bc0017c-df63-cd15-1f28-10769f565db4,,
21301,,1594280035000,UTC+0900,74.0,1,,1594280035000,74.0,xUcHHNl7co,1594280035000,com.sec.android.app.shealth,1594280035000,74.0,,ab892f45-da11-2613-0328-4fd5d2367f88,,
21301,,1594524092000,UTC+0900,84.0,1,,1594524092000,84.0,xUcHHNl7co,1594524092000,com.sec.android.app.shealth,1594524092000,84.0,,bcdca5e8-3e6f-3e2e-daf2-41aac972d804,,
21301,,1594532066000,UTC+0900,70.0,1,,1594532066000,70.0,xUcHHNl7co,1594532066000,com.sec.android.app.shealth,1594532066000,70.0,,5327c2a1-81f8-7d6e-477b-71a645471059,,
21313,,1594734720000,UTC+0900,104.0,1,,1594735199000,86.0,xUcHHNl7co,1594731600000,com.sec.android.app.shealth,1594735199000,70.0,3ac995b8-3811-e915-6dcf-dac0a7c9e616.com.samsung.health.heart_rate.binning_data.json,3ac995b8-3811-e915-6dcf-dac0a7c9e616,,
21313,,1594583999000,UTC+0900,91.0,1,,1594583999000,63.0,xUcHHNl7co,1594580400000,com.sec.android.app.shealth,1594583999000,50.0,5a899d61-1bb7-e53f-60c8-c4a31e5004b4.com.samsung.health.heart_rate.binning_data.json,5a899d61-1bb7-e53f-60c8-c4a31e5004b4,,
21301,,1594745709000,UTC+0900,60.0,1,,1594745709000,60.0,xUcHHNl7co,1594745709000,com.sec.android.app.shealth,1594745709000,60.0,,504aa959-b52c-d37d-5173-d006e31afef6,,
21301,,1594591055000,UTC+0900,64.0,1,,1594591055000,64.0,xUcHHNl7co,1594591055000,com.sec.android.app.shealth,1594591055000,64.0,,d7b9e9f8-789b-f3c8-9c22-cbeaa0f11733,,
21301,,1594601163000,UTC+0900,81.0,1,,1594601163000,81.0,xUcHHNl7co,1594601163000,com.sec.android.app.shealth,1594601163000,81.0,,42685d96-cf39-8485-d616-ea53a997b63a,,
21301,,1594540145000,UTC+0900,71.0,1,,1594540145000,71.0,xUcHHNl7co,1594540145000,com.sec.android.app.shealth,1594540145000,71.0,,49e33c3c-6f1b-780d-4407-969aa8130a5d,,
21301,,1594606213000,UTC+0900,80.0,1,,1594606213000,80.0,xUcHHNl7co,1594606213000,com.sec.android.app.shealth,1594606213000,80.0,,aa08aa2e-e87e-961f-9f07-d3ea736218d1,,
21301,,1594547655000,UTC+0900,66.0,1,,1594547655000,66.0,xUcHHNl7co,1594547655000,com.sec.android.app.shealth,1594547655000,66.0,,3c7435e1-9087-0b92-2ba0-568cf57bddff,,
21301,,1594618756000,UTC+0900,93.0,1,,1594618756000,93.0,xUcHHNl7co,1594618756000,com.sec.android.app.shealth,1594618756000,93.0,,6574cdaf-ada6-7945-ae4e-1fadf4d8fdef,,
21301,,1594609618000,UTC+0900,76.0,1,,1594609618000,76.0,xUcHHNl7co,1594609618000,com.sec.android.app.shealth,1594609618000,76.0,,c1aba256-4280-a4a3-8877-f83956e33677,,
21301,,1594551996000,UTC+0900,75.0,1,,1594551996000,75.0,xUcHHNl7co,1594551996000,com.sec.android.app.shealth,1594551996000,75.0,,9c1a201e-292f-f982-41c1-e3fbd28ebad4,,
21301,,1594615610000,UTC+0900,82.0,1,,1594615610000,82.0,xUcHHNl7co,1594615610000,com.sec.android.app.shealth,1594615610000,82.0,,a72d69e4-dddd-402d-f7ea-5d4f14ab1096,,
21301,,1594621720000,UTC+0900,92.0,1,,1594621720000,92.0,xUcHHNl7co,1594621720000,com.sec.android.app.shealth,1594621720000,92.0,,9e35e59a-fa8c-41dd-3199-653bc2393103,,
21313,,1594753199000,UTC+0900,81.0,1,,1594753199000,57.0,xUcHHNl7co,1594749600000,com.sec.android.app.shealth,1594753199000,50.0,1d62b61f-93a2-84f4-6c35-3a1daf0e216d.com.samsung.health.heart_rate.binning_data.json,1d62b61f-93a2-84f4-6c35-3a1daf0e216d,,
21313,,1594627199000,UTC+0900,105.0,1,,1594627199000,77.0,xUcHHNl7co,1594623600000,com.sec.android.app.shealth,1594627199000,67.0,e27c9d9f-8d8b-962b-0904-a50297e7f1c0.com.samsung.health.heart_rate.binning_data.json,e27c9d9f-8d8b-962b-0904-a50297e7f1c0,,
21301,,1594624816000,UTC+0900,74.0,1,,1594624816000,74.0,xUcHHNl7co,1594624816000,com.sec.android.app.shealth,1594624816000,74.0,,792a6996-17eb-538d-2412-5e33b5fba6e8,,
21301,,1594630873000,UTC+0900,69.0,1,,1594630873000,69.0,xUcHHNl7co,1594630873000,com.sec.android.app.shealth,1594630873000,69.0,,496c19c3-7aa0-e3b8-26cc-38c5cc49f7c2,,
21313,,1594555199000,UTC+0900,86.0,1,,1594555199000,71.0,xUcHHNl7co,1594551600000,com.sec.android.app.shealth,1594555199000,57.0,460f264a-e428-3dc9-968c-0b7adc44830b.com.samsung.health.heart_rate.binning_data.json,460f264a-e428-3dc9-968c-0b7adc44830b,,
21301,,1594628329000,UTC+0900,72.0,1,,1594628329000,72.0,xUcHHNl7co,1594628329000,com.sec.android.app.shealth,1594628329000,72.0,,bb38f002-88ad-b9c4-28ad-6732ed3bf3cf,,
21301,,1594635288000,UTC+0900,76.0,1,,1594635288000,76.0,xUcHHNl7co,1594635288000,com.sec.android.app.shealth,1594635288000,76.0,,c0bfd247-c05a-a320-024b-5cbc364d217a,,
21301,,1594562890000,UTC+0900,72.0,1,,1594562890000,72.0,xUcHHNl7co,1594562890000,com.sec.android.app.shealth,1594562890000,72.0,,f86c4d84-a93b-b092-6534-efc005cb4771,,
21301,,1594632762000,UTC+0900,70.0,1,,1594632762000,70.0,xUcHHNl7co,1594632762000,com.sec.android.app.shealth,1594632762000,70.0,,38ce7c22-3345-27e2-d510-3e5d7b2638b9,,
21301,,1594565983000,UTC+0900,73.0,1,,1594565983000,73.0,xUcHHNl7co,1594565983000,com.sec.android.app.shealth,1594565983000,73.0,,56266e6b-8c2b-31aa-e5be-02da6f835760,,
21301,,1594636526000,UTC+0900,67.0,1,,1594636526000,67.0,xUcHHNl7co,1594636526000,com.sec.android.app.shealth,1594636526000,67.0,,742d2967-a7dc-6f26-d021-919d5717f61d,,
21301,,1594650444000,UTC+0900,62.0,1,,1594650444000,62.0,xUcHHNl7co,1594650444000,com.sec.android.app.shealth,1594650444000,62.0,,20285b9f-c994-7687-b090-aa5851b95e69,,
21301,,1594654524000,UTC+0900,62.0,1,,1594654524000,62.0,xUcHHNl7co,1594654524000,com.sec.android.app.shealth,1594654524000,62.0,,85ea97cb-bc71-71d3-cdff-98a0e00db369,,
21301,,1594658611000,UTC+0900,62.0,1,,1594658611000,62.0,xUcHHNl7co,1594658611000,com.sec.android.app.shealth,1594658611000,62.0,,252cf0c3-c6bf-0b0a-ef72-b252e429a31b,,
21313,,1594641720000,UTC+0900,126.0,1,,1594648799000,86.0,xUcHHNl7co,1594641600000,com.sec.android.app.shealth,1594648799000,52.0,9816f76f-5d9c-7711-1623-674ebd5f10d2.com.samsung.health.heart_rate.binning_data.json,9816f76f-5d9c-7711-1623-674ebd5f10d2,,
21313,,1594569599000,UTC+0900,92.0,1,,1594569599000,70.0,xUcHHNl7co,1594566000000,com.sec.android.app.shealth,1594569599000,64.0,8e218773-f642-11b1-b1b6-8ed3fc0e4896.com.samsung.health.heart_rate.binning_data.json,8e218773-f642-11b1-b1b6-8ed3fc0e4896,,
21313,,1594670399000,UTC+0900,93.0,1,,1594670399000,60.0,xUcHHNl7co,1594666800000,com.sec.android.app.shealth,1594670399000,50.0,7c4c323c-2e2b-c52f-2c4e-19dec251dbdd.com.samsung.health.heart_rate.binning_data.json,7c4c323c-2e2b-c52f-2c4e-19dec251dbdd,,
21313,,1594652399000,UTC+0900,84.0,1,,1594652399000,64.0,xUcHHNl7co,1594648800000,com.sec.android.app.shealth,1594652399000,58.0,1eff8c8a-c72e-e2d8-0ee3-d0896b4431b4.com.samsung.health.heart_rate.binning_data.json,1eff8c8a-c72e-e2d8-0ee3-d0896b4431b4,,
21301,,1594657122000,UTC+0900,63.0,1,,1594657122000,63.0,xUcHHNl7co,1594657122000,com.sec.android.app.shealth,1594657122000,63.0,,c217ec9b-c63b-eea5-ff8c-ca57ca61fcda,,
21313,,1594572540000,UTC+0900,95.0,1,,1594573199000,69.0,xUcHHNl7co,1594569600000,com.sec.android.app.shealth,1594573199000,60.0,dc8b2ec7-26e1-2382-c7fe-f6b31c818488.com.samsung.health.heart_rate.binning_data.json,dc8b2ec7-26e1-2382-c7fe-f6b31c818488,,
21301,,1594763491000,UTC+0900,58.0,1,,1594763491000,58.0,xUcHHNl7co,1594763491000,com.sec.android.app.shealth,1594763491000,58.0,,6556fabb-b529-019c-b743-46ae5c24724b,,
21313,,1594685640000,UTC+0900,108.0,1,,1594688399000,89.0,xUcHHNl7co,1594684800000,com.sec.android.app.shealth,1594688399000,66.0,8b0cbc8a-4fde-dfb2-e3ae-e95bd4af33e4.com.samsung.health.heart_rate.binning_data.json,8b0cbc8a-4fde-dfb2-e3ae-e95bd4af33e4,,
21313,,1594623599000,UTC+0900,116.0,1,,1594623599000,86.0,xUcHHNl7co,1594620000000,com.sec.android.app.shealth,1594623599000,75.0,65d4335c-8f45-f62f-5181-01814bcb7655.com.samsung.health.heart_rate.binning_data.json,65d4335c-8f45-f62f-5181-01814bcb7655,,
21313,,1594663199000,UTC+0900,95.0,1,,1594663199000,57.0,xUcHHNl7co,1594659600000,com.sec.android.app.shealth,1594663199000,45.0,cd14ae5d-d058-3d51-9e5b-d0564a733ff8.com.samsung.health.heart_rate.binning_data.json,cd14ae5d-d058-3d51-9e5b-d0564a733ff8,,
21301,,1594693416000,UTC+0900,77.0,1,,1594693416000,77.0,xUcHHNl7co,1594693416000,com.sec.android.app.shealth,1594693416000,77.0,,25f80c91-d4e4-1fc6-c364-f55603cb5a87,,
21313,,1594585980000,UTC+0900,91.0,1,,1594587599000,63.0,xUcHHNl7co,1594584000000,com.sec.android.app.shealth,1594587599000,50.0,31dd1b62-5565-c2b1-b86a-473bd9618258.com.samsung.health.heart_rate.binning_data.json,31dd1b62-5565-c2b1-b86a-473bd9618258,,
21301,,1594682955000,UTC+0900,86.0,1,,1594682955000,86.0,xUcHHNl7co,1594682955000,com.sec.android.app.shealth,1594682955000,86.0,,dbdf54a7-6e57-2ef8-6312-502435e77e3e,,
21301,,1594773498000,UTC+0900,73.0,1,,1594773498000,73.0,xUcHHNl7co,1594773498000,com.sec.android.app.shealth,1594773498000,73.0,,8bba2496-3370-d05b-dc6b-bff1644825a4,,
21301,,1594699443000,UTC+0900,83.0,1,,1594699443000,83.0,xUcHHNl7co,1594699443000,com.sec.android.app.shealth,1594699443000,83.0,,3104aa06-2b0f-800d-3392-da6e27997441,,
21301,,1594690454000,UTC+0900,74.0,1,,1594690454000,74.0,xUcHHNl7co,1594690454000,com.sec.android.app.shealth,1594690454000,74.0,,646c43eb-b753-b04e-787b-ddd67d979768,,
21301,,1594777401000,UTC+0900,73.0,1,,1594777401000,73.0,xUcHHNl7co,1594777401000,com.sec.android.app.shealth,1594777401000,73.0,,3d26f49f-e456-2346-02c8-3e272cb4f2ef,,
21301,,1594703511000,UTC+0900,79.0,1,,1594703511000,79.0,xUcHHNl7co,1594703511000,com.sec.android.app.shealth,1594703511000,79.0,,a033a543-87c2-1a5f-cab2-c1720a22f96e,,
21313,,1594591260000,UTC+0900,115.0,1,,1594594799000,87.0,xUcHHNl7co,1594591200000,com.sec.android.app.shealth,1594594799000,66.0,40f5f58a-5012-3d25-3a16-ed72bb8af26c.com.samsung.health.heart_rate.binning_data.json,40f5f58a-5012-3d25-3a16-ed72bb8af26c,,
21301,,1594696773000,UTC+0900,101.0,1,,1594696773000,101.0,xUcHHNl7co,1594696773000,com.sec.android.app.shealth,1594696773000,101.0,,314be283-a5ec-3670-693e-8fd89d4eeab4,,
21301,,1594708708000,UTC+0900,75.0,1,,1594708708000,75.0,xUcHHNl7co,1594708708000,com.sec.android.app.shealth,1594708708000,75.0,,050e7cd7-b195-25c5-f3d7-55d4238ed90a,,
21301,,1594602294000,UTC+0900,83.0,1,,1594602294000,83.0,xUcHHNl7co,1594602294000,com.sec.android.app.shealth,1594602294000,83.0,,ec08ce4c-1587-74aa-dc88-78e299c937d1,,
21301,,1594702399000,UTC+0900,81.0,1,,1594702399000,81.0,xUcHHNl7co,1594702399000,com.sec.android.app.shealth,1594702399000,81.0,,0379bf1e-f855-6fe1-934d-e3bcdb53343f,,
21301,,1594713061000,UTC+0900,79.0,1,,1594713061000,79.0,xUcHHNl7co,1594713061000,com.sec.android.app.shealth,1594713061000,79.0,,349c9d81-bc74-728a-685a-782f079a4415,,
21301,,1594606918000,UTC+0900,79.0,1,,1594606918000,79.0,xUcHHNl7co,1594606918000,com.sec.android.app.shealth,1594606918000,79.0,,0a406b39-1cd8-bd0d-e810-eff1bd75bdf4,,
21301,,1594707444000,UTC+0900,82.0,1,,1594707444000,82.0,xUcHHNl7co,1594707444000,com.sec.android.app.shealth,1594707444000,82.0,,249e4f64-d004-295e-b8e8-1ecd50d302f5,,
21301,,1594717365000,UTC+0900,74.0,1,,1594717365000,74.0,xUcHHNl7co,1594717365000,com.sec.android.app.shealth,1594717365000,74.0,,aaf7cc65-5c14-754b-c9e2-5e879e87418c,,
21301,,1594711239000,UTC+0900,83.0,1,,1594711239000,83.0,xUcHHNl7co,1594711239000,com.sec.android.app.shealth,1594711239000,83.0,,aabb0575-4ee5-d6d2-5949-0bad22bb7f96,,
21301,,1594722875000,UTC+0900,82.0,1,,1594722875000,82.0,xUcHHNl7co,1594722875000,com.sec.android.app.shealth,1594722875000,82.0,,3efecac0-3cf2-cef9-3251-38e518b14093,,
21301,,1594610898000,UTC+0900,77.0,1,,1594610898000,77.0,xUcHHNl7co,1594610898000,com.sec.android.app.shealth,1594610898000,77.0,,f54a3eae-4851-7776-ad48-c19070d3dbf4,,
21301,,1594716746000,UTC+0900,77.0,1,,1594716746000,77.0,xUcHHNl7co,1594716746000,com.sec.android.app.shealth,1594716746000,77.0,,54fa4808-8523-0c1b-c963-3fc60c462cc6,,
21301,,1594721637000,UTC+0900,80.0,1,,1594721637000,80.0,xUcHHNl7co,1594721637000,com.sec.android.app.shealth,1594721637000,80.0,,e8634a47-f69d-af09-a8ad-62a370a05223,,
21301,,1594617517000,UTC+0900,82.0,1,,1594617517000,82.0,xUcHHNl7co,1594617517000,com.sec.android.app.shealth,1594617517000,82.0,,43c5593d-812b-8d9e-08b2-76dbecd66f13,,
21301,,1594622339000,UTC+0900,92.0,1,,1594622339000,92.0,xUcHHNl7co,1594622339000,com.sec.android.app.shealth,1594622339000,92.0,,e6623d37-b94f-99a0-adf2-61d746cb3e80,,
21313,,1594735920000,UTC+0900,99.0,1,,1594742399000,80.0,xUcHHNl7co,1594735200000,com.sec.android.app.shealth,1594742399000,66.0,4e21b467-0d49-3cb1-fb2e-c356949a06fe.com.samsung.health.heart_rate.binning_data.json,4e21b467-0d49-3cb1-fb2e-c356949a06fe,,
21301,,1594625479000,UTC+0900,72.0,1,,1594625479000,72.0,xUcHHNl7co,1594625479000,com.sec.android.app.shealth,1594625479000,72.0,,47535e5d-a0e3-9745-7768-59a9766a1a85,,
21313,,1594726740000,UTC+0900,171.0,1,,1594731599000,95.0,xUcHHNl7co,1594724400000,com.sec.android.app.shealth,1594731599000,72.0,ba15772c-688c-33f0-0cf3-d10b2785439e.com.samsung.health.heart_rate.binning_data.json,ba15772c-688c-33f0-0cf3-d10b2785439e,,
21301,,1594628948000,UTC+0900,73.0,1,,1594628948000,73.0,xUcHHNl7co,1594628948000,com.sec.android.app.shealth,1594628948000,73.0,,91d874a8-0e36-2eaa-cd12-89b22c50cf34,,
21301,,1594626717000,UTC+0900,77.0,1,,1594626717000,77.0,xUcHHNl7co,1594626717000,com.sec.android.app.shealth,1594626717000,77.0,,b7bb2a4a-7860-70ba-31ff-9300b2466cfc,,
21301,,1594744949000,UTC+0900,59.0,1,,1594744949000,59.0,xUcHHNl7co,1594744949000,com.sec.android.app.shealth,1594744949000,59.0,,4955dc5f-8c5a-7b97-bd2d-0bfa0654ac08,,
21301,,1594633380000,UTC+0900,72.0,1,,1594633380000,72.0,xUcHHNl7co,1594633380000,com.sec.android.app.shealth,1594633380000,72.0,,9d3e82ed-524b-263f-8d9a-d8a162cc73ab,,
21313,,1594745999000,UTC+0900,99.0,1,,1594745999000,66.0,xUcHHNl7co,1594742400000,com.sec.android.app.shealth,1594745999000,49.0,53546ab2-a786-e1b9-6798-96d02265b238.com.samsung.health.heart_rate.binning_data.json,53546ab2-a786-e1b9-6798-96d02265b238,,
21313,,1594749599000,UTC+0900,87.0,1,,1594749599000,57.0,xUcHHNl7co,1594746000000,com.sec.android.app.shealth,1594749599000,41.0,a1cb33c6-3eab-eb4e-b8c1-a4e0d98b0a4b.com.samsung.health.heart_rate.binning_data.json,a1cb33c6-3eab-eb4e-b8c1-a4e0d98b0a4b,,
21313,,1594637999000,UTC+0900,125.0,1,,1594637999000,78.0,xUcHHNl7co,1594634400000,com.sec.android.app.shealth,1594637999000,65.0,45ab28d7-0608-28ac-b8ad-b5f9df814c15.com.samsung.health.heart_rate.binning_data.json,45ab28d7-0608-28ac-b8ad-b5f9df814c15,,
21301,,1594762872000,UTC+0900,64.0,1,,1594762872000,64.0,xUcHHNl7co,1594762872000,com.sec.android.app.shealth,1594762872000,64.0,,33d024ff-af28-d963-6e34-e42fdd6b9401,,
21301,,1594651064000,UTC+0900,61.0,1,,1594651064000,61.0,xUcHHNl7co,1594651064000,com.sec.android.app.shealth,1594651064000,61.0,,f071d2a9-8c89-8acf-8fc9-1aae28114df6,,
21301,,1594655883000,UTC+0900,62.0,1,,1594655883000,62.0,xUcHHNl7co,1594655883000,com.sec.android.app.shealth,1594655883000,62.0,,92194112-34ff-b20e-d7b9-fabe96742c30,,
21301,,1594659230000,UTC+0900,59.0,1,,1594659230000,59.0,xUcHHNl7co,1594659230000,com.sec.android.app.shealth,1594659230000,59.0,,7f76bc4d-c02a-b6a1-00fb-c5a2c4fbd9ff,,
21313,,1594756799000,UTC+0900,89.0,1,,1594756799000,60.0,xUcHHNl7co,1594753200000,com.sec.android.app.shealth,1594756799000,44.0,7a59bc88-173c-9bf4-26e9-9179fa164ead.com.samsung.health.heart_rate.binning_data.json,7a59bc88-173c-9bf4-26e9-9179fa164ead,,
21313,,1594782060000,UTC+0900,122.0,1,,1594785599000,88.0,xUcHHNl7co,1594782000000,com.sec.android.app.shealth,1594785599000,66.0,b023f3ab-08f7-c2f0-c76d-430f539390d0.com.samsung.health.heart_rate.binning_data.json,b023f3ab-08f7-c2f0-c76d-430f539390d0,,
21313,,1594673999000,UTC+0900,70.0,1,,1594673999000,58.0,xUcHHNl7co,1594670400000,com.sec.android.app.shealth,1594673999000,54.0,3af2929a-c123-fb56-67cd-6f1914288f29.com.samsung.health.heart_rate.binning_data.json,3af2929a-c123-fb56-67cd-6f1914288f29,,
21301,,1594687238000,UTC+0900,82.0,1,,1594687238000,82.0,xUcHHNl7co,1594687238000,com.sec.android.app.shealth,1594687238000,82.0,,6ec27898-3d0d-8f38-1975-95709402d542,,
21313,,1594764180000,UTC+0900,115.0,1,,1594767599000,68.0,xUcHHNl7co,1594764000000,com.sec.android.app.shealth,1594767599000,46.0,f8a2a821-145e-acb9-42eb-6480165ef295.com.samsung.health.heart_rate.binning_data.json,f8a2a821-145e-acb9-42eb-6480165ef295,,
21313,,1594769520000,UTC+0900,140.0,1,,1594771199000,103.0,xUcHHNl7co,1594767600000,com.sec.android.app.shealth,1594771199000,72.0,aa557a0d-d7af-cfed-2197-0dc7141cfb3f.com.samsung.health.heart_rate.binning_data.json,aa557a0d-d7af-cfed-2197-0dc7141cfb3f,,
21301,,1594790973000,UTC+0900,89.0,1,,1594790973000,89.0,xUcHHNl7co,1594790973000,com.sec.android.app.shealth,1594790973000,89.0,,f43f9e61-2b4a-72e0-32c8-e780b12a51c6,,
21301,,1594776162000,UTC+0900,70.0,1,,1594776162000,70.0,xUcHHNl7co,1594776162000,com.sec.android.app.shealth,1594776162000,70.0,,e47b3d11-3f04-cc1e-061a-447769f428ab,,
21313,,1594630799000,UTC+0900,108.0,1,,1594630799000,75.0,xUcHHNl7co,1594627200000,com.sec.android.app.shealth,1594630799000,60.0,afc26abe-ef5c-4bde-fb4c-465db5a4bde2.com.samsung.health.heart_rate.binning_data.json,afc26abe-ef5c-4bde-fb4c-465db5a4bde2,,
21313,,1594773720000,UTC+0900,114.0,1,,1594774799000,85.0,xUcHHNl7co,1594771200000,com.sec.android.app.shealth,1594774799000,68.0,c44792ff-c860-1af6-9af8-3c4e3c0df24e.com.samsung.health.heart_rate.binning_data.json,c44792ff-c860-1af6-9af8-3c4e3c0df24e,,
21313,,1594781999000,UTC+0900,96.0,1,,1594781999000,71.0,xUcHHNl7co,1594778400000,com.sec.android.app.shealth,1594781999000,63.0,d27bef20-6e2e-f1d4-ef2f-073f4ff916ac.com.samsung.health.heart_rate.binning_data.json,d27bef20-6e2e-f1d4-ef2f-073f4ff916ac,,
21313,,1594693500000,UTC+0900,99.0,1,,1594695599000,79.0,xUcHHNl7co,1594692000000,com.sec.android.app.shealth,1594695599000,70.0,b2a9f723-ea18-8628-58f1-593ce2ff54c7.com.samsung.health.heart_rate.binning_data.json,b2a9f723-ea18-8628-58f1-593ce2ff54c7,,
21301,,1594700542000,UTC+0900,81.0,1,,1594700542000,81.0,xUcHHNl7co,1594700542000,com.sec.android.app.shealth,1594700542000,81.0,,ad7a252e-429d-7006-bc44-4ad9e0ecef58,,
21301,,1594790353000,UTC+0900,92.0,1,,1594790353000,92.0,xUcHHNl7co,1594790353000,com.sec.android.app.shealth,1594790353000,92.0,,ac285b27-9830-8795-f447-1029eccb91c1,,
21301,,1594704518000,UTC+0900,79.0,1,,1594704518000,79.0,xUcHHNl7co,1594704518000,com.sec.android.app.shealth,1594704518000,79.0,,34534b53-b0ee-aa7a-466a-c92ea0b433c3,,
21301,,1594779520000,UTC+0900,71.0,1,,1594779520000,71.0,xUcHHNl7co,1594779520000,com.sec.android.app.shealth,1594779520000,71.0,,e959de0c-34d3-8d9c-b096-8d8ec068f842,,
21301,,1594795255000,UTC+0900,77.0,1,,1594795255000,77.0,xUcHHNl7co,1594795255000,com.sec.android.app.shealth,1594795255000,77.0,,91a1296b-8636-015b-b140-5fda4606d143,,
21301,,1594709327000,UTC+0900,81.0,1,,1594709327000,81.0,xUcHHNl7co,1594709327000,com.sec.android.app.shealth,1594709327000,81.0,,a3fae175-95c2-cf82-3fdd-4aea5b33e434,,
21301,,1594783270000,UTC+0900,88.0,1,,1594783270000,88.0,xUcHHNl7co,1594783270000,com.sec.android.app.shealth,1594783270000,88.0,,d6383150-3af3-5286-c559-323768596220,,
21301,,1594801180000,UTC+0900,71.0,1,,1594801180000,71.0,xUcHHNl7co,1594801180000,com.sec.android.app.shealth,1594801180000,71.0,,dc3afb75-e39e-cdfe-eb54-6a8fa9845570,,
21301,,1594634669000,UTC+0900,76.0,1,,1594634669000,76.0,xUcHHNl7co,1594634669000,com.sec.android.app.shealth,1594634669000,76.0,,4dd56396-8b2a-f3fd-1a6d-db6da6bd77d8,,
21301,,1594808546000,UTC+0900,78.0,1,,1594808546000,78.0,xUcHHNl7co,1594808546000,com.sec.android.app.shealth,1594808546000,78.0,,1e27e0e0-7732-db28-6fa8-25ca8cde8ec5,,
21301,,1594791591000,UTC+0900,86.0,1,,1594791591000,86.0,xUcHHNl7co,1594791591000,com.sec.android.app.shealth,1594791591000,86.0,,09f23017-a3cc-15a5-8c22-6d2bc362edac,,
21301,,1594713680000,UTC+0900,80.0,1,,1594713680000,80.0,xUcHHNl7co,1594713680000,com.sec.android.app.shealth,1594713680000,80.0,,e3de92d6-64b8-f092-5af9-072f352999bf,,
21301,,1594829103000,UTC+0900,63.0,1,,1594829103000,63.0,xUcHHNl7co,1594829103000,com.sec.android.app.shealth,1594829103000,63.0,,0d28ef22-36d1-da3f-8ef9-6ccd4d63ccf8,,
21301,,1594717984000,UTC+0900,80.0,1,,1594717984000,80.0,xUcHHNl7co,1594717984000,com.sec.android.app.shealth,1594717984000,80.0,,80eadd17-f974-854b-74c4-976793066983,,
21301,,1594850135000,UTC+0900,60.0,1,,1594850135000,60.0,xUcHHNl7co,1594850135000,com.sec.android.app.shealth,1594850135000,60.0,,7816bcee-cd74-7fe3-9d91-a9a6f74a0365,,
21301,,1594854530000,UTC+0900,84.0,1,,1594854530000,84.0,xUcHHNl7co,1594854530000,com.sec.android.app.shealth,1594854530000,84.0,,10804510-4053-0ee6-3d6a-e3d41e54a207,,
21313,,1594796640000,UTC+0900,113.0,1,,1594799999000,78.0,xUcHHNl7co,1594796400000,com.sec.android.app.shealth,1594799999000,67.0,b43c4bd9-312e-70bd-cd0d-278c9eef2d7a.com.samsung.health.heart_rate.binning_data.json,b43c4bd9-312e-70bd-cd0d-278c9eef2d7a,,
21301,,1594802748000,UTC+0900,84.0,1,,1594802748000,84.0,xUcHHNl7co,1594802748000,com.sec.android.app.shealth,1594802748000,84.0,,94c08efd-9e4d-d6e8-4dbb-f336e55b8583,,
21313,,1594723380000,UTC+0900,136.0,1,,1594724399000,92.0,xUcHHNl7co,1594720800000,com.sec.android.app.shealth,1594724399000,71.0,f0ce1ce1-e77c-a6f1-e047-3dbcb7f7b6b5.com.samsung.health.heart_rate.binning_data.json,f0ce1ce1-e77c-a6f1-e047-3dbcb7f7b6b5,,
21301,,1594743091000,UTC+0900,63.0,1,,1594743091000,63.0,xUcHHNl7co,1594743091000,com.sec.android.app.shealth,1594743091000,63.0,,a23c2ae0-880d-275b-6c9b-3b9c41e31042,,
21301,,1594746328000,UTC+0900,60.0,1,,1594746328000,60.0,xUcHHNl7co,1594746328000,com.sec.android.app.shealth,1594746328000,60.0,,af6168ec-f518-a76f-2395-fe6a05703263,,
21313,,1594861320000,UTC+0900,111.0,1,,1594864799000,83.0,xUcHHNl7co,1594861200000,com.sec.android.app.shealth,1594864799000,71.0,0b7856df-c30e-af51-b13c-a99c3ba51d51.com.samsung.health.heart_rate.binning_data.json,0b7856df-c30e-af51-b13c-a99c3ba51d51,,
21301,,1594867663000,UTC+0900,83.0,1,,1594867663000,83.0,xUcHHNl7co,1594867663000,com.sec.android.app.shealth,1594867663000,83.0,,62a3ee56-33a7-6a66-b7e4-e704f63967a9,,
21301,,1594874503000,UTC+0900,71.0,1,,1594874503000,71.0,xUcHHNl7co,1594874503000,com.sec.android.app.shealth,1594874503000,71.0,,351043b6-00fb-bd74-3b57-b45c0c42b8b3,,
21313,,1594814399000,UTC+0900,114.0,1,,1594814399000,92.0,xUcHHNl7co,1594810800000,com.sec.android.app.shealth,1594814399000,55.0,9475caef-79e9-46ff-6f73-468d44cbf11e.com.samsung.health.heart_rate.binning_data.json,9475caef-79e9-46ff-6f73-468d44cbf11e,,
21301,,1594879512000,UTC+0900,80.0,1,,1594879512000,80.0,xUcHHNl7co,1594879512000,com.sec.android.app.shealth,1594879512000,80.0,,ab352493-c17d-763d-1de3-7dcbe55b36b7,,
21301,,1594886426000,UTC+0900,76.0,1,,1594886426000,76.0,xUcHHNl7co,1594886426000,com.sec.android.app.shealth,1594886426000,76.0,,7291a7d2-9e9c-9bd1-6b56-5e72459f29f0,,
21313,,1594796160000,UTC+0900,108.0,1,,1594796399000,80.0,xUcHHNl7co,1594792800000,com.sec.android.app.shealth,1594796399000,64.0,6bed4ff1-f308-ca51-a277-c4562783d4a5.com.samsung.health.heart_rate.binning_data.json,6bed4ff1-f308-ca51-a277-c4562783d4a5,,
21301,,1594892349000,UTC+0900,92.0,1,,1594892349000,92.0,xUcHHNl7co,1594892349000,com.sec.android.app.shealth,1594892349000,92.0,,f542a198-9a8d-6241-0701-1cc379d38824,,
21313,,1594760399000,UTC+0900,86.0,1,,1594760399000,61.0,xUcHHNl7co,1594756800000,com.sec.android.app.shealth,1594760399000,49.0,79d7baf5-2f66-292c-d33b-867be1e595a0.com.samsung.health.heart_rate.binning_data.json,79d7baf5-2f66-292c-d33b-867be1e595a0,,
21301,,1594764546000,UTC+0900,63.0,1,,1594764546000,63.0,xUcHHNl7co,1594764546000,com.sec.android.app.shealth,1594764546000,63.0,,cc534953-ba50-f73b-31fa-0189dbe22fce,,
21301,,1594774877000,UTC+0900,72.0,1,,1594774877000,72.0,xUcHHNl7co,1594774877000,com.sec.android.app.shealth,1594774877000,72.0,,5ad72f3d-8505-d745-1dbd-ed376e556a07,,
21313,,1594835999000,UTC+0900,85.0,1,,1594835999000,62.0,xUcHHNl7co,1594832400000,com.sec.android.app.shealth,1594835999000,55.0,e2165046-e346-377f-1a3d-249fc5d118aa.com.samsung.health.heart_rate.binning_data.json,e2165046-e346-377f-1a3d-249fc5d118aa,,
21301,,1594780140000,UTC+0900,69.0,1,,1594780140000,69.0,xUcHHNl7co,1594780140000,com.sec.android.app.shealth,1594780140000,69.0,,ba3391d1-49b0-addf-ce11-1f67bf2d486b,,
21313,,1594899780000,UTC+0900,126.0,1,,1594904399000,96.0,xUcHHNl7co,1594897200000,com.sec.android.app.shealth,1594904399000,73.0,1e680560-c65c-d9a5-5ade-fef71902884f.com.samsung.health.heart_rate.binning_data.json,1e680560-c65c-d9a5-5ade-fef71902884f,,
21301,,1594801865000,UTC+0900,78.0,1,,1594801865000,78.0,xUcHHNl7co,1594801865000,com.sec.android.app.shealth,1594801865000,78.0,,4151c4d9-df23-cde7-6fa8-e14c7ffedf69,,
21301,,1594915805000,UTC+0900,75.0,1,,1594915805000,75.0,xUcHHNl7co,1594915805000,com.sec.android.app.shealth,1594915805000,75.0,,5327e7b3-206d-6c28-3bf5-7189537019d7,,
21313,,1594641599000,UTC+0900,118.0,1,,1594641599000,82.0,xUcHHNl7co,1594638000000,com.sec.android.app.shealth,1594641599000,64.0,e303c25f-35a1-b045-36f0-c2fe34400104.com.samsung.health.heart_rate.binning_data.json,e303c25f-35a1-b045-36f0-c2fe34400104,,
21313,,1594785780000,UTC+0900,139.0,1,,1594789199000,103.0,xUcHHNl7co,1594785600000,com.sec.android.app.shealth,1594789199000,74.0,1cfbdea5-3020-ff2e-ecd5-e0865d6a439a.com.samsung.health.heart_rate.binning_data.json,1cfbdea5-3020-ff2e-ecd5-e0865d6a439a,,
21313,,1594850460000,UTC+0900,219.0,1,,1594853999000,158.0,xUcHHNl7co,1594850400000,com.sec.android.app.shealth,1594853999000,56.0,da47451b-f943-43a7-499e-2a6e902e66ef.com.samsung.health.heart_rate.binning_data.json,da47451b-f943-43a7-499e-2a6e902e66ef,,
21313,,1594929599000,UTC+0900,77.0,1,,1594929599000,58.0,xUcHHNl7co,1594926000000,com.sec.android.app.shealth,1594929599000,40.0,a3701ed7-5229-85f4-22c3-5f4dc64b88c0.com.samsung.health.heart_rate.binning_data.json,a3701ed7-5229-85f4-22c3-5f4dc64b88c0,,
21301,,1594856111000,UTC+0900,83.0,1,,1594856111000,83.0,xUcHHNl7co,1594856111000,com.sec.android.app.shealth,1594856111000,83.0,,982251e5-2f41-b41d-7fa6-62d9ee2bf2c9,,
21301,,1594864232000,UTC+0900,81.0,1,,1594864232000,81.0,xUcHHNl7co,1594864232000,com.sec.android.app.shealth,1594864232000,81.0,,fbd26069-3589-a8dc-da69-4b808c6cd7c4,,
21301,,1594652351000,UTC+0900,63.0,1,,1594652351000,63.0,xUcHHNl7co,1594652351000,com.sec.android.app.shealth,1594652351000,63.0,,6ccb9317-d587-b31d-8e75-887cd989d82d,,
21301,,1594656502000,UTC+0900,61.0,1,,1594656502000,61.0,xUcHHNl7co,1594656502000,com.sec.android.app.shealth,1594656502000,61.0,,25e35677-3d96-5dad-c98c-5f791a8c5031,,
21313,,1594871999000,UTC+0900,121.0,1,,1594871999000,92.0,xUcHHNl7co,1594868400000,com.sec.android.app.shealth,1594871999000,70.0,532c4dfb-6153-067e-f0c0-a5ab7aad3e86.com.samsung.health.heart_rate.binning_data.json,532c4dfb-6153-067e-f0c0-a5ab7aad3e86,,
21313,,1594792560000,UTC+0900,117.0,1,,1594792799000,91.0,xUcHHNl7co,1594789200000,com.sec.android.app.shealth,1594792799000,78.0,0495f8fe-b47c-d175-4fdd-53533c35fb09.com.samsung.health.heart_rate.binning_data.json,0495f8fe-b47c-d175-4fdd-53533c35fb09,,
21301,,1594797672000,UTC+0900,79.0,1,,1594797672000,79.0,xUcHHNl7co,1594797672000,com.sec.android.app.shealth,1594797672000,79.0,,de881f54-00a0-4ebe-fda6-694e5c8a5524,,
21301,,1594876290000,UTC+0900,70.0,1,,1594876290000,70.0,xUcHHNl7co,1594876290000,com.sec.android.app.shealth,1594876290000,70.0,,ab22ad6f-30e6-aafb-b27b-77131eaec7e7,,
21301,,1594881215000,UTC+0900,80.0,1,,1594881215000,80.0,xUcHHNl7co,1594881215000,com.sec.android.app.shealth,1594881215000,80.0,,0f5a7234-5890-ffc9-c51e-379d65cb2d2b,,
21301,,1594887044000,UTC+0900,87.0,1,,1594887044000,87.0,xUcHHNl7co,1594887044000,com.sec.android.app.shealth,1594887044000,87.0,,6b9fb5aa-f1f0-a8fc-7bbd-512348b78c64,,
21301,,1594660927000,UTC+0900,57.0,1,,1594660927000,57.0,xUcHHNl7co,1594660927000,com.sec.android.app.shealth,1594660927000,57.0,,500ae829-a311-224a-a0a9-ecc02202b6b4,,
21301,,1594894391000,UTC+0900,77.0,1,,1594894391000,77.0,xUcHHNl7co,1594894391000,com.sec.android.app.shealth,1594894391000,77.0,,b1c49101-68d1-29ae-694f-776512e4ffb6,,
21301,,1594941110000,UTC+0900,91.0,1,,1594941110000,91.0,xUcHHNl7co,1594941110000,com.sec.android.app.shealth,1594941110000,91.0,,9b1ccfe6-75ae-d656-6056-b28c0bb946a0,,
21313,,1594810799000,UTC+0900,140.0,1,,1594810799000,85.0,xUcHHNl7co,1594807200000,com.sec.android.app.shealth,1594810799000,66.0,ad7aeb7a-16a2-895d-fa10-3a70c232119e.com.samsung.health.heart_rate.binning_data.json,ad7aeb7a-16a2-895d-fa10-3a70c232119e,,
21301,,1594948133000,UTC+0900,95.0,1,,1594948133000,95.0,xUcHHNl7co,1594948133000,com.sec.android.app.shealth,1594948133000,95.0,,1eb645c5-48ba-2438-59bc-b9c5e33fff56,,
21313,,1594803599000,UTC+0900,93.0,1,,1594803599000,76.0,xUcHHNl7co,1594800000000,com.sec.android.app.shealth,1594803599000,67.0,7fffec58-6431-d3b2-d29f-a467bc5e69c6.com.samsung.health.heart_rate.binning_data.json,7fffec58-6431-d3b2-d29f-a467bc5e69c6,,
21301,,1594953789000,UTC+0900,74.0,1,,1594953789000,74.0,xUcHHNl7co,1594953789000,com.sec.android.app.shealth,1594953789000,74.0,,3dba35d7-c8bd-aa8b-8fa1-5751095aa422,,
21313,,1594909200000,UTC+0900,200.0,1,,1594911599000,105.0,xUcHHNl7co,1594908000000,com.sec.android.app.shealth,1594911599000,73.0,d92de273-fedf-2111-8bc8-00fa298cfaa5.com.samsung.health.heart_rate.binning_data.json,d92de273-fedf-2111-8bc8-00fa298cfaa5,,
21301,,1594960375000,UTC+0900,72.0,1,,1594960375000,72.0,xUcHHNl7co,1594960375000,com.sec.android.app.shealth,1594960375000,72.0,,b26bfcc5-3d6a-450f-30e8-926c73e4e6fb,,
21301,,1594965787000,UTC+0900,83.0,1,,1594965787000,83.0,xUcHHNl7co,1594965787000,com.sec.android.app.shealth,1594965787000,83.0,,56f7c022-6dc4-13b2-f29b-d8b013fffe58,,
21301,,1594917507000,UTC+0900,58.0,1,,1594917507000,58.0,xUcHHNl7co,1594917507000,com.sec.android.app.shealth,1594917507000,58.0,,fc756c0d-d358-f0ac-85a5-caf963c87de8,,
21301,,1594968882000,UTC+0900,75.0,1,,1594968882000,75.0,xUcHHNl7co,1594968882000,com.sec.android.app.shealth,1594968882000,75.0,,f78a80de-9b30-c853-f8ea-d4f87d7affe4,,
21313,,1594815060000,UTC+0900,133.0,1,,1594825199000,105.0,xUcHHNl7co,1594814400000,com.sec.android.app.shealth,1594825199000,78.0,cf3cbd68-787f-b71a-aea8-0dd7b9815c1a.com.samsung.health.heart_rate.binning_data.json,cf3cbd68-787f-b71a-aea8-0dd7b9815c1a,,
21313,,1594936799000,UTC+0900,87.0,1,,1594936799000,61.0,xUcHHNl7co,1594933200000,com.sec.android.app.shealth,1594936799000,48.0,fcd473c3-ee8e-2c38-2e15-a8632a1dc32e.com.samsung.health.heart_rate.binning_data.json,fcd473c3-ee8e-2c38-2e15-a8632a1dc32e,,
21301,,1594942416000,UTC+0900,102.0,1,,1594942416000,102.0,xUcHHNl7co,1594942416000,com.sec.android.app.shealth,1594942416000,102.0,,68e068dc-bf49-4bfa-3294-a711de42e030,,
21313,,1594839599000,UTC+0900,87.0,1,,1594839599000,58.0,xUcHHNl7co,1594836000000,com.sec.android.app.shealth,1594839599000,49.0,30c1375c-2abe-d4fc-0323-7a603cd9cc9f.com.samsung.health.heart_rate.binning_data.json,30c1375c-2abe-d4fc-0323-7a603cd9cc9f,,
21301,,1594851956000,UTC+0900,198.0,1,,1594851956000,198.0,xUcHHNl7co,1594851956000,com.sec.android.app.shealth,1594851956000,198.0,,ecc13af3-d9b5-2fac-1afc-d0bf00b6a5a4,,
21313,,1594951199000,UTC+0900,107.0,1,,1594951199000,85.0,xUcHHNl7co,1594947600000,com.sec.android.app.shealth,1594951199000,67.0,463555a9-1083-4e99-6af4-94a8f675cbb7.com.samsung.health.heart_rate.binning_data.json,463555a9-1083-4e99-6af4-94a8f675cbb7,,
21313,,1594678200000,UTC+0900,115.0,1,,1594681199000,82.0,xUcHHNl7co,1594677600000,com.sec.android.app.shealth,1594681199000,61.0,7bc70f84-efc2-4168-5ee7-cf7e554173c0.com.samsung.health.heart_rate.binning_data.json,7bc70f84-efc2-4168-5ee7-cf7e554173c0,,
21313,,1594832399000,UTC+0900,83.0,1,,1594832399000,63.0,xUcHHNl7co,1594828800000,com.sec.android.app.shealth,1594832399000,60.0,2d8c47b1-7565-13cd-0391-6a3f6649c20e.com.samsung.health.heart_rate.binning_data.json,2d8c47b1-7565-13cd-0391-6a3f6649c20e,,
21313,,1594857780000,UTC+0900,115.0,1,,1594861199000,86.0,xUcHHNl7co,1594857600000,com.sec.android.app.shealth,1594861199000,72.0,a7832e5f-63fe-4d63-f171-1de784e16ef1.com.samsung.health.heart_rate.binning_data.json,a7832e5f-63fe-4d63-f171-1de784e16ef1,,
21313,,1594954980000,UTC+0900,105.0,1,,1594958399000,83.0,xUcHHNl7co,1594954800000,com.sec.android.app.shealth,1594958399000,64.0,745bab84-2353-cc3d-7b9f-55f8efad8d37.com.samsung.health.heart_rate.binning_data.json,745bab84-2353-cc3d-7b9f-55f8efad8d37,,
21301,,1594865678000,UTC+0900,76.0,1,,1594865678000,76.0,xUcHHNl7co,1594865678000,com.sec.android.app.shealth,1594865678000,76.0,,94a8dfd3-2e07-7bb4-5cef-b45ca5fff382,,
21301,,1594963426000,UTC+0900,76.0,1,,1594963426000,76.0,xUcHHNl7co,1594963426000,com.sec.android.app.shealth,1594963426000,76.0,,4eb224cd-4fcd-eb7b-ba06-465625b66d14,,
21301,,1594966407000,UTC+0900,84.0,1,,1594966407000,84.0,xUcHHNl7co,1594966407000,com.sec.android.app.shealth,1594966407000,84.0,,6488337e-13c3-1f1f-13b8-ee4b34ecad5e,,
21301,,1594871995000,UTC+0900,79.0,1,,1594871995000,79.0,xUcHHNl7co,1594871995000,com.sec.android.app.shealth,1594871995000,79.0,,a6f3cf07-381c-6b8d-39ed-c90bbaacc82d,,
21301,,1594969502000,UTC+0900,75.0,1,,1594969502000,75.0,xUcHHNl7co,1594969502000,com.sec.android.app.shealth,1594969502000,75.0,,1010ef01-b666-ea9f-8d2b-e8f6b888e0be,,
21301,,1594878254000,UTC+0900,80.0,1,,1594878254000,80.0,xUcHHNl7co,1594878254000,com.sec.android.app.shealth,1594878254000,80.0,,30c885e2-bd1e-1048-30b7-60e36dab7f7d,,
21301,,1594881833000,UTC+0900,75.0,1,,1594881833000,75.0,xUcHHNl7co,1594881833000,com.sec.android.app.shealth,1594881833000,75.0,,ea65cf79-66f0-c321-03f4-a7677c0bb423,,
21313,,1594887720000,UTC+0900,118.0,1,,1594889999000,77.0,xUcHHNl7co,1594886400000,com.sec.android.app.shealth,1594889999000,66.0,d48d80b9-2d93-861f-da4f-be27429002e3.com.samsung.health.heart_rate.binning_data.json,d48d80b9-2d93-861f-da4f-be27429002e3,,
21313,,1594689120000,UTC+0900,102.0,1,,1594691999000,78.0,xUcHHNl7co,1594688400000,com.sec.android.app.shealth,1594691999000,67.0,86e3bcad-69f3-b0bf-9957-011fa83a2e81.com.samsung.health.heart_rate.binning_data.json,86e3bcad-69f3-b0bf-9957-011fa83a2e81,,
21313,,1594850399000,UTC+0900,92.0,1,,1594850399000,62.0,xUcHHNl7co,1594846800000,com.sec.android.app.shealth,1594850399000,49.0,4a47e5e8-4229-c766-9f5d-c2e86d094d2b.com.samsung.health.heart_rate.binning_data.json,4a47e5e8-4229-c766-9f5d-c2e86d094d2b,,
21313,,1594894680000,UTC+0900,109.0,1,,1594897199000,88.0,xUcHHNl7co,1594893600000,com.sec.android.app.shealth,1594897199000,64.0,93d665d7-b28f-be6a-1548-c0735d9667f4.com.samsung.health.heart_rate.binning_data.json,93d665d7-b28f-be6a-1548-c0735d9667f4,,
21313,,1594912140000,UTC+0900,219.0,1,,1594915199000,138.0,xUcHHNl7co,1594911600000,com.sec.android.app.shealth,1594915199000,67.0,d2b68e11-abe6-997e-1ab4-05e57180cdb8.com.samsung.health.heart_rate.binning_data.json,d2b68e11-abe6-997e-1ab4-05e57180cdb8,,
21313,,1594854900000,UTC+0900,140.0,1,,1594857599000,95.0,xUcHHNl7co,1594854000000,com.sec.android.app.shealth,1594857599000,67.0,424f16da-eb0a-e7df-22d1-51021ca74ea5.com.samsung.health.heart_rate.binning_data.json,424f16da-eb0a-e7df-22d1-51021ca74ea5,,
21301,,1594862006000,UTC+0900,78.0,1,,1594862006000,78.0,xUcHHNl7co,1594862006000,com.sec.android.app.shealth,1594862006000,78.0,,95f8d59e-32bf-ad85-9270-c592670695bd,,
21301,,1594870581000,UTC+0900,101.0,1,,1594870581000,101.0,xUcHHNl7co,1594870581000,com.sec.android.app.shealth,1594870581000,101.0,,0e6ae17c-b002-8224-167f-85d7acc392c4,,
21313,,1594918799000,UTC+0900,97.0,1,,1594918799000,66.0,xUcHHNl7co,1594915200000,com.sec.android.app.shealth,1594918799000,57.0,57e62652-b0e0-0ecb-f513-a471d6f2b5de.com.samsung.health.heart_rate.binning_data.json,57e62652-b0e0-0ecb-f513-a471d6f2b5de,,
21313,,1594875599000,UTC+0900,116.0,1,,1594875599000,81.0,xUcHHNl7co,1594872000000,com.sec.android.app.shealth,1594875599000,70.0,e86470cc-bc86-545a-6e73-48742ad7343d.com.samsung.health.heart_rate.binning_data.json,e86470cc-bc86-545a-6e73-48742ad7343d,,
21301,,1594937475000,UTC+0900,73.0,1,,1594937475000,73.0,xUcHHNl7co,1594937475000,com.sec.android.app.shealth,1594937475000,73.0,,6c4fa9cf-a2a2-2236-9b75-63c5d7549440,,
21301,,1594946833000,UTC+0900,86.0,1,,1594946833000,86.0,xUcHHNl7co,1594946833000,com.sec.android.app.shealth,1594946833000,86.0,,a78b5c6b-f90a-b11b-2937-c89c31db2f0d,,
21301,,1594880595000,UTC+0900,81.0,1,,1594880595000,81.0,xUcHHNl7co,1594880595000,com.sec.android.app.shealth,1594880595000,81.0,,9fe51f19-4faf-0ffc-02a0-35b1e1d5f4bc,,
21313,,1594951620000,UTC+0900,98.0,1,,1594954799000,74.0,xUcHHNl7co,1594951200000,com.sec.android.app.shealth,1594954799000,61.0,42b3dcf1-8077-f5df-bc80-9fbde7cbb164.com.samsung.health.heart_rate.binning_data.json,42b3dcf1-8077-f5df-bc80-9fbde7cbb164,,
21313,,1594886399000,UTC+0900,107.0,1,,1594886399000,79.0,xUcHHNl7co,1594882800000,com.sec.android.app.shealth,1594886399000,66.0,ecd0d163-05aa-cd27-0afa-0c4b8f012944.com.samsung.health.heart_rate.binning_data.json,ecd0d163-05aa-cd27-0afa-0c4b8f012944,,
21301,,1594957975000,UTC+0900,83.0,1,,1594957975000,83.0,xUcHHNl7co,1594957975000,com.sec.android.app.shealth,1594957975000,83.0,,48ba53cf-348d-575c-6342-6d7e74a904d6,,
21301,,1594893773000,UTC+0900,83.0,1,,1594893773000,83.0,xUcHHNl7co,1594893773000,com.sec.android.app.shealth,1594893773000,83.0,,7a4750ad-89fe-a579-ce30-3f554ca4197d,,
21301,,1594964045000,UTC+0900,76.0,1,,1594964045000,76.0,xUcHHNl7co,1594964045000,com.sec.android.app.shealth,1594964045000,76.0,,6c620bf2-6913-16ec-bd82-bb1da67e2b1c,,
21301,,1594967024000,UTC+0900,73.0,1,,1594967024000,73.0,xUcHHNl7co,1594967024000,com.sec.android.app.shealth,1594967024000,73.0,,f99c8edb-b952-1517-a09a-46dba9c2a66f,,
21313,,1594695900000,UTC+0900,118.0,1,,1594699199000,92.0,xUcHHNl7co,1594695600000,com.sec.android.app.shealth,1594699199000,75.0,db761040-a500-4ce6-e1e8-6d13c5f53377.com.samsung.health.heart_rate.binning_data.json,db761040-a500-4ce6-e1e8-6d13c5f53377,,
21313,,1594906140000,UTC+0900,212.0,1,,1594907999000,107.0,xUcHHNl7co,1594904400000,com.sec.android.app.shealth,1594907999000,53.0,092fac1d-1de1-d6bb-bc4e-1a3480c665be.com.samsung.health.heart_rate.binning_data.json,092fac1d-1de1-d6bb-bc4e-1a3480c665be,,
21301,,1594916888000,UTC+0900,68.0,1,,1594916888000,68.0,xUcHHNl7co,1594916888000,com.sec.android.app.shealth,1594916888000,68.0,,28fb614c-4a99-8172-6684-27008f5f8996,,
21301,,1594701781000,UTC+0900,77.0,1,,1594701781000,77.0,xUcHHNl7co,1594701781000,com.sec.android.app.shealth,1594701781000,77.0,,e43b6757-3169-322c-9394-2b927e81d2af,,
21313,,1594933199000,UTC+0900,93.0,1,,1594933199000,58.0,xUcHHNl7co,1594929600000,com.sec.android.app.shealth,1594933199000,41.0,56c31b22-1a77-6706-3d63-2305a52e824b.com.samsung.health.heart_rate.binning_data.json,56c31b22-1a77-6706-3d63-2305a52e824b,,
21313,,1594706280000,UTC+0900,102.0,1,,1594706280000,82.0,xUcHHNl7co,1594702800000,com.sec.android.app.shealth,1594706696000,71.0,4611028f-c80e-b9c4-83fb-3f0f1a1db401.com.samsung.health.heart_rate.binning_data.json,4611028f-c80e-b9c4-83fb-3f0f1a1db401,,
21313,,1594941360000,UTC+0900,156.0,1,,1594943820000,103.0,xUcHHNl7co,1594940400000,com.sec.android.app.shealth,1594944107000,65.0,b689af05-ddc0-ca24-bd15-dd365d45af02.com.samsung.health.heart_rate.binning_data.json,b689af05-ddc0-ca24-bd15-dd365d45af02,,
21313,,1594709999000,UTC+0900,104.0,1,,1594709999000,79.0,xUcHHNl7co,1594706400000,com.sec.android.app.shealth,1594709999000,70.0,b82b6697-ab2a-a80c-9ab7-aabce2fb3a84.com.samsung.health.heart_rate.binning_data.json,b82b6697-ab2a-a80c-9ab7-aabce2fb3a84,,
21301,,1594948838000,UTC+0900,99.0,1,,1594948838000,99.0,xUcHHNl7co,1594948838000,com.sec.android.app.shealth,1594948838000,99.0,,4362ac87-4ec3-97c2-9c1c-bfb4b2779861,,
21301,,1594715535000,UTC+0900,100.0,1,,1594715535000,100.0,xUcHHNl7co,1594715535000,com.sec.android.app.shealth,1594715535000,100.0,,91ca9a3e-4eda-2c2b-968e-2791be63f83e,,
21301,,1594720073000,UTC+0900,76.0,1,,1594720073000,76.0,xUcHHNl7co,1594720073000,com.sec.android.app.shealth,1594720073000,76.0,,14470f5c-859b-36dc-5e6b-07e6abb614e0,,
21301,,1594725614000,UTC+0900,86.0,1,,1594725614000,86.0,xUcHHNl7co,1594725614000,com.sec.android.app.shealth,1594725614000,86.0,,d69e4986-ae7a-ad5c-627c-0e4cd5acd4ae,,
21301,,1594954407000,UTC+0900,76.0,1,,1594954407000,76.0,xUcHHNl7co,1594954407000,com.sec.android.app.shealth,1594954407000,76.0,,54de18e4-987d-c715-a222-9398380b084b,,
21301,,1594960995000,UTC+0900,71.0,1,,1594960995000,71.0,xUcHHNl7co,1594960995000,com.sec.android.app.shealth,1594960995000,71.0,,c39a24a7-f578-9833-5977-ade4174bf3da,,
21301,,1594744330000,UTC+0900,64.0,1,,1594744330000,64.0,xUcHHNl7co,1594744330000,com.sec.android.app.shealth,1594744330000,64.0,,5a15299e-a750-aac0-cac2-403354f74dbf,,
21301,,1594747567000,UTC+0900,60.0,1,,1594747567000,60.0,xUcHHNl7co,1594747567000,com.sec.android.app.shealth,1594747567000,60.0,,4f534f02-4c0e-d106-3fee-e1aca5724744,,
21301,,1594762253000,UTC+0900,62.0,1,,1594762253000,62.0,xUcHHNl7co,1594762253000,com.sec.android.app.shealth,1594762253000,62.0,,64d92184-73ff-b148-c6e1-2824b7010e97,,
21301,,1594769557000,UTC+0900,83.0,1,,1594769557000,83.0,xUcHHNl7co,1594769557000,com.sec.android.app.shealth,1594769557000,83.0,,0a658779-05a6-6d62-a33c-ace0ebe3f10e,,
21313,,1594965780000,UTC+0900,102.0,1,,1594968720000,78.0,xUcHHNl7co,1594965600000,com.sec.android.app.shealth,1594969334000,60.0,6336d179-49bf-840f-41f4-e873caf9c114.com.samsung.health.heart_rate.binning_data.json,6336d179-49bf-840f-41f4-e873caf9c114,,
21313,,1594775460000,UTC+0900,98.0,1,,1594778399000,75.0,xUcHHNl7co,1594774800000,com.sec.android.app.shealth,1594778399000,64.0,26b6a7cd-a1d0-5bcd-5549-92cbb0ba6ab2.com.samsung.health.heart_rate.binning_data.json,26b6a7cd-a1d0-5bcd-5549-92cbb0ba6ab2,,
21301,,1594781378000,UTC+0900,77.0,1,,1594781378000,77.0,xUcHHNl7co,1594781378000,com.sec.android.app.shealth,1594781378000,77.0,,d4c0b18c-83e7-06b6-28a3-e9bcc47c7dfe,,
21301,,1594789734000,UTC+0900,95.0,1,,1594789734000,95.0,xUcHHNl7co,1594789734000,com.sec.android.app.shealth,1594789734000,95.0,,bfda9c71-a541-3db2-455f-2d4fd40fbc4f,,
21313,,1594969320000,UTC+0900,87.0,1,,1594969800000,71.0,xUcHHNl7co,1594969200000,com.sec.android.app.shealth,1594969922000,65.0,d4795eea-30e9-0644-e4a3-3ee37b2bab70.com.samsung.health.heart_rate.binning_data.json,d4795eea-30e9-0644-e4a3-3ee37b2bab70,,
21301,,1594794637000,UTC+0900,79.0,1,,1594794637000,79.0,xUcHHNl7co,1594794637000,com.sec.android.app.shealth,1594794637000,79.0,,617d03e5-f77c-71e0-45bd-593028c52ed6,,
21301,,1594800503000,UTC+0900,73.0,1,,1594800503000,73.0,xUcHHNl7co,1594800503000,com.sec.android.app.shealth,1594800503000,73.0,,8f947912-afe0-d259-8b9d-12ebd9b3246d,,
21301,,1594807204000,UTC+0900,75.0,1,,1594807204000,75.0,xUcHHNl7co,1594807204000,com.sec.android.app.shealth,1594807204000,75.0,,b42861d3-3e76-3051-08f0-c35390595816,,
21313,,1594828799000,UTC+0900,92.0,1,,1594828799000,64.0,xUcHHNl7co,1594825200000,com.sec.android.app.shealth,1594828799000,59.0,a9dc38ed-9776-3f79-5dc9-01a762dadefa.com.samsung.health.heart_rate.binning_data.json,a9dc38ed-9776-3f79-5dc9-01a762dadefa,,
21313,,1594846799000,UTC+0900,91.0,1,,1594846799000,59.0,xUcHHNl7co,1594843200000,com.sec.android.app.shealth,1594846799000,40.0,8a76089a-4257-0f75-ddb6-dae33931d82c.com.samsung.health.heart_rate.binning_data.json,8a76089a-4257-0f75-ddb6-dae33931d82c,,
21301,,1594853194000,UTC+0900,210.0,1,,1594853194000,210.0,xUcHHNl7co,1594853194000,com.sec.android.app.shealth,1594853194000,210.0,,5b353b49-449f-f213-930a-74a399608dc7,,
21301,,1594860734000,UTC+0900,78.0,1,,1594860734000,78.0,xUcHHNl7co,1594860734000,com.sec.android.app.shealth,1594860734000,78.0,,d91fb413-12e9-44bd-2644-e89a0a34a6f8,,
21301,,1594867044000,UTC+0900,79.0,1,,1594867044000,79.0,xUcHHNl7co,1594867044000,com.sec.android.app.shealth,1594867044000,79.0,,8345782c-a321-8cec-c68e-8fd32f5379c6,,
21301,,1594873747000,UTC+0900,86.0,1,,1594873747000,86.0,xUcHHNl7co,1594873747000,com.sec.android.app.shealth,1594873747000,86.0,,19153ba7-1d67-4166-e73f-7326742f27b1,,
21313,,1594879199000,UTC+0900,102.0,1,,1594879199000,79.0,xUcHHNl7co,1594875600000,com.sec.android.app.shealth,1594879199000,69.0,9f69d558-d332-4a2f-c4ef-bc184430bcae.com.samsung.health.heart_rate.binning_data.json,9f69d558-d332-4a2f-c4ef-bc184430bcae,,
21313,,1594882799000,UTC+0900,112.0,1,,1594882799000,77.0,xUcHHNl7co,1594879200000,com.sec.android.app.shealth,1594882799000,63.0,7cfb7678-afcc-e03f-d951-b5484cc1369c.com.samsung.health.heart_rate.binning_data.json,7cfb7678-afcc-e03f-d951-b5484cc1369c,,
21313,,1594890720000,UTC+0900,117.0,1,,1594893599000,88.0,xUcHHNl7co,1594890000000,com.sec.android.app.shealth,1594893599000,67.0,ad04e088-0d9f-642a-f99d-2034eb04ddd9.com.samsung.health.heart_rate.binning_data.json,ad04e088-0d9f-642a-f99d-2034eb04ddd9,,
21301,,1594898297000,UTC+0900,79.0,1,,1594898297000,79.0,xUcHHNl7co,1594898297000,com.sec.android.app.shealth,1594898297000,79.0,,eeab3e64-7470-30ff-f983-b894b8e37f45,,
21301,,1594913525000,UTC+0900,187.0,1,,1594913525000,187.0,xUcHHNl7co,1594913525000,com.sec.android.app.shealth,1594913525000,187.0,,1ca9e4ec-ea62-b5c3-9cf4-3e1112a5bb59,,
21313,,1594925999000,UTC+0900,93.0,1,,1594925999000,58.0,xUcHHNl7co,1594922400000,com.sec.android.app.shealth,1594925999000,45.0,d37409b0-ab31-b4db-0651-b76c8b5ddbdb.com.samsung.health.heart_rate.binning_data.json,d37409b0-ab31-b4db-0651-b76c8b5ddbdb,,
21313,,1594938360000,UTC+0900,101.0,1,,1594940399000,70.0,xUcHHNl7co,1594936800000,com.sec.android.app.shealth,1594940399000,50.0,5678c006-e900-60af-5f25-24bddfa3e5a7.com.samsung.health.heart_rate.binning_data.json,5678c006-e900-60af-5f25-24bddfa3e5a7,,
21301,,1594947452000,UTC+0900,93.0,1,,1594947452000,93.0,xUcHHNl7co,1594947452000,com.sec.android.app.shealth,1594947452000,93.0,,252393a6-6917-061a-bfcd-0621dba916a5,,
21301,,1594953105000,UTC+0900,71.0,1,,1594953105000,71.0,xUcHHNl7co,1594953105000,com.sec.android.app.shealth,1594953105000,71.0,,cbd198ca-18cb-32fb-3667-810e77bdeb1b,,
21301,,1594959204000,UTC+0900,80.0,1,,1594959204000,80.0,xUcHHNl7co,1594959204000,com.sec.android.app.shealth,1594959204000,80.0,,e38b47ac-a136-50ff-4777-230f21ecae7c,,
21301,,1594964961000,UTC+0900,65.0,1,,1594964961000,65.0,xUcHHNl7co,1594964961000,com.sec.android.app.shealth,1594964961000,65.0,,5e00edf6-6044-be92-996d-5ab2c8dd889e,,
21301,,1594968264000,UTC+0900,77.0,1,,1594968264000,77.0,xUcHHNl7co,1594968264000,com.sec.android.app.shealth,1594968264000,77.0,,b685fd40-28af-c40a-2a0a-74a341cf18c4,,
