com.samsung.shealth.stress,1140029,7
update_time,pkg_name,time_offset,binning_data,max,start_time,comment,tag_id,deviceuuid,custom,end_time,datauuid,create_time,score,algorithm,min
2020. 07. 06. 13:28:29,com.sec.android.app.shealth,32400000,,0.000000,2020. 07. 06. 13:02:29,,10000,ITeeWLY/e8,,2020. 07. 06. 13:02:29,15a0a457-1737-90f0-e031-41286e2d37f8,2020. 07. 06. 13:02:29,0.000000,1,0.000000,
2020. 07. 06. 22:03:23,com.sec.android.app.shealth,32400000,,100.000000,2020. 07. 06. 22:03:23,,10000,ITeeWLY/e8,,2020. 07. 06. 22:03:23,c0218e83-56ec-b49c-c544-49ded576efc0,2020. 07. 06. 22:03:23,100.000000,1,100.000000,
2020. 07. 06. 22:04:16,com.sec.android.app.shealth,32400000,,99.000000,2020. 07. 06. 22:04:16,,10000,ITeeWLY/e8,,2020. 07. 06. 22:04:16,c5c55edd-3c0f-c2b0-2a7c-54d85799a5e7,2020. 07. 06. 22:04:16,99.000000,1,99.000000,
2020. 07. 07. 14:15:15,com.sec.android.app.shealth,32400000,,99.000000,2020. 07. 07. 10:03:39,,10000,ITeeWLY/e8,,2020. 07. 07. 10:03:39,9b868417-2901-0666-918a-d4c2dc68e5be,2020. 07. 07. 10:03:39,99.000000,1,99.000000,
2020. 07. 07. 15:09:50,com.sec.android.app.shealth,32400000,,0.000000,2020. 07. 07. 14:13:44,,10000,ITeeWLY/e8,,2020. 07. 07. 14:13:44,2b8d94e6-e7a4-17db-773e-84c5eb0c0e67,2020. 07. 07. 14:13:44,0.000000,1,0.000000,
2020. 07. 07. 16:04:25,com.sec.android.app.shealth,32400000,5b9227db-2680-9ea4-f8af-cba21611e415.binning_data,100.000000,2020. 07. 07. 15:00:00,,10011,ITeeWLY/e8,,2020. 07. 07. 15:59:59,5b9227db-2680-9ea4-f8af-cba21611e415,2020. 07. 07. 16:04:25,6.000000,1,0.000000,
2020. 07. 07. 17:03:56,com.sec.android.app.shealth,32400000,48da74a8-cafc-866e-a942-8abcd8380360.binning_data,40.000000,2020. 07. 07. 16:00:00,,10011,ITeeWLY/e8,,2020. 07. 07. 16:59:59,48da74a8-cafc-866e-a942-8abcd8380360,2020. 07. 07. 17:03:56,1.000000,1,0.000000,
2020. 07. 07. 18:03:15,com.sec.android.app.shealth,32400000,bd64f440-586c-961c-2615-17f43371f2b2.binning_data,13.000000,2020. 07. 07. 17:00:00,,10011,ITeeWLY/e8,,2020. 07. 07. 17:59:59,bd64f440-586c-961c-2615-17f43371f2b2,2020. 07. 07. 18:03:15,0.000000,1,0.000000,
2020. 07. 07. 19:02:32,com.sec.android.app.shealth,32400000,69cbc478-e338-ed50-7bf6-c0792acc928e.binning_data,7.000000,2020. 07. 07. 18:00:00,,10011,ITeeWLY/e8,,2020. 07. 07. 18:59:59,69cbc478-e338-ed50-7bf6-c0792acc928e,2020. 07. 07. 19:02:32,0.000000,1,0.000000,
2020. 07. 07. 20:02:51,com.sec.android.app.shealth,32400000,e1f3c9d3-e847-64b4-e4ca-5c1fffdee518.binning_data,89.000000,2020. 07. 07. 19:00:00,,10011,ITeeWLY/e8,,2020. 07. 07. 19:59:59,e1f3c9d3-e847-64b4-e4ca-5c1fffdee518,2020. 07. 07. 20:02:51,6.000000,1,0.000000,
2020. 07. 07. 21:10:18,com.sec.android.app.shealth,32400000,02487f37-e7e5-b88a-688f-a2f6a3e31a1d.binning_data,89.000000,2020. 07. 07. 20:00:00,,10011,ITeeWLY/e8,,2020. 07. 07. 20:59:59,02487f37-e7e5-b88a-688f-a2f6a3e31a1d,2020. 07. 07. 21:10:18,11.000000,1,0.000000,
2020. 07. 07. 22:07:08,com.sec.android.app.shealth,32400000,59500648-80f0-ceb3-dde0-a4377df50f0e.binning_data,99.000000,2020. 07. 07. 21:00:00,,10011,ITeeWLY/e8,,2020. 07. 07. 21:59:59,59500648-80f0-ceb3-dde0-a4377df50f0e,2020. 07. 07. 22:07:08,14.000000,1,1.000000,
2020. 07. 08. 08:38:30,com.sec.android.app.shealth,32400000,bc80fca0-1f20-a77d-32ca-8a999eacda46.binning_data,100.000000,2020. 07. 07. 22:00:00,,10011,ITeeWLY/e8,,2020. 07. 07. 22:59:59,bc80fca0-1f20-a77d-32ca-8a999eacda46,2020. 07. 08. 08:38:30,12.000000,1,0.000000,
2020. 07. 08. 09:56:26,com.sec.android.app.shealth,32400000,3d75c8c5-74e0-0a98-ab9f-28fba556cadd.binning_data,100.000000,2020. 07. 08. 08:00:00,,10011,ITeeWLY/e8,,2020. 07. 08. 08:59:59,3d75c8c5-74e0-0a98-ab9f-28fba556cadd,2020. 07. 08. 09:56:26,46.000000,1,0.000000,
2020. 07. 08. 10:06:26,com.sec.android.app.shealth,32400000,d921730a-d153-663a-7c9e-c7dd2da2b309.binning_data,0.000000,2020. 07. 08. 09:00:00,,10011,ITeeWLY/e8,,2020. 07. 08. 09:59:59,d921730a-d153-663a-7c9e-c7dd2da2b309,2020. 07. 08. 10:06:26,0.000000,1,0.000000,
2020. 07. 08. 11:01:52,com.sec.android.app.shealth,32400000,d94d4afa-8563-36f2-7dcd-49b7ee402acf.binning_data,62.000000,2020. 07. 08. 10:00:00,,10011,ITeeWLY/e8,,2020. 07. 08. 10:59:59,d94d4afa-8563-36f2-7dcd-49b7ee402acf,2020. 07. 08. 11:01:52,0.000000,1,0.000000,
2020. 07. 08. 12:03:29,com.sec.android.app.shealth,32400000,70c5ef48-ce1b-d39d-d649-115500834950.binning_data,56.000000,2020. 07. 08. 11:00:00,,10011,ITeeWLY/e8,,2020. 07. 08. 11:59:59,70c5ef48-ce1b-d39d-d649-115500834950,2020. 07. 08. 12:03:29,1.000000,1,0.000000,
2020. 07. 08. 13:45:48,com.sec.android.app.shealth,32400000,7af70142-db59-4f4c-18b2-0d52524cfa3c.binning_data,99.000000,2020. 07. 08. 12:00:00,,10011,ITeeWLY/e8,,2020. 07. 08. 12:59:59,7af70142-db59-4f4c-18b2-0d52524cfa3c,2020. 07. 08. 13:45:48,7.000000,1,0.000000,
2020. 07. 08. 14:05:28,com.sec.android.app.shealth,32400000,69b9b21c-2cc5-233b-03e7-a7c3f29082be.binning_data,78.000000,2020. 07. 08. 13:00:00,,10011,ITeeWLY/e8,,2020. 07. 08. 13:59:59,69b9b21c-2cc5-233b-03e7-a7c3f29082be,2020. 07. 08. 14:05:28,1.000000,1,0.000000,
2020. 07. 08. 15:21:13,com.sec.android.app.shealth,32400000,c776703e-b9a4-52e9-3cfd-79785b0a3902.binning_data,89.000000,2020. 07. 08. 14:00:00,,10011,ITeeWLY/e8,,2020. 07. 08. 14:59:59,c776703e-b9a4-52e9-3cfd-79785b0a3902,2020. 07. 08. 15:21:13,0.000000,1,0.000000,
2020. 07. 08. 15:54:48,com.sec.android.app.shealth,32400000,952aae9f-c3e9-06b3-45dc-f8d10c0555ef.binning_data,1.000000,2020. 07. 08. 15:00:00,,10011,ITeeWLY/e8,,2020. 07. 08. 15:54:36,952aae9f-c3e9-06b3-45dc-f8d10c0555ef,2020. 07. 08. 15:54:48,0.000000,1,0.000000,
2020. 07. 09. 09:05:03,com.sec.android.app.shealth,32400000,c1307eff-1b29-b1b4-734b-13c527709b7e.binning_data,74.000000,2020. 07. 09. 08:00:00,,10011,ITeeWLY/e8,,2020. 07. 09. 08:59:59,c1307eff-1b29-b1b4-734b-13c527709b7e,2020. 07. 09. 09:05:03,13.000000,1,0.000000,
2020. 07. 09. 10:01:27,com.sec.android.app.shealth,32400000,7310bcdd-06a7-f460-2c12-7c58158be116.binning_data,99.000000,2020. 07. 09. 09:00:00,,10011,ITeeWLY/e8,,2020. 07. 09. 09:59:59,7310bcdd-06a7-f460-2c12-7c58158be116,2020. 07. 09. 10:01:27,9.000000,1,0.000000,
2020. 07. 09. 11:03:11,com.sec.android.app.shealth,32400000,d56e8d2d-13ee-ed17-1b39-de81cce56452.binning_data,91.000000,2020. 07. 09. 10:00:00,,10011,ITeeWLY/e8,,2020. 07. 09. 10:59:59,d56e8d2d-13ee-ed17-1b39-de81cce56452,2020. 07. 09. 11:03:11,2.000000,1,0.000000,
2020. 07. 09. 12:05:45,com.sec.android.app.shealth,32400000,d49ff942-8072-7ead-3f27-b4521dd89c9e.binning_data,100.000000,2020. 07. 09. 11:00:00,,10011,ITeeWLY/e8,,2020. 07. 09. 11:59:59,d49ff942-8072-7ead-3f27-b4521dd89c9e,2020. 07. 09. 12:05:45,8.000000,1,0.000000,
2020. 07. 09. 13:03:36,com.sec.android.app.shealth,32400000,ac2c9b7f-b13e-4987-233b-b2c6934ee751.binning_data,100.000000,2020. 07. 09. 12:00:00,,10011,ITeeWLY/e8,,2020. 07. 09. 12:59:59,ac2c9b7f-b13e-4987-233b-b2c6934ee751,2020. 07. 09. 13:03:36,26.000000,1,0.000000,
2020. 07. 09. 14:05:09,com.sec.android.app.shealth,32400000,665d71e0-d230-f17f-5702-25065c16c86c.binning_data,100.000000,2020. 07. 09. 13:00:00,,10011,ITeeWLY/e8,,2020. 07. 09. 13:59:59,665d71e0-d230-f17f-5702-25065c16c86c,2020. 07. 09. 14:05:09,22.000000,1,0.000000,
2020. 07. 09. 15:01:32,com.sec.android.app.shealth,32400000,5bfcbf7f-117a-b6da-7dbe-65e0ddd8a110.binning_data,99.000000,2020. 07. 09. 14:00:00,,10011,ITeeWLY/e8,,2020. 07. 09. 14:59:59,5bfcbf7f-117a-b6da-7dbe-65e0ddd8a110,2020. 07. 09. 15:01:32,9.000000,1,0.000000,
2020. 07. 09. 16:06:42,com.sec.android.app.shealth,32400000,ec9ac85c-5136-43f5-f309-e689e1937123.binning_data,99.000000,2020. 07. 09. 15:00:00,,10011,ITeeWLY/e8,,2020. 07. 09. 15:59:59,ec9ac85c-5136-43f5-f309-e689e1937123,2020. 07. 09. 16:06:42,16.000000,1,0.000000,
2020. 07. 09. 17:10:42,com.sec.android.app.shealth,32400000,18d6a9b2-ac1d-da0a-c307-5f52df482e8b.binning_data,98.000000,2020. 07. 09. 16:00:00,,10011,ITeeWLY/e8,,2020. 07. 09. 16:59:59,18d6a9b2-ac1d-da0a-c307-5f52df482e8b,2020. 07. 09. 17:10:42,21.000000,1,0.000000,
2020. 07. 09. 18:05:38,com.sec.android.app.shealth,32400000,2e26c808-6044-e3c2-cd8f-d456ebdbf434.binning_data,99.000000,2020. 07. 09. 17:00:00,,10011,ITeeWLY/e8,,2020. 07. 09. 17:59:59,2e26c808-6044-e3c2-cd8f-d456ebdbf434,2020. 07. 09. 18:05:38,42.000000,1,0.000000,
2020. 07. 10. 08:40:46,com.sec.android.app.shealth,32400000,43bb88d6-9470-749d-6c34-65dbbe445a90.binning_data,100.000000,2020. 07. 09. 18:00:00,,10011,ITeeWLY/e8,,2020. 07. 09. 18:59:59,43bb88d6-9470-749d-6c34-65dbbe445a90,2020. 07. 10. 08:40:46,4.000000,1,0.000000,
2020. 07. 10. 09:07:49,com.sec.android.app.shealth,32400000,b2f0b089-fa70-5f2f-04ca-d4b63e3cd564.binning_data,97.000000,2020. 07. 10. 08:00:00,,10011,ITeeWLY/e8,,2020. 07. 10. 08:59:59,b2f0b089-fa70-5f2f-04ca-d4b63e3cd564,2020. 07. 10. 09:07:49,29.000000,1,0.000000,
2020. 07. 10. 10:03:49,com.sec.android.app.shealth,32400000,87691737-3a1c-ca8a-7901-5f07fb3830a4.binning_data,94.000000,2020. 07. 10. 09:00:00,,10011,ITeeWLY/e8,,2020. 07. 10. 09:59:59,87691737-3a1c-ca8a-7901-5f07fb3830a4,2020. 07. 10. 10:03:49,6.000000,1,0.000000,
2020. 07. 10. 11:09:46,com.sec.android.app.shealth,32400000,03992acc-f65b-1320-18cb-0643785bae55.binning_data,96.000000,2020. 07. 10. 10:00:00,,10011,ITeeWLY/e8,,2020. 07. 10. 10:59:59,03992acc-f65b-1320-18cb-0643785bae55,2020. 07. 10. 11:09:46,5.000000,1,0.000000,
2020. 07. 10. 12:05:02,com.sec.android.app.shealth,32400000,5416d16c-d886-d5a8-6ee0-f35259918b5c.binning_data,98.000000,2020. 07. 10. 11:00:00,,10011,ITeeWLY/e8,,2020. 07. 10. 11:59:59,5416d16c-d886-d5a8-6ee0-f35259918b5c,2020. 07. 10. 12:05:02,19.000000,1,0.000000,
2020. 07. 10. 13:05:48,com.sec.android.app.shealth,32400000,3d3716d4-9769-cf50-77c2-7542676b0953.binning_data,100.000000,2020. 07. 10. 12:00:00,,10011,ITeeWLY/e8,,2020. 07. 10. 12:59:59,3d3716d4-9769-cf50-77c2-7542676b0953,2020. 07. 10. 13:05:48,48.000000,1,0.000000,
2020. 07. 10. 14:08:49,com.sec.android.app.shealth,32400000,be9f6e76-8754-d33c-b4fb-a55cd80cb10a.binning_data,100.000000,2020. 07. 10. 13:00:00,,10011,ITeeWLY/e8,,2020. 07. 10. 13:59:59,be9f6e76-8754-d33c-b4fb-a55cd80cb10a,2020. 07. 10. 14:08:49,37.000000,1,0.000000,
2020. 07. 10. 15:01:33,com.sec.android.app.shealth,32400000,1b1d7c20-f238-6890-606a-69235579bec8.binning_data,98.000000,2020. 07. 10. 14:00:00,,10011,ITeeWLY/e8,,2020. 07. 10. 14:59:59,1b1d7c20-f238-6890-606a-69235579bec8,2020. 07. 10. 15:01:33,22.000000,1,0.000000,
2020. 07. 10. 16:06:26,com.sec.android.app.shealth,32400000,aad391b4-1a65-b3b7-7a86-5f9dd60c0441.binning_data,99.000000,2020. 07. 10. 15:00:00,,10011,ITeeWLY/e8,,2020. 07. 10. 15:59:59,aad391b4-1a65-b3b7-7a86-5f9dd60c0441,2020. 07. 10. 16:06:26,10.000000,1,0.000000,
2020. 07. 10. 17:01:34,com.sec.android.app.shealth,32400000,94c64547-32c5-9c71-fd70-bbafe723d447.binning_data,98.000000,2020. 07. 10. 16:00:00,,10011,ITeeWLY/e8,,2020. 07. 10. 16:59:59,94c64547-32c5-9c71-fd70-bbafe723d447,2020. 07. 10. 17:01:34,16.000000,1,0.000000,
2020. 07. 10. 18:05:41,com.sec.android.app.shealth,32400000,a27edaee-6001-b5a7-4242-4b0693415205.binning_data,95.000000,2020. 07. 10. 17:00:00,,10011,ITeeWLY/e8,,2020. 07. 10. 17:59:59,a27edaee-6001-b5a7-4242-4b0693415205,2020. 07. 10. 18:05:41,12.000000,1,0.000000,
2020. 07. 10. 19:07:13,com.sec.android.app.shealth,32400000,797139f8-10e7-120e-eda3-49e6ae10f96e.binning_data,100.000000,2020. 07. 10. 18:00:00,,10011,ITeeWLY/e8,,2020. 07. 10. 18:59:59,797139f8-10e7-120e-eda3-49e6ae10f96e,2020. 07. 10. 19:07:13,38.000000,1,0.000000,
2020. 07. 10. 20:09:13,com.sec.android.app.shealth,32400000,dc69ed27-8c95-5a03-bfdf-325fc0ccd134.binning_data,100.000000,2020. 07. 10. 19:00:00,,10011,ITeeWLY/e8,,2020. 07. 10. 19:59:59,dc69ed27-8c95-5a03-bfdf-325fc0ccd134,2020. 07. 10. 20:09:13,80.000000,1,0.000000,
2020. 07. 10. 21:01:25,com.sec.android.app.shealth,32400000,c8c89f14-0855-45ea-6519-6622b05d67da.binning_data,100.000000,2020. 07. 10. 20:00:00,,10011,ITeeWLY/e8,,2020. 07. 10. 20:59:59,c8c89f14-0855-45ea-6519-6622b05d67da,2020. 07. 10. 21:01:25,66.000000,1,1.000000,
2020. 07. 10. 22:01:15,com.sec.android.app.shealth,32400000,0dd8aacb-62a1-b4f3-d032-0867e7109d32.binning_data,100.000000,2020. 07. 10. 21:00:00,,10011,ITeeWLY/e8,,2020. 07. 10. 21:59:59,0dd8aacb-62a1-b4f3-d032-0867e7109d32,2020. 07. 10. 22:01:15,48.000000,1,0.000000,
2020. 07. 10. 23:04:24,com.sec.android.app.shealth,32400000,4703a5fb-f985-e7d7-1647-6f7fcf0ad9c5.binning_data,100.000000,2020. 07. 10. 22:00:00,,10011,ITeeWLY/e8,,2020. 07. 10. 22:59:59,4703a5fb-f985-e7d7-1647-6f7fcf0ad9c5,2020. 07. 10. 23:04:24,61.000000,1,1.000000,
2020. 07. 11. 13:46:22,com.sec.android.app.shealth,32400000,908cbcab-7edc-f9d0-8ecc-2832ca9055c2.binning_data,68.000000,2020. 07. 10. 23:00:00,,10011,ITeeWLY/e8,,2020. 07. 10. 23:59:59,908cbcab-7edc-f9d0-8ecc-2832ca9055c2,2020. 07. 11. 13:46:22,64.000000,1,61.000000,
2020. 07. 11. 14:06:25,com.sec.android.app.shealth,32400000,be8610d6-5a79-f9d8-edf0-3d651ad69dd8.binning_data,100.000000,2020. 07. 11. 13:00:00,,10011,ITeeWLY/e8,,2020. 07. 11. 13:59:59,be8610d6-5a79-f9d8-edf0-3d651ad69dd8,2020. 07. 11. 14:06:25,43.000000,1,0.000000,
2020. 07. 11. 14:21:17,com.sec.android.app.shealth,32400000,a88728f0-d9cb-5a99-4f31-ce214ca31989.binning_data,98.000000,2020. 07. 11. 14:00:00,,10011,ITeeWLY/e8,,2020. 07. 11. 14:21:17,a88728f0-d9cb-5a99-4f31-ce214ca31989,2020. 07. 11. 14:21:17,43.000000,1,0.000000,
2020. 07. 13. 09:07:27,com.sec.android.app.shealth,32400000,fcae4af1-3aed-1594-5d5e-e6895c62144a.binning_data,21.000000,2020. 07. 13. 08:00:00,,10011,ITeeWLY/e8,,2020. 07. 13. 08:59:59,fcae4af1-3aed-1594-5d5e-e6895c62144a,2020. 07. 13. 09:07:27,16.000000,1,12.000000,
2020. 07. 13. 10:03:56,com.sec.android.app.shealth,32400000,08887f2e-9665-6746-7869-664ccdeed065.binning_data,100.000000,2020. 07. 13. 09:00:00,,10011,ITeeWLY/e8,,2020. 07. 13. 09:59:59,08887f2e-9665-6746-7869-664ccdeed065,2020. 07. 13. 10:03:56,29.000000,1,0.000000,
2020. 07. 13. 11:01:39,com.sec.android.app.shealth,32400000,6864531e-ec13-a10e-1dcc-da4e131a9a9b.binning_data,82.000000,2020. 07. 13. 10:00:00,,10011,ITeeWLY/e8,,2020. 07. 13. 10:59:59,6864531e-ec13-a10e-1dcc-da4e131a9a9b,2020. 07. 13. 11:01:39,7.000000,1,0.000000,
2020. 07. 13. 12:06:13,com.sec.android.app.shealth,32400000,5bf0a726-aeaa-8742-7a1c-d37f09d4dd3e.binning_data,96.000000,2020. 07. 13. 11:00:00,,10011,ITeeWLY/e8,,2020. 07. 13. 11:59:59,5bf0a726-aeaa-8742-7a1c-d37f09d4dd3e,2020. 07. 13. 12:06:13,3.000000,1,0.000000,
2020. 07. 13. 13:10:31,com.sec.android.app.shealth,32400000,c63df857-33c9-d56a-5c82-08dbe7685813.binning_data,99.000000,2020. 07. 13. 12:00:00,,10011,ITeeWLY/e8,,2020. 07. 13. 12:59:59,c63df857-33c9-d56a-5c82-08dbe7685813,2020. 07. 13. 13:10:31,26.000000,1,0.000000,
2020. 07. 13. 14:01:01,com.sec.android.app.shealth,32400000,44955e1e-b8da-2784-a326-a9d69a485fbe.binning_data,100.000000,2020. 07. 13. 13:00:00,,10011,ITeeWLY/e8,,2020. 07. 13. 13:59:59,44955e1e-b8da-2784-a326-a9d69a485fbe,2020. 07. 13. 14:01:01,45.000000,1,0.000000,
2020. 07. 13. 15:04:56,com.sec.android.app.shealth,32400000,654a2347-f799-25d0-306a-dad8ab870306.binning_data,99.000000,2020. 07. 13. 14:00:00,,10011,ITeeWLY/e8,,2020. 07. 13. 14:59:59,654a2347-f799-25d0-306a-dad8ab870306,2020. 07. 13. 15:04:56,48.000000,1,0.000000,
2020. 07. 13. 16:06:51,com.sec.android.app.shealth,32400000,f4237612-94e7-c894-ac28-41c4a4370404.binning_data,100.000000,2020. 07. 13. 15:00:00,,10011,ITeeWLY/e8,,2020. 07. 13. 15:59:59,f4237612-94e7-c894-ac28-41c4a4370404,2020. 07. 13. 16:06:51,33.000000,1,0.000000,
2020. 07. 13. 17:02:35,com.sec.android.app.shealth,32400000,306864b9-b612-8a9c-aaed-5855dd38bfbf.binning_data,99.000000,2020. 07. 13. 16:00:00,,10011,ITeeWLY/e8,,2020. 07. 13. 16:59:59,306864b9-b612-8a9c-aaed-5855dd38bfbf,2020. 07. 13. 17:02:35,16.000000,1,0.000000,
2020. 07. 13. 18:01:11,com.sec.android.app.shealth,32400000,08bd8fc8-60f3-cd10-3c14-bb9bf77f1e00.binning_data,100.000000,2020. 07. 13. 17:00:00,,10011,ITeeWLY/e8,,2020. 07. 13. 17:59:59,08bd8fc8-60f3-cd10-3c14-bb9bf77f1e00,2020. 07. 13. 18:01:11,21.000000,1,0.000000,
2020. 07. 13. 19:07:07,com.sec.android.app.shealth,32400000,6bdac7a3-1479-5594-b5b3-115e1fa6ba26.binning_data,100.000000,2020. 07. 13. 18:00:00,,10011,ITeeWLY/e8,,2020. 07. 13. 18:59:59,6bdac7a3-1479-5594-b5b3-115e1fa6ba26,2020. 07. 13. 19:07:07,23.000000,1,0.000000,
2020. 07. 13. 20:09:36,com.sec.android.app.shealth,32400000,00ba769b-a4a1-6e3a-e0b0-b42cdd502bb8.binning_data,100.000000,2020. 07. 13. 19:00:00,,10011,ITeeWLY/e8,,2020. 07. 13. 19:59:59,00ba769b-a4a1-6e3a-e0b0-b42cdd502bb8,2020. 07. 13. 20:09:36,16.000000,1,0.000000,
2020. 07. 14. 08:45:01,com.sec.android.app.shealth,32400000,d5004981-6ab6-000a-de75-f3f747763d22.binning_data,95.000000,2020. 07. 13. 20:00:00,,10011,ITeeWLY/e8,,2020. 07. 13. 20:59:59,d5004981-6ab6-000a-de75-f3f747763d22,2020. 07. 14. 08:45:01,29.000000,1,0.000000,
2020. 07. 14. 09:05:16,com.sec.android.app.shealth,32400000,8c43442f-cfa6-35af-40a4-12c054ed244e.binning_data,100.000000,2020. 07. 14. 08:00:00,,10011,ITeeWLY/e8,,2020. 07. 14. 08:59:59,8c43442f-cfa6-35af-40a4-12c054ed244e,2020. 07. 14. 09:05:16,52.000000,1,0.000000,
2020. 07. 14. 10:05:22,com.sec.android.app.shealth,32400000,3ea6e966-a6ae-da6c-6fb1-53475c5a43d5.binning_data,100.000000,2020. 07. 14. 09:00:00,,10011,ITeeWLY/e8,,2020. 07. 14. 09:59:59,3ea6e966-a6ae-da6c-6fb1-53475c5a43d5,2020. 07. 14. 10:05:22,27.000000,1,0.000000,
2020. 07. 14. 11:01:00,com.sec.android.app.shealth,32400000,0bfeb0f8-4f0e-bcf1-de20-39d74121b02c.binning_data,100.000000,2020. 07. 14. 10:00:00,,10011,ITeeWLY/e8,,2020. 07. 14. 10:59:59,0bfeb0f8-4f0e-bcf1-de20-39d74121b02c,2020. 07. 14. 11:01:00,11.000000,1,0.000000,
2020. 07. 14. 12:09:51,com.sec.android.app.shealth,32400000,c2d55179-5392-9585-27f7-b698a62721c7.binning_data,99.000000,2020. 07. 14. 11:00:00,,10011,ITeeWLY/e8,,2020. 07. 14. 11:59:59,c2d55179-5392-9585-27f7-b698a62721c7,2020. 07. 14. 12:09:51,7.000000,1,0.000000,
2020. 07. 14. 13:05:34,com.sec.android.app.shealth,32400000,fc75b50f-4cb6-1d89-0675-dffca6497dc1.binning_data,100.000000,2020. 07. 14. 12:00:00,,10011,ITeeWLY/e8,,2020. 07. 14. 12:59:59,fc75b50f-4cb6-1d89-0675-dffca6497dc1,2020. 07. 14. 13:05:34,13.000000,1,0.000000,
2020. 07. 14. 14:01:00,com.sec.android.app.shealth,32400000,e52a904f-f523-3129-2e21-0a53070c150b.binning_data,95.000000,2020. 07. 14. 13:00:00,,10011,ITeeWLY/e8,,2020. 07. 14. 13:59:59,e52a904f-f523-3129-2e21-0a53070c150b,2020. 07. 14. 14:01:00,4.000000,1,0.000000,
2020. 07. 14. 15:03:06,com.sec.android.app.shealth,32400000,a7ff6d17-9f25-6ae2-18fc-6bb6dc45d2ca.binning_data,80.000000,2020. 07. 14. 14:00:00,,10011,ITeeWLY/e8,,2020. 07. 14. 14:59:59,a7ff6d17-9f25-6ae2-18fc-6bb6dc45d2ca,2020. 07. 14. 15:03:06,3.000000,1,0.000000,
2020. 07. 14. 16:07:15,com.sec.android.app.shealth,32400000,a9bab418-b23e-8554-2d1e-257cf0232947.binning_data,98.000000,2020. 07. 14. 15:00:00,,10011,ITeeWLY/e8,,2020. 07. 14. 15:59:59,a9bab418-b23e-8554-2d1e-257cf0232947,2020. 07. 14. 16:07:15,6.000000,1,0.000000,
2020. 07. 14. 17:03:35,com.sec.android.app.shealth,32400000,90fd2055-b217-39a4-1a4e-a0f65748763b.binning_data,52.000000,2020. 07. 14. 16:00:00,,10011,ITeeWLY/e8,,2020. 07. 14. 16:59:59,90fd2055-b217-39a4-1a4e-a0f65748763b,2020. 07. 14. 17:03:35,1.000000,1,0.000000,
2020. 07. 14. 18:07:11,com.sec.android.app.shealth,32400000,b51dfc1e-ebab-1395-3f9c-2823b4009dc7.binning_data,99.000000,2020. 07. 14. 17:00:00,,10011,ITeeWLY/e8,,2020. 07. 14. 17:59:59,b51dfc1e-ebab-1395-3f9c-2823b4009dc7,2020. 07. 14. 18:07:11,19.000000,1,0.000000,
2020. 07. 14. 19:01:52,com.sec.android.app.shealth,32400000,75a22565-aa6c-da31-c32c-27db47f34e66.binning_data,100.000000,2020. 07. 14. 18:00:00,,10011,ITeeWLY/e8,,2020. 07. 14. 18:59:59,75a22565-aa6c-da31-c32c-27db47f34e66,2020. 07. 14. 19:01:52,15.000000,1,0.000000,
2020. 07. 14. 20:06:33,com.sec.android.app.shealth,32400000,5a5c9bd3-8d47-ad9c-40af-578119e0f55e.binning_data,100.000000,2020. 07. 14. 19:00:00,,10011,ITeeWLY/e8,,2020. 07. 14. 19:59:59,5a5c9bd3-8d47-ad9c-40af-578119e0f55e,2020. 07. 14. 20:06:33,21.000000,1,0.000000,
2020. 07. 14. 21:02:37,com.sec.android.app.shealth,32400000,55d865be-fa1c-a539-3a3a-cbaa73b21831.binning_data,100.000000,2020. 07. 14. 20:00:00,,10011,ITeeWLY/e8,,2020. 07. 14. 20:59:59,55d865be-fa1c-a539-3a3a-cbaa73b21831,2020. 07. 14. 21:02:37,51.000000,1,0.000000,
2020. 07. 14. 22:03:34,com.sec.android.app.shealth,32400000,3da99119-838b-dc9e-230d-51c4cff91b7d.binning_data,99.000000,2020. 07. 14. 21:00:00,,10011,ITeeWLY/e8,,2020. 07. 14. 21:59:59,3da99119-838b-dc9e-230d-51c4cff91b7d,2020. 07. 14. 22:03:34,50.000000,1,0.000000,
2020. 07. 14. 23:03:40,com.sec.android.app.shealth,32400000,416e2983-4f7f-8655-62c8-7bf368753c5f.binning_data,100.000000,2020. 07. 14. 22:00:00,,10011,ITeeWLY/e8,,2020. 07. 14. 22:59:59,416e2983-4f7f-8655-62c8-7bf368753c5f,2020. 07. 14. 23:03:40,50.000000,1,0.000000,
2020. 07. 15. 09:07:05,com.sec.android.app.shealth,32400000,ca7561f7-e0de-fc4e-9854-3fea2fe439bb.binning_data,18.000000,2020. 07. 15. 08:00:00,,10011,ITeeWLY/e8,,2020. 07. 15. 08:59:59,ca7561f7-e0de-fc4e-9854-3fea2fe439bb,2020. 07. 15. 09:07:05,13.000000,1,8.000000,
2020. 07. 15. 10:08:25,com.sec.android.app.shealth,32400000,dc90d902-e8bf-9787-af09-8fdc15b469f8.binning_data,98.000000,2020. 07. 15. 09:00:00,,10011,ITeeWLY/e8,,2020. 07. 15. 09:59:59,dc90d902-e8bf-9787-af09-8fdc15b469f8,2020. 07. 15. 10:08:25,8.000000,1,0.000000,
2020. 07. 15. 11:08:32,com.sec.android.app.shealth,32400000,31e73045-374f-f38f-75d3-3ab4d37b866b.binning_data,97.000000,2020. 07. 15. 10:00:00,,10011,ITeeWLY/e8,,2020. 07. 15. 10:59:59,31e73045-374f-f38f-75d3-3ab4d37b866b,2020. 07. 15. 11:08:32,12.000000,1,0.000000,
2020. 07. 15. 12:02:00,com.sec.android.app.shealth,32400000,911929bf-c70d-2581-6042-432df1916d9d.binning_data,77.000000,2020. 07. 15. 11:00:00,,10011,ITeeWLY/e8,,2020. 07. 15. 11:59:59,911929bf-c70d-2581-6042-432df1916d9d,2020. 07. 15. 12:02:00,2.000000,1,0.000000,
2020. 07. 15. 13:02:22,com.sec.android.app.shealth,32400000,3b11283c-5c81-2089-4d57-e0ad244fffcf.binning_data,100.000000,2020. 07. 15. 12:00:00,,10011,ITeeWLY/e8,,2020. 07. 15. 12:59:59,3b11283c-5c81-2089-4d57-e0ad244fffcf,2020. 07. 15. 13:02:22,46.000000,1,0.000000,
2020. 07. 15. 15:03:46,com.sec.android.app.shealth,32400000,f396212b-c547-2c9b-672b-f551f037be86.binning_data,99.000000,2020. 07. 15. 14:00:00,,10011,ITeeWLY/e8,,2020. 07. 15. 14:59:59,f396212b-c547-2c9b-672b-f551f037be86,2020. 07. 15. 15:03:46,50.000000,1,11.000000,
2020. 07. 15. 16:01:39,com.sec.android.app.shealth,32400000,9f6aeb6a-4abe-c4d6-7c9d-eb442e488a4f.binning_data,99.000000,2020. 07. 15. 15:00:00,,10011,ITeeWLY/e8,,2020. 07. 15. 15:59:59,9f6aeb6a-4abe-c4d6-7c9d-eb442e488a4f,2020. 07. 15. 16:01:39,43.000000,1,0.000000,
2020. 07. 15. 17:07:33,com.sec.android.app.shealth,32400000,b77f0db3-d047-4fd5-1ecf-deba7c7f1cdb.binning_data,98.000000,2020. 07. 15. 16:00:00,,10011,ITeeWLY/e8,,2020. 07. 15. 16:59:59,b77f0db3-d047-4fd5-1ecf-deba7c7f1cdb,2020. 07. 15. 17:07:33,11.000000,1,0.000000,
2020. 07. 15. 18:02:12,com.sec.android.app.shealth,32400000,c1421d24-eaed-3e03-b1de-bae789d5ff22.binning_data,100.000000,2020. 07. 15. 17:00:00,,10011,ITeeWLY/e8,,2020. 07. 15. 17:59:59,c1421d24-eaed-3e03-b1de-bae789d5ff22,2020. 07. 15. 18:02:12,15.000000,1,0.000000,
2020. 07. 15. 19:08:03,com.sec.android.app.shealth,32400000,b8c71119-43e1-0bdc-4b26-62418b4d4e7f.binning_data,100.000000,2020. 07. 15. 18:00:00,,10011,ITeeWLY/e8,,2020. 07. 15. 18:59:59,b8c71119-43e1-0bdc-4b26-62418b4d4e7f,2020. 07. 15. 19:08:03,39.000000,1,0.000000,
2020. 07. 15. 20:10:21,com.sec.android.app.shealth,32400000,a0da10c5-65d2-b559-1714-947aeffb4d13.binning_data,100.000000,2020. 07. 15. 19:00:00,,10011,ITeeWLY/e8,,2020. 07. 15. 19:59:59,a0da10c5-65d2-b559-1714-947aeffb4d13,2020. 07. 15. 20:10:21,52.000000,1,10.000000,
2020. 07. 15. 21:10:35,com.sec.android.app.shealth,32400000,ec3d41fb-7e6e-d96c-8628-cafd63a78d96.binning_data,100.000000,2020. 07. 15. 20:00:00,,10011,ITeeWLY/e8,,2020. 07. 15. 20:59:59,ec3d41fb-7e6e-d96c-8628-cafd63a78d96,2020. 07. 15. 21:10:35,79.000000,1,0.000000,
2020. 07. 15. 22:10:48,com.sec.android.app.shealth,32400000,e1424c53-0628-652d-92ff-ced1453f9b09.binning_data,100.000000,2020. 07. 15. 21:00:00,,10011,ITeeWLY/e8,,2020. 07. 15. 21:59:59,e1424c53-0628-652d-92ff-ced1453f9b09,2020. 07. 15. 22:10:48,63.000000,1,12.000000,
2020. 07. 16. 08:44:51,com.sec.android.app.shealth,32400000,6e93c8f5-de17-8b1b-39b6-4045fc9d6e18.binning_data,100.000000,2020. 07. 15. 22:00:00,,10011,ITeeWLY/e8,,2020. 07. 15. 22:59:59,6e93c8f5-de17-8b1b-39b6-4045fc9d6e18,2020. 07. 16. 08:44:51,15.000000,1,0.000000,
2020. 07. 16. 09:04:56,com.sec.android.app.shealth,32400000,3c1005a1-fa42-5164-c59d-fc0725866a91.binning_data,65.000000,2020. 07. 16. 08:00:00,,10011,ITeeWLY/e8,,2020. 07. 16. 08:59:59,3c1005a1-fa42-5164-c59d-fc0725866a91,2020. 07. 16. 09:04:56,33.000000,1,15.000000,
2020. 07. 16. 10:07:13,com.sec.android.app.shealth,32400000,e98a342e-df67-d4f0-16e3-a4d4c825aa74.binning_data,99.000000,2020. 07. 16. 09:00:00,,10011,ITeeWLY/e8,,2020. 07. 16. 09:59:59,e98a342e-df67-d4f0-16e3-a4d4c825aa74,2020. 07. 16. 10:07:13,21.000000,1,0.000000,
2020. 07. 16. 11:03:37,com.sec.android.app.shealth,32400000,086694c0-0c78-f302-c3e0-22571e87bf19.binning_data,91.000000,2020. 07. 16. 10:00:00,,10011,ITeeWLY/e8,,2020. 07. 16. 10:59:59,086694c0-0c78-f302-c3e0-22571e87bf19,2020. 07. 16. 11:03:37,12.000000,1,0.000000,
2020. 07. 16. 12:06:27,com.sec.android.app.shealth,32400000,89ce0ef4-59f3-1292-57ea-7a81088f8dab.binning_data,87.000000,2020. 07. 16. 11:00:00,,10011,ITeeWLY/e8,,2020. 07. 16. 11:59:59,89ce0ef4-59f3-1292-57ea-7a81088f8dab,2020. 07. 16. 12:06:27,9.000000,1,0.000000,
2020. 07. 16. 13:05:15,com.sec.android.app.shealth,32400000,15342897-a942-0d1f-4c71-bad866532cf3.binning_data,100.000000,2020. 07. 16. 12:00:00,,10011,ITeeWLY/e8,,2020. 07. 16. 12:59:59,15342897-a942-0d1f-4c71-bad866532cf3,2020. 07. 16. 13:05:15,18.000000,1,0.000000,
2020. 07. 16. 14:05:22,com.sec.android.app.shealth,32400000,4ca45e96-80e4-c892-58dd-ba0589b2e1e2.binning_data,93.000000,2020. 07. 16. 13:00:00,,10011,ITeeWLY/e8,,2020. 07. 16. 13:59:59,4ca45e96-80e4-c892-58dd-ba0589b2e1e2,2020. 07. 16. 14:05:22,2.000000,1,0.000000,
2020. 07. 16. 15:05:57,com.sec.android.app.shealth,32400000,1f686cb2-0f54-4be3-40d0-039730cd3af8.binning_data,98.000000,2020. 07. 16. 14:00:00,,10011,ITeeWLY/e8,,2020. 07. 16. 14:59:59,1f686cb2-0f54-4be3-40d0-039730cd3af8,2020. 07. 16. 15:05:57,3.000000,1,0.000000,
2020. 07. 16. 16:08:49,com.sec.android.app.shealth,32400000,c65eff8b-3eb7-a270-63fe-1bf380f4c25c.binning_data,98.000000,2020. 07. 16. 15:00:00,,10011,ITeeWLY/e8,,2020. 07. 16. 15:59:59,c65eff8b-3eb7-a270-63fe-1bf380f4c25c,2020. 07. 16. 16:08:49,3.000000,1,0.000000,
2020. 07. 16. 17:04:07,com.sec.android.app.shealth,32400000,343bddda-2658-2e6e-9711-8dcc5e0da9e6.binning_data,100.000000,2020. 07. 16. 16:00:00,,10011,ITeeWLY/e8,,2020. 07. 16. 16:59:59,343bddda-2658-2e6e-9711-8dcc5e0da9e6,2020. 07. 16. 17:04:07,14.000000,1,0.000000,
2020. 07. 16. 18:03:02,com.sec.android.app.shealth,32400000,77fbd6e0-0c7b-9676-4a91-ec3387d5d822.binning_data,100.000000,2020. 07. 16. 17:00:00,,10011,ITeeWLY/e8,,2020. 07. 16. 17:59:59,77fbd6e0-0c7b-9676-4a91-ec3387d5d822,2020. 07. 16. 18:03:02,9.000000,1,0.000000,
2020. 07. 16. 19:06:28,com.sec.android.app.shealth,32400000,24a06fda-981c-fc22-9dec-8780f31b07a5.binning_data,99.000000,2020. 07. 16. 18:00:00,,10011,ITeeWLY/e8,,2020. 07. 16. 18:59:59,24a06fda-981c-fc22-9dec-8780f31b07a5,2020. 07. 16. 19:06:28,31.000000,1,0.000000,
2020. 07. 16. 20:06:37,com.sec.android.app.shealth,32400000,f245011c-cf50-87a1-a879-4d098b887ef6.binning_data,68.000000,2020. 07. 16. 19:00:00,,10011,ITeeWLY/e8,,2020. 07. 16. 19:59:59,f245011c-cf50-87a1-a879-4d098b887ef6,2020. 07. 16. 20:06:37,26.000000,1,2.000000,
2020. 07. 17. 09:02:53,com.sec.android.app.shealth,32400000,4cd1c1e1-0dd4-cd48-df4a-ace0a248412d.binning_data,48.000000,2020. 07. 17. 08:00:00,,10011,ITeeWLY/e8,,2020. 07. 17. 08:59:59,4cd1c1e1-0dd4-cd48-df4a-ace0a248412d,2020. 07. 17. 09:02:53,24.000000,1,16.000000,
2020. 07. 17. 10:08:22,com.sec.android.app.shealth,32400000,6f808970-57fc-aad5-18b1-a16a25bf566d.binning_data,100.000000,2020. 07. 17. 09:00:00,,10011,ITeeWLY/e8,,2020. 07. 17. 09:59:59,6f808970-57fc-aad5-18b1-a16a25bf566d,2020. 07. 17. 10:08:22,14.000000,1,0.000000,
2020. 07. 17. 11:07:18,com.sec.android.app.shealth,32400000,e7b8cb67-bc7c-f938-c082-097b93d585c7.binning_data,100.000000,2020. 07. 17. 10:00:00,,10011,ITeeWLY/e8,,2020. 07. 17. 10:59:59,e7b8cb67-bc7c-f938-c082-097b93d585c7,2020. 07. 17. 11:07:18,11.000000,1,0.000000,
2020. 07. 17. 12:04:22,com.sec.android.app.shealth,32400000,66ea780e-2482-110d-9ae1-d7e031c61b30.binning_data,96.000000,2020. 07. 17. 11:00:00,,10011,ITeeWLY/e8,,2020. 07. 17. 11:59:59,66ea780e-2482-110d-9ae1-d7e031c61b30,2020. 07. 17. 12:04:22,11.000000,1,0.000000,
2020. 07. 17. 13:10:02,com.sec.android.app.shealth,32400000,69f795cd-3bfe-7231-6dca-2f81a42eb04c.binning_data,100.000000,2020. 07. 17. 12:00:00,,10011,ITeeWLY/e8,,2020. 07. 17. 12:59:59,69f795cd-3bfe-7231-6dca-2f81a42eb04c,2020. 07. 17. 13:10:02,30.000000,1,0.000000,
2020. 07. 17. 14:03:30,com.sec.android.app.shealth,32400000,4127ea23-3cfc-b260-7b32-01db6ddfcc6c.binning_data,99.000000,2020. 07. 17. 13:00:00,,10011,ITeeWLY/e8,,2020. 07. 17. 13:59:59,4127ea23-3cfc-b260-7b32-01db6ddfcc6c,2020. 07. 17. 14:03:30,12.000000,1,0.000000,
2020. 07. 17. 15:01:05,com.sec.android.app.shealth,32400000,186a2d27-8ee2-6bd0-3b84-ee5dc7b05e4d.binning_data,99.000000,2020. 07. 17. 14:00:00,,10011,ITeeWLY/e8,,2020. 07. 17. 14:59:59,186a2d27-8ee2-6bd0-3b84-ee5dc7b05e4d,2020. 07. 17. 15:01:05,19.000000,1,0.000000,
2020. 07. 17. 15:38:53,com.sec.android.app.shealth,32400000,5c5cc02d-154c-9dae-2d7c-ae53a4ba79a0.binning_data,100.000000,2020. 07. 17. 15:00:00,,10011,ITeeWLY/e8,,2020. 07. 17. 15:38:53,5c5cc02d-154c-9dae-2d7c-ae53a4ba79a0,2020. 07. 17. 15:38:53,45.000000,1,0.000000,

