com.samsung.shealth.activity.day_summary,6105031,1
others_time,goal,longest_idle_time,create_time,distance,run_time,step_count,walk_time,day_time,deviceuuid,active_time,score,pkg_name,update_time,longest_active_time,datauuid,extra_data,calorie
0,-1,-1,2019-09-21 09:39:52.731,0.0,0,0,0,1566691200000,CHxXcBbd2u,0,0,com.sec.android.app.shealth,2019-09-21 09:39:52.731,0,465c4934-e20c-47ad-9559-5b2378583a10,465c4934-e20c-47ad-9559-5b2378583a10.extra_data.json,0.0,
0,-1,-1,2019-09-21 09:39:52.769,0.0,0,0,0,1566777600000,CHxXcBbd2u,0,0,com.sec.android.app.shealth,2019-09-21 09:39:52.769,0,2318b593-c033-42ee-a776-63c74a3c679d,2318b593-c033-42ee-a776-63c74a3c679d.extra_data.json,0.0,
0,-1,-1,2019-09-21 09:39:52.981,0.0,0,0,0,1566950400000,CHxXcBbd2u,0,0,com.sec.android.app.shealth,2019-09-21 09:39:52.981,0,054a2643-5270-44c2-b770-f89c0e8668d5,054a2643-5270-44c2-b770-f89c0e8668d5.extra_data.json,0.0,
0,-1,-1,2019-09-21 09:39:52.842,0.0,0,0,0,1566864000000,CHxXcBbd2u,0,0,com.sec.android.app.shealth,2019-09-21 09:39:52.842,0,1dfc2e6f-1034-4b38-ad7b-3c478481bc87,1dfc2e6f-1034-4b38-ad7b-3c478481bc87.extra_data.json,0.0,
0,60,67140000,2019-09-21 09:39:52.629,4107.864,2400,5227,2968268,1569024000000,CHxXcBbd2u,2970668,81,com.sec.android.app.shealth,2019-09-21 15:00:00.621,685659,1d09f064-f098-4c44-a3dc-4536590c53e3,1d09f064-f098-4c44-a3dc-4536590c53e3.extra_data.json,176.77034,
0,-1,-1,2019-09-21 09:39:53.081,0.0,0,0,0,1567209600000,CHxXcBbd2u,0,0,com.sec.android.app.shealth,2019-09-21 09:39:53.081,0,679d2ffc-bdac-47bd-9357-e666ad4bc76b,679d2ffc-bdac-47bd-9357-e666ad4bc76b.extra_data.json,0.0,
0,-1,-1,2019-09-21 09:39:53.219,0.0,0,0,0,1567382400000,CHxXcBbd2u,0,0,com.sec.android.app.shealth,2019-09-21 09:39:53.219,0,30b14b40-ed8d-4e43-a611-a5d7f6234d92,30b14b40-ed8d-4e43-a611-a5d7f6234d92.extra_data.json,0.0,
0,-1,-1,2019-09-21 09:39:53.042,0.0,0,0,0,1567123200000,CHxXcBbd2u,0,0,com.sec.android.app.shealth,2019-09-21 09:39:53.042,0,6eabfe43-df7c-4659-ac7a-f75b3eb0fa38,6eabfe43-df7c-4659-ac7a-f75b3eb0fa38.extra_data.json,0.0,
0,-1,-1,2019-09-21 09:39:53.520,0.0,0,0,0,1567728000000,CHxXcBbd2u,0,0,com.sec.android.app.shealth,2019-09-21 09:39:53.520,0,71acadad-969b-4e38-99c2-7ed36e1ea3f1,71acadad-969b-4e38-99c2-7ed36e1ea3f1.extra_data.json,0.0,
0,-1,-1,2019-09-21 09:39:53.632,0.0,0,0,0,1567900800000,CHxXcBbd2u,0,0,com.sec.android.app.shealth,2019-09-21 09:39:53.632,0,a4edb486-5e4a-47cc-b789-32bbe6d66d4d,a4edb486-5e4a-47cc-b789-32bbe6d66d4d.extra_data.json,0.0,
0,-1,-1,2019-09-21 09:39:53.481,0.0,0,0,0,1567641600000,CHxXcBbd2u,0,0,com.sec.android.app.shealth,2019-09-21 09:39:53.481,0,79aee388-b882-4cc0-8263-f856bf6538c9,79aee388-b882-4cc0-8263-f856bf6538c9.extra_data.json,0.0,
0,-1,-1,2019-09-21 09:39:53.838,0.0,0,0,0,1568160000000,CHxXcBbd2u,0,0,com.sec.android.app.shealth,2019-09-21 09:39:53.838,0,60bfb9d2-fc75-4e77-b406-3438922b687b,60bfb9d2-fc75-4e77-b406-3438922b687b.extra_data.json,0.0,
0,-1,-1,2019-09-21 09:39:53.867,0.0,0,0,0,1568246400000,CHxXcBbd2u,0,0,com.sec.android.app.shealth,2019-09-21 09:39:53.867,0,bf3e4ae7-d30c-4cc4-983c-fd5ab3ad9391,bf3e4ae7-d30c-4cc4-983c-fd5ab3ad9391.extra_data.json,0.0,
0,-1,-1,2019-09-21 09:39:53.922,0.0,0,0,0,1568419200000,CHxXcBbd2u,0,0,com.sec.android.app.shealth,2019-09-21 09:39:53.922,0,578e1f87-e340-49d5-b3d8-76383e967da6,578e1f87-e340-49d5-b3d8-76383e967da6.extra_data.json,0.0,
0,-1,-1,2019-09-21 09:39:54.019,0.0,0,0,0,1568678400000,CHxXcBbd2u,0,0,com.sec.android.app.shealth,2019-09-21 09:39:54.019,0,d78f4c5f-95e7-4187-a4fa-5f98eed61414,d78f4c5f-95e7-4187-a4fa-5f98eed61414.extra_data.json,0.0,
0,-1,-1,2019-09-21 09:39:53.011,0.0,0,0,0,1567036800000,CHxXcBbd2u,0,0,com.sec.android.app.shealth,2019-09-21 09:39:53.011,0,86e51d7a-48ec-4c64-91f1-382e0eb1d3f8,86e51d7a-48ec-4c64-91f1-382e0eb1d3f8.extra_data.json,0.0,
0,-1,-1,2019-09-21 09:39:54.144,0.0,0,0,0,1568764800000,CHxXcBbd2u,0,0,com.sec.android.app.shealth,2019-09-21 09:39:54.144,0,0dcee7c3-700a-4c34-8fe8-25d9322e5e18,0dcee7c3-700a-4c34-8fe8-25d9322e5e18.extra_data.json,0.0,
0,-1,-1,2019-09-21 09:39:53.439,0.0,0,0,0,1567555200000,CHxXcBbd2u,0,0,com.sec.android.app.shealth,2019-09-21 09:39:53.439,0,caf0c413-dad8-4d7a-8f13-fc29d5f2622e,caf0c413-dad8-4d7a-8f13-fc29d5f2622e.extra_data.json,0.0,
0,60,33300000,2019-09-24 15:00:00.401,10324.45,1802,13973,7759542,1569369600000,CHxXcBbd2u,7761344,215,com.sec.android.app.shealth,2019-09-25 13:36:40.844,971594,1bf57c76-0894-4a7a-ac3c-71d7c37008a5,1bf57c76-0894-4a7a-ac3c-71d7c37008a5.extra_data.json,511.72546,
0,-1,-1,2019-09-21 09:39:53.800,0.0,0,0,0,1568073600000,CHxXcBbd2u,0,0,com.sec.android.app.shealth,2019-09-21 09:39:53.800,0,3e9a5434-bf7f-4587-ab60-ee6c1f19d6dc,3e9a5434-bf7f-4587-ab60-ee6c1f19d6dc.extra_data.json,0.0,
0,-1,-1,2019-09-21 09:39:53.985,0.0,0,0,0,1568592000000,CHxXcBbd2u,0,0,com.sec.android.app.shealth,2019-09-21 09:39:53.985,0,8e49f291-dc70-4486-be1c-7dee268a03d0,8e49f291-dc70-4486-be1c-7dee268a03d0.extra_data.json,0.0,
0,60,33000000,2019-09-30 15:00:10.733,7537.8765,6694,9863,5396525,1569888000000,CHxXcBbd2u,5403219,148,com.sec.android.app.shealth,2019-10-01 15:00:00.331,1324174,bca9c110-4274-4224-890d-dd99b6771afa,bca9c110-4274-4224-890d-dd99b6771afa.extra_data.json,349.74207,
0,-1,-1,2019-09-21 09:39:53.372,0.0,0,0,0,1567468800000,CHxXcBbd2u,0,0,com.sec.android.app.shealth,2019-09-21 09:39:53.372,0,6fefb15e-c75c-440d-b50f-a5e29e92bf72,6fefb15e-c75c-440d-b50f-a5e29e92bf72.extra_data.json,0.0,
0,-1,-1,2019-09-21 09:39:53.741,0.0,0,0,0,1567987200000,CHxXcBbd2u,0,0,com.sec.android.app.shealth,2019-09-21 09:39:53.741,0,01029550-6332-4448-95db-b531a1a76e1a,01029550-6332-4448-95db-b531a1a76e1a.extra_data.json,0.0,
0,60,14760000,2019-09-22 15:35:12.787,12431.152,13098,16578,8859271,1569196800000,CHxXcBbd2u,8872369,245,com.sec.android.app.shealth,2019-09-23 13:12:54.371,1083917,4f6db4b6-6830-4eb4-b4ff-3dacce3063e2,4f6db4b6-6830-4eb4-b4ff-3dacce3063e2.extra_data.json,626.797,
0,60,36120000,2019-10-06 15:00:00.481,10169.361,0,14136,7589424,1570406400000,CHxXcBbd2u,7589424,210,com.sec.android.app.shealth,2019-10-07 13:13:29.470,1282455,6f632013-4dd9-48ed-8be7-875f0e210d99,6f632013-4dd9-48ed-8be7-875f0e210d99.extra_data.json,518.7039,
0,-1,-1,2019-09-21 09:39:53.960,0.0,0,0,0,1568505600000,CHxXcBbd2u,0,0,com.sec.android.app.shealth,2019-09-21 09:39:53.960,0,bd86fec6-4c34-4cbf-b3fe-709038817b4a,bd86fec6-4c34-4cbf-b3fe-709038817b4a.extra_data.json,0.0,
0,60,26280000,2019-09-28 15:00:10.168,5578.751,19266,7108,4191753,1569715200000,CHxXcBbd2u,4211019,115,com.sec.android.app.shealth,2019-09-29 13:58:07.392,698512,15b5a504-20b1-4c31-9b18-77c919609768,15b5a504-20b1-4c31-9b18-77c919609768.extra_data.json,232.29001,
0,60,26640000,2019-09-21 15:00:00.482,10432.595,64983,13881,7811821,1569110400000,CHxXcBbd2u,7876804,218,com.sec.android.app.shealth,2019-09-22 11:30:29.866,1627721,6d5a6335-808f-4887-9e21-9f5f22a06506,6d5a6335-808f-4887-9e21-9f5f22a06506.extra_data.json,491.03464,
0,60,28620000,2019-10-04 15:00:00.560,10356.9795,32251,13384,7650097,1570233600000,CHxXcBbd2u,7682348,211,com.sec.android.app.shealth,2019-10-05 10:46:20.070,787107,60ec4052-70de-4621-ac15-a42a6b917b5b,60ec4052-70de-4621-ac15-a42a6b917b5b.extra_data.json,458.5886,
0,60,40080000,2019-10-10 15:00:00.528,9128.533,10667,12590,7131537,1570752000000,CHxXcBbd2u,7142204,196,com.sec.android.app.shealth,2019-10-11 15:00:00.850,1345767,b3d3a849-f84e-492a-b7b6-7ffcfe00ff7a,b3d3a849-f84e-492a-b7b6-7ffcfe00ff7a.extra_data.json,463.28577,
0,60,36540000,2019-09-27 15:00:01.079,16561.957,75050,21265,12203158,1569628800000,CHxXcBbd2u,12278208,340,com.sec.android.app.shealth,2019-09-28 14:32:38.138,895440,0e1d22ea-c578-416a-9fe6-1e4a0f62b379,0e1d22ea-c578-416a-9fe6-1e4a0f62b379.extra_data.json,728.49304,
0,60,31020000,2019-10-16 15:00:00.475,9898.414,4947,13613,7644027,1571270400000,CHxXcBbd2u,7648974,211,com.sec.android.app.shealth,2019-10-17 12:36:06.517,1260727,3880888b-5c70-43f1-847d-2783e422f75a,3880888b-5c70-43f1-847d-2783e422f75a.extra_data.json,493.02762,
0,60,29340000,2019-10-03 15:00:00.388,10647.217,16344,14188,8143536,1570147200000,CHxXcBbd2u,8159880,225,com.sec.android.app.shealth,2019-10-04 14:35:11.971,858706,ff86b23f-b38e-4d3c-9a67-269593602a9c,ff86b23f-b38e-4d3c-9a67-269593602a9c.extra_data.json,507.01096,
0,60,22920000,2019-10-22 15:00:00.513,6873.58,2000,9237,4993251,1571788800000,CHxXcBbd2u,4995251,138,com.sec.android.app.shealth,2019-10-23 13:46:16.739,1265942,4aa5bde5-d089-422a-a803-37ba66e8a3f4,4aa5bde5-d089-422a-a803-37ba66e8a3f4.extra_data.json,334.9377,
0,-1,-1,2019-09-21 09:39:53.163,0.0,0,0,0,1567296000000,CHxXcBbd2u,0,0,com.sec.android.app.shealth,2019-09-21 09:39:53.163,0,6d32c8fc-f222-42b4-9cdf-8315d145d421,6d32c8fc-f222-42b4-9cdf-8315d145d421.extra_data.json,0.0,
0,-1,-1,2019-09-21 09:39:54.211,0.0,0,0,0,1568937600000,CHxXcBbd2u,0,0,com.sec.android.app.shealth,2019-09-21 09:39:54.211,0,87d1c672-94d5-456a-afa9-2a80ab3f5c74,87d1c672-94d5-456a-afa9-2a80ab3f5c74.extra_data.json,0.0,
0,60,36000000,2019-10-09 15:00:00.392,5865.7104,4106,8327,4422818,1570665600000,CHxXcBbd2u,4426924,121,com.sec.android.app.shealth,2019-10-10 14:25:44.320,1123854,f137ccc5-0e52-4ad6-87c0-80ec75bb758b,f137ccc5-0e52-4ad6-87c0-80ec75bb758b.extra_data.json,325.02167,
0,60,39600000,2019-09-26 15:00:00.326,5461.6333,67,7551,4241325,1569542400000,CHxXcBbd2u,4241392,116,com.sec.android.app.shealth,2019-09-27 13:10:09.865,1024161,447c3c2a-c75a-4f3c-87f9-cb705fec8b6f,447c3c2a-c75a-4f3c-87f9-cb705fec8b6f.extra_data.json,277.95248,
0,60,34740000,2019-10-15 15:00:00.530,8138.3267,23168,10406,5871095,1571184000000,CHxXcBbd2u,5894263,161,com.sec.android.app.shealth,2019-10-16 14:52:42.391,1608102,da1b02dc-2214-4bdd-a898-4d1d6405687d,da1b02dc-2214-4bdd-a898-4d1d6405687d.extra_data.json,343.9271,
0,60,38459999,2019-10-02 15:01:11.249,3746.8403,85716,4690,2525839,1570060800000,CHxXcBbd2u,2611555,71,com.sec.android.app.shealth,2019-10-03 15:00:00.714,480000,32aa1311-8a48-475e-b73f-fb53624c8846,32aa1311-8a48-475e-b73f-fb53624c8846.extra_data.json,167.28995,
0,60,29280000,2019-10-21 15:00:01.511,7490.4526,800,10109,5678190,1571702400000,CHxXcBbd2u,5678990,156,com.sec.android.app.shealth,2019-10-22 14:45:44.792,1048804,a704fc54-8600-4b33-a0d1-7214f77920f1,a704fc54-8600-4b33-a0d1-7214f77920f1.extra_data.json,366.36743,
0,-1,-1,2019-09-21 09:39:53.569,0.0,0,0,0,1567814400000,CHxXcBbd2u,0,0,com.sec.android.app.shealth,2019-09-21 09:39:53.569,0,19186286-a289-4758-9a09-515da1e95b0e,19186286-a289-4758-9a09-515da1e95b0e.extra_data.json,0.0,
0,60,36660000,2019-10-27 15:00:02.653,11852.274,10637,16150,8802156,1572220800000,CHxXcBbd2u,8812793,243,com.sec.android.app.shealth,2019-10-28 14:24:44.277,1105320,c50daa55-49a7-49bb-ae20-de57b0f4b74e,c50daa55-49a7-49bb-ae20-de57b0f4b74e.extra_data.json,598.2775,
0,60,42060000,2019-10-08 15:00:00.530,6280.0894,1200,8077,4488881,1570579200000,CHxXcBbd2u,4490081,123,com.sec.android.app.shealth,2019-10-09 13:31:15.304,1188747,f509c842-cb6e-4bcc-8695-3de94f385bd8,f509c842-cb6e-4bcc-8695-3de94f385bd8.extra_data.json,267.6507,
0,60,31680000,2019-11-02 15:00:00.457,7922.373,12400,10227,5578156,1572739200000,CHxXcBbd2u,5590556,153,com.sec.android.app.shealth,2019-11-03 09:59:14.421,667471,fd15d6af-99a3-47aa-a3ab-faad4d4622fe,fd15d6af-99a3-47aa-a3ab-faad4d4622fe.extra_data.json,333.43744,
0,60,33960000,2019-10-14 15:00:00.609,12048.86,61551,15516,8683699,1571097600000,CHxXcBbd2u,8745250,241,com.sec.android.app.shealth,2019-10-15 14:50:40.516,757059,16c1d73e-8443-4d49-8025-7e37d8c9a32f,16c1d73e-8443-4d49-8025-7e37d8c9a32f.extra_data.json,532.0819,
0,60,38580000,2019-10-28 15:00:00.775,4039.4302,7200,5189,2933483,1572307200000,CHxXcBbd2u,2940683,80,com.sec.android.app.shealth,2019-10-30 02:11:59.783,887557,f273bd64-f1c4-4aab-8b3a-72693e8cbf77,f273bd64-f1c4-4aab-8b3a-72693e8cbf77.extra_data.json,184.36865,
0,60,28980000,2019-11-03 15:00:01.038,8955.566,573,12757,6668415,1572825600000,CHxXcBbd2u,6668988,185,com.sec.android.app.shealth,2019-11-04 15:00:01.776,1177750,cac59abe-f758-4973-a255-bd21f2e95559,cac59abe-f758-4973-a255-bd21f2e95559.extra_data.json,485.27933,
0,60,27240000,2019-10-20 15:00:00.598,11443.695,2400,15928,8476450,1571616000000,CHxXcBbd2u,8478850,235,com.sec.android.app.shealth,2019-10-21 13:26:24.739,1224695,3ba88a31-244c-4790-b94d-fb86603b2a00,3ba88a31-244c-4790-b94d-fb86603b2a00.extra_data.json,589.2539,
0,60,33000000,2019-09-23 15:00:01.531,385.83,7200,468,300150,1569283200000,CHxXcBbd2u,307350,8,com.sec.android.app.shealth,2019-09-24 15:00:00.619,19343,e81993a3-5053-4403-b025-f567f02b255b,e81993a3-5053-4403-b025-f567f02b255b.extra_data.json,18.359997,
0,60,34860000,2019-09-29 15:00:01.447,10448.364,7668,14121,7845742,1569801600000,CHxXcBbd2u,7853410,216,com.sec.android.app.shealth,2019-09-30 13:34:45.756,998383,1567bc9a-99d9-466d-a79b-b07383f6e8b5,1567bc9a-99d9-466d-a79b-b07383f6e8b5.extra_data.json,533.5359,
0,60,33840000,2019-10-26 15:00:00.718,12176.403,14975,15573,8593107,1572134400000,CHxXcBbd2u,8608082,238,com.sec.android.app.shealth,2019-10-27 15:00:02.998,1991911,0dc891bd-f035-42c5-8c87-c8bcc9b94f71,0dc891bd-f035-42c5-8c87-c8bcc9b94f71.extra_data.json,518.4874,
0,60,21000000,2019-11-01 15:00:00.700,14692.401,37236,19023,10879676,1572652800000,CHxXcBbd2u,10916912,301,com.sec.android.app.shealth,2019-11-02 14:55:37.340,700191,74137b13-6aaf-41b5-84b4-981eee3ba2ac,74137b13-6aaf-41b5-84b4-981eee3ba2ac.extra_data.json,649.42865,
0,60,35940000,2019-10-05 15:00:00.748,6644.214,14786,8611,4935978,1570320000000,CHxXcBbd2u,4950764,136,com.sec.android.app.shealth,2019-10-06 09:15:01.663,1305656,d361006c-3ee9-4730-8c8e-5d3fd9b8a3b0,d361006c-3ee9-4730-8c8e-5d3fd9b8a3b0.extra_data.json,293.47296,
0,-1,-1,2019-09-21 09:39:53.895,0.0,0,0,0,1568332800000,CHxXcBbd2u,0,0,com.sec.android.app.shealth,2019-09-21 09:39:53.895,0,6310ba02-3f2c-4cfb-a76e-bffc241455fb,6310ba02-3f2c-4cfb-a76e-bffc241455fb.extra_data.json,0.0,
0,60,25980000,2019-10-11 15:00:00.483,10353.533,85277,13263,7640083,1570838400000,CHxXcBbd2u,7725360,213,com.sec.android.app.shealth,2019-10-12 13:33:27.850,883586,bd6892a0-eb18-49b3-8515-c4722a9e2e0d,bd6892a0-eb18-49b3-8515-c4722a9e2e0d.extra_data.json,457.5099,
0,60,31560000,2019-10-17 15:00:00.810,7989.4424,8400,10868,5814354,1571356800000,CHxXcBbd2u,5822754,160,com.sec.android.app.shealth,2019-10-18 09:22:37.515,1035306,0c690242-9778-4ffc-b0be-351c9ea6c84c,0c690242-9778-4ffc-b0be-351c9ea6c84c.extra_data.json,398.51605,
0,60,25740000,2019-10-23 15:00:01.482,9523.672,2622,13317,7277100,1571875200000,CHxXcBbd2u,7279722,201,com.sec.android.app.shealth,2019-10-24 15:00:00.742,1303124,c4710c7c-6c67-4a14-a4d7-29dec23b8abe,c4710c7c-6c67-4a14-a4d7-29dec23b8abe.extra_data.json,519.45435,
0,60,39960000,2019-10-29 15:00:00.614,7823.195,8105,10609,5740717,1572393600000,CHxXcBbd2u,5748822,158,com.sec.android.app.shealth,2019-10-30 15:00:01.120,1087766,13808a2d-770b-4f53-b8ac-407c45aac583,13808a2d-770b-4f53-b8ac-407c45aac583.extra_data.json,397.6986,
0,60,47760000,2019-11-04 15:00:01.249,4506.7676,0,6178,3330025,1572912000000,CHxXcBbd2u,3330025,91,com.sec.android.app.shealth,2019-11-05 12:08:33.847,1110323,77b070b1-41ac-4dc7-8ca2-d700e65c61d9,77b070b1-41ac-4dc7-8ca2-d700e65c61d9.extra_data.json,219.16263,
0,60,29940000,2019-11-10 15:37:28.948,10448.927,3487,14642,7643749,1573430400000,CHxXcBbd2u,7647236,211,com.sec.android.app.shealth,2019-11-11 13:10:41.778,1323222,bc584597-fb2a-443e-bcf2-34f4c8a68f75,bc584597-fb2a-443e-bcf2-34f4c8a68f75.extra_data.json,528.86127,
0,60,40080000,2019-11-16 15:00:00.958,9281.168,1200,11775,6691262,1573948800000,CHxXcBbd2u,6692462,185,com.sec.android.app.shealth,2019-11-17 15:15:22.232,1062703,5a544b12-8bbd-4366-b4f2-8c20b970fbbd,5a544b12-8bbd-4366-b4f2-8c20b970fbbd.extra_data.json,411.85068,
0,60,21000000,2019-11-22 15:00:00.467,4180.649,10800,5287,3157041,1574467200000,CHxXcBbd2u,3167841,86,com.sec.android.app.shealth,2019-11-23 14:50:35.561,974353,7e4335a3-cbbd-46ca-8ae1-d0efbeb7c660,7e4335a3-cbbd-46ca-8ae1-d0efbeb7c660.extra_data.json,212.38264,
0,60,34740000,2019-11-28 15:00:00.257,8265.243,55782,10999,6051992,1574985600000,CHxXcBbd2u,6107774,166,com.sec.android.app.shealth,2019-11-29 15:00:01.970,851162,6474c3d7-2edc-490f-95c5-cb913c5d1d89,6474c3d7-2edc-490f-95c5-cb913c5d1d89.extra_data.json,405.90894,
0,-1,-1,2019-09-21 09:39:54.182,0.0,0,0,0,1568851200000,CHxXcBbd2u,0,0,com.sec.android.app.shealth,2019-09-21 09:39:54.182,0,d02ecb7e-8e57-4a70-8347-6197b7078da9,d02ecb7e-8e57-4a70-8347-6197b7078da9.extra_data.json,0.0,
0,60,34440000,2019-12-04 15:00:00.917,7000.9565,2859,9928,5244243,1575504000000,CHxXcBbd2u,5247102,145,com.sec.android.app.shealth,2019-12-05 08:33:24.914,1285839,e6d42914-5afc-4293-8e2d-25f133bfd99f,e6d42914-5afc-4293-8e2d-25f133bfd99f.extra_data.json,394.98016,
0,60,36480000,2019-09-25 15:00:00.581,8163.3804,1200,11427,6257650,1569456000000,CHxXcBbd2u,6258850,173,com.sec.android.app.shealth,2019-09-26 14:51:01.668,1356494,6ab444d1-0370-4d16-a6fb-0030c8851236,6ab444d1-0370-4d16-a6fb-0030c8851236.extra_data.json,424.57785,
0,60,26280000,2019-10-01 15:00:10.220,14035.208,65988,18122,9902764,1569974400000,CHxXcBbd2u,9968752,276,com.sec.android.app.shealth,2019-10-02 13:41:41.767,1016117,21c56f70-7477-4b91-aa6a-d6cace7c72c1,21c56f70-7477-4b91-aa6a-d6cace7c72c1.extra_data.json,622.49506,
0,60,29220000,2019-10-07 15:00:00.341,3436.3872,0,4675,2675963,1570492800000,CHxXcBbd2u,2675963,73,com.sec.android.app.shealth,2019-10-08 07:16:22.315,1071586,f979d1a0-bd22-4ee2-ba61-ae84f04675fa,f979d1a0-bd22-4ee2-ba61-ae84f04675fa.extra_data.json,169.907,
0,60,23520000,2019-10-13 15:00:01.060,11609.72,4553,15798,8743940,1571011200000,CHxXcBbd2u,8748493,241,com.sec.android.app.shealth,2019-10-14 14:41:52.791,1148666,583cac95-bf43-4ea2-affd-780a593629bc,583cac95-bf43-4ea2-affd-780a593629bc.extra_data.json,571.4291,
0,60,34440000,2019-10-19 15:00:00.529,5043.169,42594,6290,3613929,1571529600000,CHxXcBbd2u,3656523,100,com.sec.android.app.shealth,2019-10-20 10:41:14.590,663833,a892b5ea-b10f-4644-adf3-267742301bd7,a892b5ea-b10f-4644-adf3-267742301bd7.extra_data.json,221.96654,
0,60,30540000,2019-10-25 15:00:01.624,11949.078,41557,15191,8613525,1572048000000,CHxXcBbd2u,8655082,238,com.sec.android.app.shealth,2019-10-26 13:42:45.467,878153,3d3f9785-c7d9-4720-ae36-fc8dbc15ac69,3d3f9785-c7d9-4720-ae36-fc8dbc15ac69.extra_data.json,510.07977,
0,60,45300000,2019-10-31 15:00:00.723,7311.941,6867,9857,5387557,1572566400000,CHxXcBbd2u,5394424,148,com.sec.android.app.shealth,2019-11-01 13:07:42.067,1186440,8f7bd4da-97ea-499c-bfc5-66add73bf77e,8f7bd4da-97ea-499c-bfc5-66add73bf77e.extra_data.json,361.84644,
0,60,36480000,2019-11-06 15:00:01.149,7929.983,9601,11106,5842990,1573084800000,CHxXcBbd2u,5852591,161,com.sec.android.app.shealth,2019-11-07 09:31:39.918,1097706,7ed62b41-74c0-4113-b775-1c8459b2254c,7ed62b41-74c0-4113-b775-1c8459b2254c.extra_data.json,406.36887,
0,60,26940000,2019-11-12 15:00:00.805,17624.61,106599,22922,12320232,1573603200000,CHxXcBbd2u,12426831,343,com.sec.android.app.shealth,2019-11-13 14:24:27.380,1752476,590b5e78-a536-4daf-98d9-1c0144c690cf,590b5e78-a536-4daf-98d9-1c0144c690cf.extra_data.json,800.56866,
0,60,37920000,2019-11-18 15:35:57.229,4784.636,21483,6409,3516387,1574121600000,CHxXcBbd2u,3537870,96,com.sec.android.app.shealth,2019-11-19 15:00:00.919,1330284,2389ad8b-2d9e-401a-8be5-dc17da287642,2389ad8b-2d9e-401a-8be5-dc17da287642.extra_data.json,220.72496,
0,60,41160000,2019-12-10 15:00:01.489,2711.6794,1353,3772,1925450,1576022400000,CHxXcBbd2u,1926803,53,com.sec.android.app.shealth,2019-12-11 09:31:13.648,960000,96140f96-ba55-4910-9a5e-7c7960550fc6,96140f96-ba55-4910-9a5e-7c7960550fc6.extra_data.json,138.815,
0,60,34440000,2019-12-16 15:00:01.728,5439.56,3000,7255,3955092,1576540800000,CHxXcBbd2u,3958092,108,com.sec.android.app.shealth,2019-12-17 14:55:49.159,964363,ff888123-7899-4acc-a28e-bd6657c6807c,ff888123-7899-4acc-a28e-bd6657c6807c.extra_data.json,262.0213,
0,60,18660000,2019-12-22 15:00:00.765,8527.869,197411,10732,6148189,1577059200000,CHxXcBbd2u,6345600,175,com.sec.android.app.shealth,2019-12-23 10:45:36.062,360000,3305538c-fc5a-45ca-a479-999fd7ea7d23,3305538c-fc5a-45ca-a479-999fd7ea7d23.extra_data.json,400.00977,
0,60,27960000,2019-12-28 15:00:01.475,1919.4634,0,2451,1517482,1577577600000,CHxXcBbd2u,1517482,41,com.sec.android.app.shealth,2019-12-29 15:00:00.442,680577,51c78ce8-7ef7-421e-98e2-3d5508cf2cbc,51c78ce8-7ef7-421e-98e2-3d5508cf2cbc.extra_data.json,87.413345,
0,60,26940000,2020-01-03 15:00:00.289,11011.027,257709,13654,7571421,1578096000000,CHxXcBbd2u,7829130,216,com.sec.android.app.shealth,2020-01-04 13:28:52.724,1394692,f5528654-2da0-4f9f-9d02-e019a4f059cc,f5528654-2da0-4f9f-9d02-e019a4f059cc.extra_data.json,487.42007,
0,60,46920000,2020-01-09 15:00:00.432,10054.41,81857,12743,6990530,1578614400000,CHxXcBbd2u,7072387,195,com.sec.android.app.shealth,2020-01-10 15:03:43.798,1045216,a423b1be-2744-4c3e-b73a-6b32d72c2012,a423b1be-2744-4c3e-b73a-6b32d72c2012.extra_data.json,443.00702,
0,60,35940000,2019-11-24 15:00:31.189,10651.978,46361,14497,7753254,1574640000000,CHxXcBbd2u,7799615,215,com.sec.android.app.shealth,2019-11-25 08:35:07.726,1214840,70314efe-ce86-412c-916c-7403796ffd17,70314efe-ce86-412c-916c-7403796ffd17.extra_data.json,528.723,
0,60,34560000,2020-01-15 15:00:00.311,1612.6301,14688,2017,1056850,1579132800000,CHxXcBbd2u,1071538,28,com.sec.android.app.shealth,2020-01-16 14:48:35.199,360000,0dd80973-1768-4a5f-a1d1-321e7f7f133a,0dd80973-1768-4a5f-a1d1-321e7f7f133a.extra_data.json,65.98999,
0,60,40860000,2020-01-21 15:00:01.317,3833.2002,6400,4913,2822631,1579651200000,CHxXcBbd2u,2829031,78,com.sec.android.app.shealth,2020-01-22 14:39:50.518,300000,f7a6285c-dcae-4257-9bd2-4ca45d33fdcd,f7a6285c-dcae-4257-9bd2-4ca45d33fdcd.extra_data.json,167.6,
0,60,40800000,2020-01-27 15:00:00.465,2346.6099,8400,2969,1738359,1580169600000,CHxXcBbd2u,1746759,46,com.sec.android.app.shealth,2020-01-28 14:58:12.155,420000,7a7cfd41-b50e-4e54-ae1e-4b9ed05e138c,7a7cfd41-b50e-4e54-ae1e-4b9ed05e138c.extra_data.json,102.80999,
0,60,42000000,2020-02-02 15:00:00.737,3110.9194,17161,4018,2266547,1580688000000,CHxXcBbd2u,2283708,61,com.sec.android.app.shealth,2020-02-03 14:13:30.983,300000,c8dea821-2140-4bc8-9db3-58861e5d4b37,c8dea821-2140-4bc8-9db3-58861e5d4b37.extra_data.json,137.79001,
0,60,28320000,2019-11-30 15:00:01.349,7749.2046,19945,9977,5760792,1575158400000,CHxXcBbd2u,5780737,160,com.sec.android.app.shealth,2019-12-01 13:33:41.414,791580,c26c700d-8b1c-4e73-b6a0-58b224c2050f,c26c700d-8b1c-4e73-b6a0-58b224c2050f.extra_data.json,329.62173,
0,60,46800000,2020-02-08 15:00:00.815,221.50002,800,274,181424,1581206400000,CHxXcBbd2u,182224,5,com.sec.android.app.shealth,2020-02-09 14:59:18.329,26013,1293272e-88f5-433a-b1d6-a793b8f0a700,1293272e-88f5-433a-b1d6-a793b8f0a700.extra_data.json,10.349998,
0,60,38460000,2019-12-06 15:00:00.624,7532.355,25203,9730,5554672,1575676800000,CHxXcBbd2u,5579875,153,com.sec.android.app.shealth,2019-12-07 15:22:26.468,1030963,ea535355-afba-4e49-91df-525f1b09b0cb,ea535355-afba-4e49-91df-525f1b09b0cb.extra_data.json,328.8816,
0,60,42660000,2020-02-14 15:01:28.988,205.91,800,243,160747,1581724800000,CHxXcBbd2u,161547,3,com.sec.android.app.shealth,2020-02-15 15:00:00.966,34017,ce564bfe-ed57-449b-8340-17337bd16015,ce564bfe-ed57-449b-8340-17337bd16015.extra_data.json,9.229998,
0,60,25200000,2019-12-12 15:01:10.645,7301.976,3893,10020,5301229,1576195200000,CHxXcBbd2u,5305122,146,com.sec.android.app.shealth,2019-12-13 12:35:37.753,1390205,d49ad450-1cd9-4db0-9a79-bba7f36461e5,d49ad450-1cd9-4db0-9a79-bba7f36461e5.extra_data.json,383.09833,
0,60,43440000,2020-02-20 15:00:01.250,387.45004,4000,483,315491,1582243200000,CHxXcBbd2u,319491,8,com.sec.android.app.shealth,2020-02-21 14:22:19.706,37352,cfdcd551-94a2-46b8-a82f-63687e8f27cd,cfdcd551-94a2-46b8-a82f-63687e8f27cd.extra_data.json,18.009998,
0,60,27599999,2019-12-18 15:00:00.302,3640.9226,1355,5086,2648812,1576713600000,CHxXcBbd2u,2650167,73,com.sec.android.app.shealth,2019-12-19 15:01:35.308,1271015,c42d2b4c-93b2-4193-82ed-bc5e6e429aa4,c42d2b4c-93b2-4193-82ed-bc5e6e429aa4.extra_data.json,197.29167,
0,60,32220000,2020-02-26 15:00:00.439,5922.2856,30478,7597,4342480,1582761600000,CHxXcBbd2u,4372958,120,com.sec.android.app.shealth,2020-02-27 13:01:43.691,1024150,8dbcd067-a6bb-4193-a61c-dbd72bf6d614,8dbcd067-a6bb-4193-a61c-dbd72bf6d614.extra_data.json,265.656,
0,60,36840000,2019-12-24 15:00:00.368,5382.9736,1600,6913,4023355,1577232000000,CHxXcBbd2u,4024955,111,com.sec.android.app.shealth,2019-12-25 14:13:47.964,2609113,a8fd0f9a-3a2a-4d95-b627-9e2cacde0c4e,a8fd0f9a-3a2a-4d95-b627-9e2cacde0c4e.extra_data.json,240.74933,
0,60,18900000,2020-03-03 15:00:00.222,2724.213,1589,3474,2107725,1583280000000,CHxXcBbd2u,2109314,58,com.sec.android.app.shealth,2020-03-04 14:42:18.350,980468,b9f1902d-20c2-441b-ab64-888619fa2e2f,b9f1902d-20c2-441b-ab64-888619fa2e2f.extra_data.json,121.2825,
0,60,42420000,2020-03-09 15:00:00.708,3103.04,5600,3915,2384805,1583798400000,CHxXcBbd2u,2390405,65,com.sec.android.app.shealth,2020-03-10 14:37:04.016,657079,d9a95cf7-6072-4240-a31f-8b3fc110398a,d9a95cf7-6072-4240-a31f-8b3fc110398a.extra_data.json,138.20465,
0,60,30060000,2020-03-15 15:27:13.355,4838.596,20095,6271,3811482,1584316800000,CHxXcBbd2u,3831577,105,com.sec.android.app.shealth,2020-03-16 15:00:00.904,2943880,d19676fa-3035-496b-a388-66a80f6f4278,d19676fa-3035-496b-a388-66a80f6f4278.extra_data.json,210.60971,
0,60,32340000,2020-03-21 15:00:00.815,2982.8103,5460,3853,2252978,1584835200000,CHxXcBbd2u,2258438,61,com.sec.android.app.shealth,2020-03-22 13:17:45.724,360000,08346e6b-2837-4387-a905-a6b047c3921e,08346e6b-2837-4387-a905-a6b047c3921e.extra_data.json,125.50997,
0,60,17220000,2019-12-30 15:00:00.503,8131.862,62906,10483,6064782,1577750400000,CHxXcBbd2u,6127688,170,com.sec.android.app.shealth,2020-01-01 03:07:52.126,360000,0d2ca66d-c58c-4d22-9e13-6c4df920e657,0d2ca66d-c58c-4d22-9e13-6c4df920e657.extra_data.json,372.68997,
0,60,29280000,2020-03-27 15:00:00.773,4054.8354,20465,5128,3168789,1585353600000,CHxXcBbd2u,3189254,86,com.sec.android.app.shealth,2020-03-28 17:33:03.030,717294,d3dddde1-6f65-438a-8afc-b203199b8246,d3dddde1-6f65-438a-8afc-b203199b8246.extra_data.json,180.39084,
0,60,29760000,2020-04-02 15:00:00.633,489.27994,5200,605,394864,1585872000000,CHxXcBbd2u,400064,10,com.sec.android.app.shealth,2020-04-03 13:35:50.582,48957,58aaff54-f23c-461f-88e1-29f301a71ad4,58aaff54-f23c-461f-88e1-29f301a71ad4.extra_data.json,22.059996,
0,60,31080000,2020-04-08 15:00:00.858,6025.2817,66478,7683,4281613,1586390400000,CHxXcBbd2u,4348091,120,com.sec.android.app.shealth,2020-04-09 14:30:47.326,360000,04bb3705-9071-4a67-9845-e2b794b01217,04bb3705-9071-4a67-9845-e2b794b01217.extra_data.json,258.80994,
0,60,25500000,2020-04-14 15:00:02.001,2035.1002,1200,2592,1433600,1586908800000,CHxXcBbd2u,1434800,38,com.sec.android.app.shealth,2020-04-15 15:00:01.109,360000,96bec050-48cf-4f99-8ac8-4ad722fc5d3f,96bec050-48cf-4f99-8ac8-4ad722fc5d3f.extra_data.json,82.939995,
0,60,29460000,2020-01-05 15:00:01.431,4348.5503,15000,5510,2979965,1578268800000,CHxXcBbd2u,2994965,81,com.sec.android.app.shealth,2020-01-06 14:56:22.608,480000,11770e3e-7de5-48a6-8125-ef25de05291a,11770e3e-7de5-48a6-8125-ef25de05291a.extra_data.json,179.32005,
0,60,25440000,2020-04-20 15:00:00.625,2037.9996,13821,2600,1480103,1587427200000,CHxXcBbd2u,1493924,40,com.sec.android.app.shealth,2020-04-21 14:13:43.530,360000,29704b92-cba6-4b72-9e3a-ec77dc443e21,29704b92-cba6-4b72-9e3a-ec77dc443e21.extra_data.json,87.62001,
0,60,21240000,2020-04-26 15:00:01.577,1978.0101,60964,2427,1289613,1587945600000,CHxXcBbd2u,1350577,36,com.sec.android.app.shealth,2020-04-27 11:33:12.336,360000,ce46a846-dfb8-46dc-9dcf-f6a586e65b94,ce46a846-dfb8-46dc-9dcf-f6a586e65b94.extra_data.json,89.53001,
0,60,24060000,2020-05-02 15:00:00.399,1576.3096,400,2019,1160250,1588464000000,CHxXcBbd2u,1160650,31,com.sec.android.app.shealth,2020-05-03 14:22:45.895,360000,a1401be6-5210-4690-ae02-fbda2e04aa09,a1401be6-5210-4690-ae02-fbda2e04aa09.extra_data.json,64.87999,
0,60,27600000,2020-05-08 15:00:00.450,7142.6523,8190,9170,5260928,1588982400000,CHxXcBbd2u,5269118,145,com.sec.android.app.shealth,2020-05-09 14:03:14.488,934374,e82d8fcc-f597-4e50-ae49-0d637a1397d9,e82d8fcc-f597-4e50-ae49-0d637a1397d9.extra_data.json,307.79385,
0,60,45360000,2020-01-11 15:00:00.841,6945.904,54855,8868,4993167,1578787200000,CHxXcBbd2u,5048022,138,com.sec.android.app.shealth,2020-01-12 13:20:50.674,794133,d0ca203b-acc6-4e30-b3bc-5a95f0f463f4,d0ca203b-acc6-4e30-b3bc-5a95f0f463f4.extra_data.json,298.81522,
0,60,31440000,2020-05-14 15:00:00.655,5132.575,1600,7017,3977673,1589500800000,CHxXcBbd2u,3979273,110,com.sec.android.app.shealth,2020-05-15 13:34:23.276,855537,0a8d2354-fa32-4db1-8bd4-5dbb2cfe5d7c,0a8d2354-fa32-4db1-8bd4-5dbb2cfe5d7c.extra_data.json,251.09683,
0,60,22800000,2020-05-20 15:00:10.732,6399.7227,103462,8336,4650010,1590019200000,CHxXcBbd2u,4753472,130,com.sec.android.app.shealth,2020-05-21 14:13:09.144,737346,c4e1141b-5d55-4f55-94ec-ec2671ab5223,c4e1141b-5d55-4f55-94ec-ec2671ab5223.extra_data.json,313.74213,
0,60,28500000,2020-05-26 15:00:00.652,6310.057,38830,8132,4661487,1590537600000,CHxXcBbd2u,4700317,128,com.sec.android.app.shealth,2020-05-27 14:45:31.254,859901,370c945f-74a8-4710-9f28-5ccbab332516,370c945f-74a8-4710-9f28-5ccbab332516.extra_data.json,310.90314,
0,60,23580000,2020-06-01 15:00:00.599,7868.0425,159835,10200,5618384,1591056000000,CHxXcBbd2u,5778219,158,com.sec.android.app.shealth,2020-06-02 18:16:24.565,783252,ddcf2e95-27d7-4098-a24b-1e7e9d60618e,ddcf2e95-27d7-4098-a24b-1e7e9d60618e.extra_data.json,445.805,
0,60,27960000,2020-01-17 15:00:00.387,7714.0386,58187,10175,5789857,1579305600000,CHxXcBbd2u,5848044,160,com.sec.android.app.shealth,2020-01-18 14:55:07.106,360000,0f3fc0d4-12d9-41c2-92c3-293a196d9547,0f3fc0d4-12d9-41c2-92c3-293a196d9547.extra_data.json,385.67978,
0,60,33960000,2020-01-23 15:00:00.833,6386.21,10070,8157,4744080,1579824000000,CHxXcBbd2u,4754150,131,com.sec.android.app.shealth,2020-01-24 15:02:00.184,540000,9abeaa9f-3a8e-4121-aa9c-17b51da1f23f,9abeaa9f-3a8e-4121-aa9c-17b51da1f23f.extra_data.json,275.44998,
0,60,28920000,2020-01-29 15:31:01.121,5554.3364,6000,6958,4071784,1580342400000,CHxXcBbd2u,4077784,111,com.sec.android.app.shealth,2020-01-30 14:54:41.980,727178,7f657903-83f8-4c19-9cd4-0873966b5f96,7f657903-83f8-4c19-9cd4-0873966b5f96.extra_data.json,248.91316,
0,60,30360000,2020-02-04 15:00:00.336,2580.0103,9148,3232,1761891,1580860800000,CHxXcBbd2u,1771039,48,com.sec.android.app.shealth,2020-02-05 12:51:18.320,360000,66aeb24e-0594-4347-9071-a47878276c14,66aeb24e-0594-4347-9071-a47878276c14.extra_data.json,105.33999,
0,60,27540000,2020-06-07 15:00:01.185,5367.1304,20725,7108,4061545,1591574400000,CHxXcBbd2u,4082270,111,com.sec.android.app.shealth,2020-06-08 13:21:46.672,540000,5edd30ed-5960-4a0b-97a5-93f8d7dc870f,5edd30ed-5960-4a0b-97a5-93f8d7dc870f.extra_data.json,299.23,
0,60,33780000,2020-06-13 15:00:00.495,4150.7793,74276,5056,2929503,1592092800000,CHxXcBbd2u,3003779,81,com.sec.android.app.shealth,2020-06-14 14:35:32.068,240000,7b67173c-1925-43fd-826a-85fe2df9ba23,7b67173c-1925-43fd-826a-85fe2df9ba23.extra_data.json,178.02998,
0,60,19440000,2020-06-19 15:00:01.640,10587.146,22725,13537,7877606,1592611200000,CHxXcBbd2u,7900331,218,com.sec.android.app.shealth,2020-06-20 15:04:17.733,1530858,8b0f4bab-bda9-4f41-90c0-cd36ff07c15b,8b0f4bab-bda9-4f41-90c0-cd36ff07c15b.extra_data.json,438.99225,
0,60,46980000,2020-02-10 15:00:01.433,5040.7905,29907,6577,3710717,1581379200000,CHxXcBbd2u,3740624,101,com.sec.android.app.shealth,2020-02-11 13:25:24.858,360000,271e0cbb-7e9b-4936-8162-a66be70d9a90,271e0cbb-7e9b-4936-8162-a66be70d9a90.extra_data.json,228.98,
0,60,42780000,2020-02-16 15:00:01.029,1729.3999,1200,2234,1245596,1581897600000,CHxXcBbd2u,1246796,33,com.sec.android.app.shealth,2020-02-17 14:54:31.134,420000,54230151-b710-4811-972c-08c95d201420,54230151-b710-4811-972c-08c95d201420.extra_data.json,73.48,
0,60,25500000,2020-06-25 15:00:00.692,5079.825,10800,6753,3999280,1593129600000,CHxXcBbd2u,4010080,110,com.sec.android.app.shealth,2020-06-27 07:01:15.079,735595,ed83b91a-2999-475e-96ed-9a5f0f3be6d0,ed83b91a-2999-475e-96ed-9a5f0f3be6d0.extra_data.json,248.64963,
0,60,32880000,2020-02-22 15:00:01.201,1792.8297,1551,2290,1315947,1582416000000,CHxXcBbd2u,1317498,35,com.sec.android.app.shealth,2020-02-23 12:53:16.448,420000,7b08d812-cdb3-45dc-a2bb-1eb472d6b012,7b08d812-cdb3-45dc-a2bb-1eb472d6b012.extra_data.json,74.19996,
0,60,28380000,2020-07-01 15:10:15.552,13051.706,216362,16440,9353094,1593648000000,CHxXcBbd2u,9569456,263,com.sec.android.app.shealth,2020-07-02 13:35:22.361,1455911,1502b079-68f8-40f6-8e26-632b1bdfb44c,1502b079-68f8-40f6-8e26-632b1bdfb44c.extra_data.json,605.5367,
0,60,33480000,2020-02-28 15:00:01.001,2009.2999,2800,2564,1447667,1582934400000,CHxXcBbd2u,1450467,40,com.sec.android.app.shealth,2020-02-29 11:58:49.757,360000,686dfbec-8a95-4aa9-9264-b4c0fe7c9a17,686dfbec-8a95-4aa9-9264-b4c0fe7c9a17.extra_data.json,81.80998,
0,60,26760000,2020-03-05 15:00:00.552,3657.9097,4800,4677,2641934,1583452800000,CHxXcBbd2u,2646734,73,com.sec.android.app.shealth,2020-03-06 14:37:11.939,480000,96e894a7-c650-4b1a-801b-453c68260778,96e894a7-c650-4b1a-801b-453c68260778.extra_data.json,153.27,
0,60,26220000,2020-07-07 15:00:00.892,5931.4653,90936,7751,4498943,1594166400000,CHxXcBbd2u,4589879,125,com.sec.android.app.shealth,2020-07-08 12:53:39.409,727849,6e798d81-d406-485e-bdd2-a4d20f53ba90,6e798d81-d406-485e-bdd2-a4d20f53ba90.extra_data.json,289.0698,
0,60,23520000,2020-03-11 15:00:01.061,3682.61,6800,4677,2688624,1583971200000,CHxXcBbd2u,2695424,73,com.sec.android.app.shealth,2020-03-12 15:00:01.100,360000,8d0159fb-3398-43fe-9ce6-bf63af2d3471,8d0159fb-3398-43fe-9ce6-bf63af2d3471.extra_data.json,153.01003,
0,60,27840000,2020-03-17 15:00:00.606,6740.8223,36506,8638,5127679,1584489600000,CHxXcBbd2u,5164185,141,com.sec.android.app.shealth,2020-03-18 15:00:01.208,1745355,3dfb1d25-dfd3-4ed8-8197-a6605de3de9f,3dfb1d25-dfd3-4ed8-8197-a6605de3de9f.extra_data.json,303.94348,
0,60,11820000,2020-07-13 15:00:01.839,10414.459,92945,13521,8397773,1594684800000,CHxXcBbd2u,8490718,233,com.sec.android.app.shealth,2020-07-14 21:16:02.242,1828000,6c7d7b4c-df8e-4fea-bff6-db39782a0f34,6c7d7b4c-df8e-4fea-bff6-db39782a0f34.extra_data.json,488.51166,
0,60,25500000,2020-03-23 15:00:00.765,4150.909,9943,5434,3240054,1585008000000,CHxXcBbd2u,3249997,90,com.sec.android.app.shealth,2020-03-24 13:56:15.284,790643,bd8ee9d4-ba50-4cd6-b055-c147c6935604,bd8ee9d4-ba50-4cd6-b055-c147c6935604.extra_data.json,185.88666,
0,60,23700000,2020-03-29 15:24:43.038,337.91003,1200,408,270135,1585526400000,CHxXcBbd2u,271335,6,com.sec.android.app.shealth,2020-03-30 15:00:00.721,30015,881c49ed-feca-4e95-9d60-0407628117db,881c49ed-feca-4e95-9d60-0407628117db.extra_data.json,15.25,
0,60,32820000,2020-04-04 15:00:01.254,6008.6626,10766,7726,4499824,1586044800000,CHxXcBbd2u,4510590,123,com.sec.android.app.shealth,2020-04-05 13:13:27.315,1284468,f8584f28-85ab-47c6-9e9e-2b60587a68f7,f8584f28-85ab-47c6-9e9e-2b60587a68f7.extra_data.json,257.62198,
0,60,16020000,2020-04-10 15:00:02.122,3496.9805,23570,4414,2510072,1586563200000,CHxXcBbd2u,2533642,68,com.sec.android.app.shealth,2020-04-11 14:55:57.794,300000,2996ad61-0376-4345-866e-d9224d0084a4,2996ad61-0376-4345-866e-d9224d0084a4.extra_data.json,148.85999,
0,60,26280000,2020-04-16 15:00:01.829,1774.4296,4000,2228,1279643,1587081600000,CHxXcBbd2u,1283643,35,com.sec.android.app.shealth,2020-04-17 15:29:53.544,420000,baadb410-9f75-467d-a647-1fe302250e23,baadb410-9f75-467d-a647-1fe302250e23.extra_data.json,73.41999,
0,60,28680000,2020-07-19 15:00:01.126,4835.789,38219,6076,3937754,1595203200000,CHxXcBbd2u,3975973,108,com.sec.android.app.shealth,2020-07-20 09:22:35.057,1405920,41ebd0c5-cf69-4f5e-a167-8aa121a28ed9,41ebd0c5-cf69-4f5e-a167-8aa121a28ed9.extra_data.json,218.43835,
0,60,25980000,2020-04-22 15:00:00.634,1417.2899,557,1809,994974,1587600000000,CHxXcBbd2u,995531,26,com.sec.android.app.shealth,2020-04-23 14:15:27.805,300000,f19024d5-0859-4025-b07d-303c2d1fad78,f19024d5-0859-4025-b07d-303c2d1fad78.extra_data.json,59.129997,
0,60,26880000,2019-10-12 15:17:17.300,8060.064,18871,10303,5916646,1570924800000,CHxXcBbd2u,5935517,163,com.sec.android.app.shealth,2019-10-13 13:06:22.267,692417,63892212-4d86-46c0-bb29-4674fe16c110,63892212-4d86-46c0-bb29-4674fe16c110.extra_data.json,343.27527,
0,60,26940000,2020-04-28 15:00:01.540,232.93999,400,302,200767,1588118400000,CHxXcBbd2u,201167,5,com.sec.android.app.shealth,2020-04-29 09:28:59.507,27347,3f1f8b38-28c9-409c-b028-50cc4f585710,3f1f8b38-28c9-409c-b028-50cc4f585710.extra_data.json,11.039999,
0,60,38820000,2020-05-04 15:00:00.271,4004.7402,28296,5090,2996489,1588636800000,CHxXcBbd2u,3024785,81,com.sec.android.app.shealth,2020-05-05 15:00:01.027,420000,455c61ae-7597-4f90-8de9-1f70a35526e8,455c61ae-7597-4f90-8de9-1f70a35526e8.extra_data.json,176.15997,
0,60,24000000,2020-05-10 15:00:01.266,6317.5474,82819,8326,4665165,1589155200000,CHxXcBbd2u,4747984,130,com.sec.android.app.shealth,2020-05-11 14:04:28.630,727225,f6d650f0-df28-44f1-ad5b-f2c93de879a9,f6d650f0-df28-44f1-ad5b-f2c93de879a9.extra_data.json,303.31393,
0,60,34080000,2020-05-16 15:00:00.727,5890.048,21070,7643,4483199,1589673600000,CHxXcBbd2u,4504269,123,com.sec.android.app.shealth,2020-05-17 13:35:02.333,661800,fb324bd9-847e-469b-8b4b-68ea64a22a94,fb324bd9-847e-469b-8b4b-68ea64a22a94.extra_data.json,263.46426,
0,60,31080000,2020-05-22 15:00:00.627,1261.4503,0,1599,898816,1590192000000,CHxXcBbd2u,898816,23,com.sec.android.app.shealth,2020-05-23 10:46:09.477,300000,783b34e8-11a7-40b5-9d28-13a372f30d7d,783b34e8-11a7-40b5-9d28-13a372f30d7d.extra_data.json,51.359993,
0,60,29220000,2020-05-28 15:00:01.582,6403.873,5200,8593,4862179,1590710400000,CHxXcBbd2u,4867379,135,com.sec.android.app.shealth,2020-05-29 14:15:02.917,724409,0f41ec83-ceda-49b4-b7c5-532b7e9808a9,0f41ec83-ceda-49b4-b7c5-532b7e9808a9.extra_data.json,302.0133,
0,60,29280000,2020-06-03 15:00:00.629,6064.832,29801,7936,4540706,1591228800000,CHxXcBbd2u,4570507,125,com.sec.android.app.shealth,2020-06-04 13:01:57.359,685978,452e3ad8-bd86-4624-8160-e58f71fad580,452e3ad8-bd86-4624-8160-e58f71fad580.extra_data.json,343.548,
0,60,25800000,2020-06-09 15:00:33.408,6448.157,15200,8559,5009332,1591747200000,CHxXcBbd2u,5024532,138,com.sec.android.app.shealth,2020-06-10 13:35:15.153,833512,171e70d4-8417-4686-b3ff-485184215ab8,171e70d4-8417-4686-b3ff-485184215ab8.extra_data.json,359.06897,
0,60,27240000,2020-06-15 15:00:00.697,6627.2397,148586,8757,4908634,1592265600000,CHxXcBbd2u,5057220,138,com.sec.android.app.shealth,2020-06-16 13:01:47.048,685175,463b9de0-39ed-4d37-8d85-4aed237e2e45,463b9de0-39ed-4d37-8d85-4aed237e2e45.extra_data.json,338.88992,
0,60,18660000,2020-06-21 15:00:00.779,6216.1396,52593,8274,4590056,1592784000000,CHxXcBbd2u,4642649,126,com.sec.android.app.shealth,2020-06-22 14:29:38.236,480000,0bac8406-c308-4b68-9fcc-54715b6c7834,0bac8406-c308-4b68-9fcc-54715b6c7834.extra_data.json,286.80997,
0,60,35280000,2020-06-27 15:00:00.846,6589.8735,10250,8392,4947689,1593302400000,CHxXcBbd2u,4957939,136,com.sec.android.app.shealth,2020-06-28 11:10:52.438,1240551,990ff913-e654-4042-b960-0e49d670482b,990ff913-e654-4042-b960-0e49d670482b.extra_data.json,270.09433,
0,60,33420000,2019-10-18 15:00:00.913,11775.943,21688,15037,8687655,1571443200000,CHxXcBbd2u,8709343,240,com.sec.android.app.shealth,2019-10-19 14:35:00.478,1174322,63c7e968-b7f1-4d93-ba37-b88e1a5eb1f0,63c7e968-b7f1-4d93-ba37-b88e1a5eb1f0.extra_data.json,499.96692,
0,60,34320000,2019-10-24 15:00:00.650,6625.1914,0,8837,5005455,1571961600000,CHxXcBbd2u,5005455,138,com.sec.android.app.shealth,2019-10-25 12:00:33.632,1033495,a9be0f4f-914b-4e8b-8bf0-d3ed55ae7652,a9be0f4f-914b-4e8b-8bf0-d3ed55ae7652.extra_data.json,317.33,
0,60,29220000,2020-07-03 15:00:00.644,7375.835,146780,9783,5577350,1593820800000,CHxXcBbd2u,5724130,156,com.sec.android.app.shealth,2020-07-09 16:56:30.480,678077,61b7190f-5efe-4932-b21f-7adba54db763,61b7190f-5efe-4932-b21f-7adba54db763.extra_data.json,373.3695,
0,60,33540000,2019-10-30 15:00:00.665,7101.4,320,9987,5215529,1572480000000,CHxXcBbd2u,5215849,143,com.sec.android.app.shealth,2019-10-31 08:07:07.442,1272694,30c9fcf9-c0a6-4818-a44d-cb72beaf86d2,30c9fcf9-c0a6-4818-a44d-cb72beaf86d2.extra_data.json,377.46747,
0,60,25200000,2019-11-05 15:00:01.256,12108.669,4000,16578,9284057,1572998400000,CHxXcBbd2u,9288057,256,com.sec.android.app.shealth,2019-11-06 13:17:58.729,1191181,f898456d-8f17-435e-9399-66a87ede2d6e,f898456d-8f17-435e-9399-66a87ede2d6e.extra_data.json,604.7262,
0,60,34440000,2019-11-11 15:00:00.692,8267.725,16509,11460,6256369,1573516800000,CHxXcBbd2u,6272878,173,com.sec.android.app.shealth,2019-11-12 13:02:55.599,1173659,bcfbbbd2-d0c7-4db5-8f10-9b89994d1817,bcfbbbd2-d0c7-4db5-8f10-9b89994d1817.extra_data.json,419.17746,
0,60,25920000,2019-11-17 15:15:21.763,9510.715,94669,12782,6687952,1574035200000,CHxXcBbd2u,6782621,186,com.sec.android.app.shealth,2019-11-18 11:50:25.349,1144467,de9d7c4a-8e2f-4c8b-92a5-3cee8032e62f,de9d7c4a-8e2f-4c8b-92a5-3cee8032e62f.extra_data.json,477.3798,
0,60,35940000,2019-11-23 15:00:00.554,2759.8499,11785,3618,2138184,1574553600000,CHxXcBbd2u,2149969,58,com.sec.android.app.shealth,2019-11-24 09:08:14.339,540000,4f484a3e-926e-45f8-8959-429c1071b904,4f484a3e-926e-45f8-8959-429c1071b904.extra_data.json,124.939995,
0,60,43380000,2019-11-07 15:00:00.486,6886.287,2879,9519,5040114,1573171200000,CHxXcBbd2u,5042993,140,com.sec.android.app.shealth,2019-11-08 13:59:49.889,1082082,af5d03ae-a7b5-41ad-9d9d-199bfffca98d,af5d03ae-a7b5-41ad-9d9d-199bfffca98d.extra_data.json,355.72354,
0,60,38460000,2019-11-29 15:00:01.787,9024.923,136884,11281,6218467,1575072000000,CHxXcBbd2u,6355351,175,com.sec.android.app.shealth,2019-11-30 16:32:01.831,794098,02e473fb-40fb-4ff4-8e4d-63bde3e99b71,02e473fb-40fb-4ff4-8e4d-63bde3e99b71.extra_data.json,388.69125,
0,60,23820000,2019-11-13 15:00:40.426,14001.044,106870,18984,10092359,1573689600000,CHxXcBbd2u,10199229,281,com.sec.android.app.shealth,2019-11-14 15:00:30.595,1204475,3e246a67-efed-4b83-b98b-1d5345fdda8a,3e246a67-efed-4b83-b98b-1d5345fdda8a.extra_data.json,698.9986,
0,60,36480000,2019-11-19 15:00:00.442,5159.841,142667,6445,3573615,1574208000000,CHxXcBbd2u,3716282,101,com.sec.android.app.shealth,2019-11-20 13:44:20.711,240000,649bd3f4-bbd8-4977-af0b-35598f1ef1ad,649bd3f4-bbd8-4977-af0b-35598f1ef1ad.extra_data.json,250.07997,
0,60,29640000,2019-12-05 15:00:01.857,9627.243,37753,12292,7024353,1575590400000,CHxXcBbd2u,7062106,195,com.sec.android.app.shealth,2019-12-06 13:24:45.164,709573,f1688b21-69f3-4239-bceb-ec3166957dfa,f1688b21-69f3-4239-bceb-ec3166957dfa.extra_data.json,411.96136,
0,60,36780000,2019-12-11 15:00:01.633,7663.1133,9093,10611,5449887,1576108800000,CHxXcBbd2u,5458980,150,com.sec.android.app.shealth,2019-12-12 13:16:01.163,1082869,a085824c-e5a0-4bef-897e-878f3f442082,a085824c-e5a0-4bef-897e-878f3f442082.extra_data.json,402.5258,
0,60,34620000,2019-11-08 15:00:00.639,16770.139,75320,21750,12430456,1573257600000,CHxXcBbd2u,12505776,346,com.sec.android.app.shealth,2019-11-09 14:35:15.706,1026789,72a2d2d6-4af9-4b30-91d4-925e40239127,72a2d2d6-4af9-4b30-91d4-925e40239127.extra_data.json,752.7316,
0,60,33540000,2019-12-17 15:00:00.390,3411.52,3080,4674,2477029,1576627200000,CHxXcBbd2u,2480109,68,com.sec.android.app.shealth,2019-12-18 10:27:13.012,1058221,9ab05f38-f51e-4e83-bfd1-d6bba1b0b67c,9ab05f38-f51e-4e83-bfd1-d6bba1b0b67c.extra_data.json,175.43497,
0,60,28440000,2020-07-09 15:00:00.592,10124.422,187996,12714,7344937,1594339200000,CHxXcBbd2u,7532933,208,com.sec.android.app.shealth,2020-07-10 14:46:43.724,420000,1b535b3b-be1c-4e43-a96c-052034704647,1b535b3b-be1c-4e43-a96c-052034704647.extra_data.json,466.6599,
0,60,23880000,2019-12-23 15:00:00.698,7991.1865,66409,10065,5641814,1577145600000,CHxXcBbd2u,5708223,158,com.sec.android.app.shealth,2019-12-24 15:00:00.616,1355408,8b3a1aa5-30f5-4757-b866-06260be17c38,8b3a1aa5-30f5-4757-b866-06260be17c38.extra_data.json,333.17664,
0,60,25740000,2020-07-15 15:00:00.903,9618.251,186518,12196,7093594,1594857600000,CHxXcBbd2u,7280112,201,com.sec.android.app.shealth,2020-07-16 22:40:48.135,888200,9e687d05-ef8c-4b01-b090-66eee4ffe747,9e687d05-ef8c-4b01-b090-66eee4ffe747.extra_data.json,444.24802,
0,60,34440000,2019-12-29 15:00:00.300,7707.0596,57753,9930,5581564,1577664000000,CHxXcBbd2u,5639317,155,com.sec.android.app.shealth,2019-12-30 14:53:34.392,906656,9d88240b-8133-4b27-8965-0b09d4554659,9d88240b-8133-4b27-8965-0b09d4554659.extra_data.json,340.58405,
0,60,28560000,2019-11-09 15:00:01.423,8320.793,14810,10536,6085263,1573344000000,CHxXcBbd2u,6100073,168,com.sec.android.app.shealth,2019-11-10 10:53:11.619,908517,b9af5a09-2f95-492f-aac3-550a9c94c701,b9af5a09-2f95-492f-aac3-550a9c94c701.extra_data.json,347.77808,
0,60,22440000,2019-11-15 15:01:57.001,8452.549,61849,10801,6196671,1573862400000,CHxXcBbd2u,6258520,173,com.sec.android.app.shealth,2019-11-18 21:34:41.984,910930,e591a3f3-7181-4f52-ac8a-7e3edd06cf73,e591a3f3-7181-4f52-ac8a-7e3edd06cf73.extra_data.json,391.00504,
0,60,40860000,2020-01-04 15:00:00.767,8015.119,4870,10515,6081424,1578182400000,CHxXcBbd2u,6086294,168,com.sec.android.app.shealth,2020-01-05 14:52:54.438,420000,161979f8-5f22-440a-857e-ad720efb9e8f,161979f8-5f22-440a-857e-ad720efb9e8f.extra_data.json,360.8699,
0,60,38760000,2019-11-21 15:00:00.409,12299.535,52263,16150,9298165,1574380800000,CHxXcBbd2u,9350428,256,com.sec.android.app.shealth,2019-11-22 15:00:00.725,1129302,06085a08-1fae-4394-bdd7-da265cc029d8,06085a08-1fae-4394-bdd7-da265cc029d8.extra_data.json,656.4484,
0,60,50820000,2019-11-25 15:00:00.514,6739.9307,920,9463,5232088,1574726400000,CHxXcBbd2u,5233008,145,com.sec.android.app.shealth,2019-11-26 11:59:15.011,1201144,0c1dba46-1e57-478c-b9cf-e432f7971333,0c1dba46-1e57-478c-b9cf-e432f7971333.extra_data.json,344.0495,
0,60,36840000,2019-11-27 15:00:10.426,6557.01,6000,8878,4541762,1574899200000,CHxXcBbd2u,4547762,125,com.sec.android.app.shealth,2019-11-28 08:55:07.696,1000445,151940b5-bed7-4081-bba4-10d423e065bd,151940b5-bed7-4081-bba4-10d423e065bd.extra_data.json,369.2774,
0,60,36900000,2019-12-01 15:00:01.028,7183.104,5587,9580,4860776,1575244800000,CHxXcBbd2u,4866363,135,com.sec.android.app.shealth,2019-12-02 14:40:39.509,1107787,a59bdcde-c085-49dc-be7e-7a425ff011e3,a59bdcde-c085-49dc-be7e-7a425ff011e3.extra_data.json,406.58228,
0,60,32280000,2019-12-03 15:00:00.711,6150.788,11372,7889,4204481,1575417600000,CHxXcBbd2u,4215853,116,com.sec.android.app.shealth,2019-12-04 11:23:11.047,963497,2ce06d37-8dc9-4e4c-8ca3-71654a778815,2ce06d37-8dc9-4e4c-8ca3-71654a778815.extra_data.json,283.01834,
0,60,31140000,2020-01-10 15:00:00.446,7692.6704,14022,9889,5648845,1578700800000,CHxXcBbd2u,5662867,156,com.sec.android.app.shealth,2020-01-11 13:55:20.352,420000,1f260900-ada4-4527-bd10-b2a8b8bfc9b9,1f260900-ada4-4527-bd10-b2a8b8bfc9b9.extra_data.json,330.90997,
0,60,37200000,2019-12-09 15:00:00.536,331.48,0,416,277472,1575936000000,CHxXcBbd2u,277472,6,com.sec.android.app.shealth,2019-12-10 15:00:01.981,43355,d0ee914c-f601-4a95-b512-6880115e25d9,d0ee914c-f601-4a95-b512-6880115e25d9.extra_data.json,14.770001,
0,60,32640000,2019-12-07 15:22:26.189,9021.563,19231,11662,6800084,1575763200000,CHxXcBbd2u,6819315,188,com.sec.android.app.shealth,2019-12-08 12:40:55.171,734689,9d3e43cb-0466-43eb-b930-b2f54ddfc1d4,9d3e43cb-0466-43eb-b930-b2f54ddfc1d4.extra_data.json,395.85593,
0,60,33720000,2020-01-16 15:00:01.533,3145.9905,3600,4004,2207717,1579219200000,CHxXcBbd2u,2211317,60,com.sec.android.app.shealth,2020-01-17 14:49:05.605,360000,e1f0d00c-4635-4b31-8d27-c34d93f9b51f,e1f0d00c-4635-4b31-8d27-c34d93f9b51f.extra_data.json,126.59,
0,60,35880000,2019-12-15 15:20:28.819,3197.0774,12484,4585,2309706,1576454400000,CHxXcBbd2u,2322190,63,com.sec.android.app.shealth,2019-12-16 09:35:20.635,869441,2fe61243-e273-4373-a098-c902fe854fd0,2fe61243-e273-4373-a098-c902fe854fd0.extra_data.json,173.77498,
0,60,29400000,2019-12-13 15:00:00.595,3492.2874,33769,4471,2583251,1576281600000,CHxXcBbd2u,2617020,71,com.sec.android.app.shealth,2019-12-14 14:42:04.057,647865,b92d2662-635f-4008-b32e-5b4c0b2860eb,b92d2662-635f-4008-b32e-5b4c0b2860eb.extra_data.json,163.3012,
0,60,20940000,2020-01-22 15:00:01.282,7791.0005,13514,9914,5827766,1579737600000,CHxXcBbd2u,5841280,161,com.sec.android.app.shealth,2020-01-23 13:35:17.636,540000,14e4fbb2-9794-4a33-893c-834be72ec52e,14e4fbb2-9794-4a33-893c-834be72ec52e.extra_data.json,339.93,
0,60,46980000,2019-12-21 15:02:01.304,3020.4587,4840,3829,2229601,1576972800000,CHxXcBbd2u,2234441,61,com.sec.android.app.shealth,2019-12-22 15:00:01.297,674748,bcaaa624-19ec-4a3c-85cf-68581e6e76ae,bcaaa624-19ec-4a3c-85cf-68581e6e76ae.extra_data.json,131.03015,
0,60,34740000,2019-12-19 15:00:00.748,7853.397,61393,10485,5826564,1576800000000,CHxXcBbd2u,5887957,163,com.sec.android.app.shealth,2019-12-20 14:35:30.296,1280265,17552b75-d166-4ad3-858d-50e4a4d05950,17552b75-d166-4ad3-858d-50e4a4d05950.extra_data.json,388.458,
0,60,38700000,2019-11-14 15:00:01.064,7269.294,1200,10148,5620810,1573776000000,CHxXcBbd2u,5622010,155,com.sec.android.app.shealth,2019-11-15 13:55:17.026,1309522,13e589a3-1287-4acc-841f-10b15edc29a3,13e589a3-1287-4acc-841f-10b15edc29a3.extra_data.json,389.79715,
0,60,18240000,2020-01-28 15:00:00.687,6147.636,61636,7613,4451409,1580256000000,CHxXcBbd2u,4513045,125,com.sec.android.app.shealth,2020-01-29 15:31:05.931,1063720,444b255c-21eb-4281-a13b-1411ff271e51,444b255c-21eb-4281-a13b-1411ff271e51.extra_data.json,272.3348,
0,60,36300000,2019-12-25 15:00:00.408,3071.52,41468,3872,2205937,1577318400000,CHxXcBbd2u,2247405,60,com.sec.android.app.shealth,2019-12-26 14:55:34.141,300000,22c75d46-b549-41e6-81ff-7b05080662f5,22c75d46-b549-41e6-81ff-7b05080662f5.extra_data.json,132.99,
0,60,52440000,2020-02-03 15:00:00.262,3379.0095,4325,4287,2390961,1580774400000,CHxXcBbd2u,2395286,65,com.sec.android.app.shealth,2020-02-04 15:00:00.481,834339,e474bf29-a2be-4bdc-8967-9aa424a5c665,e474bf29-a2be-4bdc-8967-9aa424a5c665.extra_data.json,143.51266,
0,60,47640000,2020-01-01 03:07:50.229,3699.9194,7696,4759,2750665,1577836800000,CHxXcBbd2u,2758361,75,com.sec.android.app.shealth,2020-01-01 15:00:00.983,480000,a97455d7-a529-4a05-b85a-c8a34664ea92,a97455d7-a529-4a05-b85a-c8a34664ea92.extra_data.json,160.91997,
0,60,46500000,2019-12-27 15:00:00.513,10651.357,2400,14032,8279105,1577491200000,CHxXcBbd2u,8281505,228,com.sec.android.app.shealth,2019-12-28 13:35:09.305,1147323,b2e627e5-ac8d-4c40-9c83-c8e8b149849e,b2e627e5-ac8d-4c40-9c83-c8e8b149849e.extra_data.json,488.06705,
0,60,29580000,2019-11-20 15:00:03.013,7778.703,0,11055,5997202,1574294400000,CHxXcBbd2u,5997202,165,com.sec.android.app.shealth,2019-11-21 13:33:43.130,1084066,b04fa052-45f8-492f-a7a4-25b27959962d,b04fa052-45f8-492f-a7a4-25b27959962d.extra_data.json,434.228,
0,60,42960000,2020-01-02 15:00:00.693,5497.27,28107,7030,4086425,1578009600000,CHxXcBbd2u,4114532,113,com.sec.android.app.shealth,2020-01-03 15:00:00.405,663380,772a8132-e288-443d-9dbf-955784c0893f,772a8132-e288-443d-9dbf-955784c0893f.extra_data.json,245.98012,
0,60,40560000,2019-11-26 15:00:00.562,4186.542,2507,5664,3132648,1574812800000,CHxXcBbd2u,3135155,86,com.sec.android.app.shealth,2019-11-27 12:57:54.916,1077702,5832efe5-04d2-43d9-aab5-78c3c74feccf,5832efe5-04d2-43d9-aab5-78c3c74feccf.extra_data.json,203.94347,
0,60,24540000,2019-12-02 15:00:00.264,5714.2427,29697,8059,4439364,1575331200000,CHxXcBbd2u,4469061,121,com.sec.android.app.shealth,2019-12-03 12:21:23.095,1273077,1182282e-fa9d-4d1e-aa9d-68831ae96b76,1182282e-fa9d-4d1e-aa9d-68831ae96b76.extra_data.json,310.5891,
0,60,29880000,2019-12-08 15:00:00.761,7118.264,2767,10049,5375011,1575849600000,CHxXcBbd2u,5377778,148,com.sec.android.app.shealth,2019-12-09 09:22:36.662,1280279,754fef44-245f-4fb8-a7ef-b9c076f25f4e,754fef44-245f-4fb8-a7ef-b9c076f25f4e.extra_data.json,395.5292,
0,60,38100000,2019-12-14 15:00:00.552,4545.8003,5938,6003,3462879,1576368000000,CHxXcBbd2u,3468817,95,com.sec.android.app.shealth,2019-12-15 10:39:59.208,360000,f3425353-0833-44b9-b55d-154b7a1a92a0,f3425353-0833-44b9-b55d-154b7a1a92a0.extra_data.json,204.77998,
0,60,36060000,2020-01-06 15:00:00.239,6341.4897,46840,8095,4596120,1578355200000,CHxXcBbd2u,4642960,126,com.sec.android.app.shealth,2020-01-07 14:13:49.656,540000,c41a7557-fc6f-4344-9546-c13a356b4ab3,c41a7557-fc6f-4344-9546-c13a356b4ab3.extra_data.json,276.16998,
0,60,43920000,2020-01-08 15:00:01.962,3825.2803,2350,4836,2961143,1578528000000,CHxXcBbd2u,2963493,81,com.sec.android.app.shealth,2020-01-09 13:32:21.757,780482,c3118170-426c-48b6-a4d2-6a750110d96d,c3118170-426c-48b6-a4d2-6a750110d96d.extra_data.json,159.56,
0,60,39060000,2020-01-12 15:00:00.895,2831.5898,18718,3572,1882772,1578873600000,CHxXcBbd2u,1901490,51,com.sec.android.app.shealth,2020-01-13 15:00:08.038,420000,c0d267ed-6288-4147-ad57-54d2fb359347,c0d267ed-6288-4147-ad57-54d2fb359347.extra_data.json,120.04998,
0,60,21120000,2019-12-20 15:00:01.666,7676.7905,51369,9969,5865206,1576886400000,CHxXcBbd2u,5916575,161,com.sec.android.app.shealth,2019-12-21 13:35:02.804,540000,5bbc2b23-c498-4383-99c2-cf7deddf986e,5bbc2b23-c498-4383-99c2-cf7deddf986e.extra_data.json,361.1199,
0,60,40980000,2020-01-14 15:00:00.925,7125.3784,10133,9074,5220714,1579046400000,CHxXcBbd2u,5230847,145,com.sec.android.app.shealth,2020-01-15 20:03:17.228,2371993,7b7fe5ef-a5b9-4114-9bf2-36890c97f430,7b7fe5ef-a5b9-4114-9bf2-36890c97f430.extra_data.json,307.39093,
0,60,27420000,2020-01-20 15:00:01.568,4616.701,19406,5932,3416517,1579564800000,CHxXcBbd2u,3435923,93,com.sec.android.app.shealth,2020-01-21 15:00:01.738,420000,e60bfd3f-e276-4ca5-a82f-e71e85b608bb,e60bfd3f-e276-4ca5-a82f-e71e85b608bb.extra_data.json,212.42003,
0,60,20160000,2020-01-18 15:00:00.452,4410.433,11906,5813,3340677,1579392000000,CHxXcBbd2u,3352583,91,com.sec.android.app.shealth,2020-01-19 13:18:45.553,661297,f5b2ca61-5e0b-4f44-b2cb-60ebcebd9120,f5b2ca61-5e0b-4f44-b2cb-60ebcebd9120.extra_data.json,205.51248,
0,60,23640000,2020-02-09 15:00:00.423,384.27005,400,487,324162,1581292800000,CHxXcBbd2u,324562,8,com.sec.android.app.shealth,2020-02-10 15:00:01.761,32683,6d5e8d9c-1318-4add-8f2c-d0c268f8875f,6d5e8d9c-1318-4add-8f2c-d0c268f8875f.extra_data.json,16.769999,
0,60,50460000,2020-01-26 15:00:00.971,149.45001,1200,180,118059,1580083200000,CHxXcBbd2u,119259,1,com.sec.android.app.shealth,2020-01-27 14:18:13.022,22678,237a7fae-ae87-44c6-bb41-e2b25c47649d,237a7fae-ae87-44c6-bb41-e2b25c47649d.extra_data.json,6.979998,
0,60,20580000,2020-02-15 15:00:00.612,2850.6199,2000,3638,1979026,1581811200000,CHxXcBbd2u,1981026,53,com.sec.android.app.shealth,2020-02-16 14:07:58.729,360000,9b21192d-8a22-46bf-a5f9-176caa2ec817,9b21192d-8a22-46bf-a5f9-176caa2ec817.extra_data.json,116.0,
0,60,15420000,2020-02-21 15:00:00.797,443.81003,4000,532,348174,1582329600000,CHxXcBbd2u,352174,8,com.sec.android.app.shealth,2020-02-22 12:12:44.880,23345,1b6b3a75-4d9a-4d8a-bf98-5b65376f590b,1b6b3a75-4d9a-4d8a-bf98-5b65376f590b.extra_data.json,20.749996,
0,60,39420000,2020-02-01 15:00:00.802,2785.84,23544,3577,2019060,1580601600000,CHxXcBbd2u,2042604,55,com.sec.android.app.shealth,2020-02-02 14:09:05.335,300000,4ebcc78c-5cca-4962-b0d1-cd293a9e9de0,4ebcc78c-5cca-4962-b0d1-cd293a9e9de0.extra_data.json,125.12997,
0,60,70020000,2020-02-07 15:56:06.208,3525.6072,800,4660,2980543,1581120000000,CHxXcBbd2u,2981343,81,com.sec.android.app.shealth,2020-02-08 14:20:06.572,1821042,eb8f424b-5aba-4b9d-a148-e09f22e002e2,eb8f424b-5aba-4b9d-a148-e09f22e002e2.extra_data.json,168.04181,
0,60,28140000,2020-02-27 15:00:01.926,3395.8662,3585,4299,2521945,1582848000000,CHxXcBbd2u,2525530,70,com.sec.android.app.shealth,2020-02-28 15:00:01.477,664736,6e7dd4d3-3eca-4382-a388-d3dac9e5b77f,6e7dd4d3-3eca-4382-a388-d3dac9e5b77f.extra_data.json,139.062,
0,60,51960000,2020-02-13 15:00:00.758,2742.2402,2000,3525,1958409,1581638400000,CHxXcBbd2u,1960409,53,com.sec.android.app.shealth,2020-02-14 11:15:00.204,360000,e24ba2ac-b1b3-42f7-868b-cf1de9026309,e24ba2ac-b1b3-42f7-868b-cf1de9026309.extra_data.json,113.24998,
0,60,38280000,2020-03-04 15:00:00.803,290.11996,1600,355,234117,1583366400000,CHxXcBbd2u,235717,5,com.sec.android.app.shealth,2020-03-05 14:35:08.280,46690,331cf651-978e-43dd-895f-93b59fa8c99d,331cf651-978e-43dd-895f-93b59fa8c99d.extra_data.json,13.429997,
0,60,22800000,2020-01-24 15:00:01.063,409.56003,400,505,336168,1579910400000,CHxXcBbd2u,336568,8,com.sec.android.app.shealth,2020-01-25 12:01:30.116,41354,014d37dc-069d-401d-9958-d50a2e1de4f2,014d37dc-069d-401d-9958-d50a2e1de4f2.extra_data.json,18.460001,
0,60,42480000,2020-03-10 15:00:00.718,10649.978,87118,13630,7874564,1583884800000,CHxXcBbd2u,7961682,220,com.sec.android.app.shealth,2020-03-11 13:48:16.823,1891018,f95318f0-4f03-49b3-8f95-218f0b6dbc92,f95318f0-4f03-49b3-8f95-218f0b6dbc92.extra_data.json,470.00522,
0,60,42960000,2020-02-19 15:00:00.929,1724.3103,400,2232,1292196,1582156800000,CHxXcBbd2u,1292596,35,com.sec.android.app.shealth,2020-02-20 13:32:52.998,360000,fcc88b64-51dc-4bb6-8863-e3c3ef073f20,fcc88b64-51dc-4bb6-8863-e3c3ef073f20.extra_data.json,77.71,
0,60,18360000,2020-02-25 15:00:00.650,2437.3164,24386,3085,1832566,1582675200000,CHxXcBbd2u,1856952,50,com.sec.android.app.shealth,2020-02-26 14:44:22.254,663829,df9c20a4-0c4d-4d6c-8388-c3f4a0c9a66f,df9c20a4-0c4d-4d6c-8388-c3f4a0c9a66f.extra_data.json,113.8055,
0,60,23940000,2020-03-16 15:00:00.663,1820.9968,400,2300,1446700,1584403200000,CHxXcBbd2u,1447100,40,com.sec.android.app.shealth,2020-03-17 14:44:43.919,1270279,cb208b39-bc84-4fed-9b38-2012c587c79d,cb208b39-bc84-4fed-9b38-2012c587c79d.extra_data.json,76.31583,
0,60,27300000,2020-03-22 15:00:00.782,4514.874,1485,5880,3829773,1584921600000,CHxXcBbd2u,3831258,105,com.sec.android.app.shealth,2020-03-23 14:51:11.804,2348432,3f200038-6ca8-47e5-8564-807baa7a0365,3f200038-6ca8-47e5-8564-807baa7a0365.extra_data.json,201.86066,
0,60,39240000,2020-03-02 15:00:01.728,3555.2202,29459,4467,2558626,1583193600000,CHxXcBbd2u,2588085,70,com.sec.android.app.shealth,2020-03-03 15:00:00.332,360000,7924d8e3-ed02-4652-8e9b-d1ea06136e08,7924d8e3-ed02-4652-8e9b-d1ea06136e08.extra_data.json,154.01001,
0,60,44100000,2020-01-30 15:00:02.508,348.90002,400,408,271469,1580428800000,CHxXcBbd2u,271869,6,com.sec.android.app.shealth,2020-01-31 14:51:43.741,45356,9547ba0f-310d-4e05-9f50-d1a1ecde8ff1,9547ba0f-310d-4e05-9f50-d1a1ecde8ff1.extra_data.json,15.579998,
0,60,35400000,2020-03-28 15:12:16.217,3134.7788,4270,4013,2411907,1585440000000,CHxXcBbd2u,2416177,66,com.sec.android.app.shealth,2020-03-29 13:35:19.215,540000,46e67e75-728c-443e-b2b8-a73aadaef86d,46e67e75-728c-443e-b2b8-a73aadaef86d.extra_data.json,140.14996,
0,60,54960000,2020-03-08 15:00:00.592,1617.1903,12666,2013,1130904,1583712000000,CHxXcBbd2u,1143570,30,com.sec.android.app.shealth,2020-03-09 14:37:48.439,360000,7484422d-26fd-42a2-a6cb-4cfd36e9223a,7484422d-26fd-42a2-a6cb-4cfd36e9223a.extra_data.json,67.639984,
0,60,36960000,2020-03-14 15:00:00.634,2211.49,1200,2870,1617632,1584230400000,CHxXcBbd2u,1618832,43,com.sec.android.app.shealth,2020-03-15 13:35:03.706,480000,934fecd0-0efa-4924-89a0-b68a157c35e5,934fecd0-0efa-4924-89a0-b68a157c35e5.extra_data.json,100.849976,
0,60,26340000,2020-04-03 15:20:05.042,7089.213,65294,9056,5184020,1585958400000,CHxXcBbd2u,5249314,145,com.sec.android.app.shealth,2020-04-04 14:57:47.378,781569,a13123b4-9eac-426a-bc8f-44df3b170989,a13123b4-9eac-426a-bc8f-44df3b170989.extra_data.json,312.26587,
0,60,25800000,2020-04-09 15:00:00.865,1564.3799,7600,1918,1064839,1586476800000,CHxXcBbd2u,1072439,28,com.sec.android.app.shealth,2020-04-10 13:56:14.030,360000,f35f58ca-d3a3-481e-a6ee-d52392034d9f,f35f58ca-d3a3-481e-a6ee-d52392034d9f.extra_data.json,65.94999,
0,60,23580000,2020-03-20 15:00:02.333,8681.025,60803,11039,6305543,1584748800000,CHxXcBbd2u,6366346,176,com.sec.android.app.shealth,2020-03-21 14:48:24.242,1473987,96ed5302-a9e9-4ec8-a85a-049247240c83,96ed5302-a9e9-4ec8-a85a-049247240c83.extra_data.json,388.66885,
0,60,26760000,2020-04-15 15:00:00.720,4293.069,8054,5555,3261509,1586995200000,CHxXcBbd2u,3269563,90,com.sec.android.app.shealth,2020-04-16 13:29:26.366,300000,31346295-7886-4d4f-a3d0-037ddfa006bf,31346295-7886-4d4f-a3d0-037ddfa006bf.extra_data.json,188.75996,
0,60,31980000,2020-03-26 15:00:00.571,4511.262,20321,5738,3290427,1585267200000,CHxXcBbd2u,3310748,90,com.sec.android.app.shealth,2020-03-27 14:06:30.069,1024948,7562d63c-47ed-4fcd-b5c9-5aab5eb1ae4e,7562d63c-47ed-4fcd-b5c9-5aab5eb1ae4e.extra_data.json,195.1462,
0,60,45180000,2020-02-05 15:00:00.591,1991.7599,2800,2508,1475681,1580947200000,CHxXcBbd2u,1478481,40,com.sec.android.app.shealth,2020-02-06 15:00:01.050,480000,507f3d12-c6ef-41d3-9b86-a27c529f6fa2,507f3d12-c6ef-41d3-9b86-a27c529f6fa2.extra_data.json,86.95998,
0,60,17580000,2020-04-01 15:00:01.485,6137.53,11534,7960,4555558,1585785600000,CHxXcBbd2u,4567092,125,com.sec.android.app.shealth,2020-04-02 13:45:01.631,600000,de1625f4-ab89-413d-8a5d-4ad0b901273d,de1625f4-ab89-413d-8a5d-4ad0b901273d.extra_data.json,279.95996,
0,60,19620000,2020-04-21 15:00:01.148,1788.1,0,2282,1267607,1587513600000,CHxXcBbd2u,1267607,35,com.sec.android.app.shealth,2020-04-22 14:36:26.310,360000,6851a483-72c9-4fae-914e-dbc9258d6ae1,6851a483-72c9-4fae-914e-dbc9258d6ae1.extra_data.json,73.809975,
0,60,31140000,2020-04-07 15:00:00.643,2156.04,1200,2808,1620330,1586304000000,CHxXcBbd2u,1621530,45,com.sec.android.app.shealth,2020-04-08 13:12:01.060,300000,24d36e30-9abf-4edd-b338-285d137e3bd9,24d36e30-9abf-4edd-b338-285d137e3bd9.extra_data.json,99.92996,
0,60,47280000,2020-04-27 15:00:00.611,2349.8997,1747,3041,1776542,1588032000000,CHxXcBbd2u,1778289,48,com.sec.android.app.shealth,2020-04-28 14:11:55.623,360000,c03ab527-f2a0-4800-be00-164c9089c8ea,c03ab527-f2a0-4800-be00-164c9089c8ea.extra_data.json,103.520004,
0,60,21780000,2020-04-13 15:00:00.656,4224.8804,21292,5461,3219585,1586822400000,CHxXcBbd2u,3240877,88,com.sec.android.app.shealth,2020-04-14 14:14:34.281,360000,b9314655-dfbd-4841-a61e-86e4140a4ee9,b9314655-dfbd-4841-a61e-86e4140a4ee9.extra_data.json,191.48999,
0,60,38160000,2020-05-03 15:00:00.467,2028.5798,0,2606,1544442,1588550400000,CHxXcBbd2u,1544442,41,com.sec.android.app.shealth,2020-05-04 13:35:09.300,300000,a996acdd-e069-4d23-a4e1-6cd8e79f97d7,a996acdd-e069-4d23-a4e1-6cd8e79f97d7.extra_data.json,85.200005,
0,60,29760000,2019-12-26 15:00:00.244,13389.06,68184,17126,9733972,1577404800000,CHxXcBbd2u,9802156,271,com.sec.android.app.shealth,2019-12-27 15:00:00.934,1025753,3b8f823b-4eac-4c29-b161-48654b637a06,3b8f823b-4eac-4c29-b161-48654b637a06.extra_data.json,576.80347,
0,60,28620000,2020-05-09 15:00:00.813,148.65001,0,181,120727,1589068800000,CHxXcBbd2u,120727,3,com.sec.android.app.shealth,2020-05-10 10:20:50.396,32683,c19fe433-08b9-4007-ae22-54d69bf2f170,c19fe433-08b9-4007-ae22-54d69bf2f170.extra_data.json,7.019999,
0,60,28620000,2020-04-19 15:00:00.948,3913.31,10321,5055,2940813,1587340800000,CHxXcBbd2u,2951134,81,com.sec.android.app.shealth,2020-04-20 14:15:20.323,480000,b9230aa6-eb8d-4f7d-b2b4-efc9b2abedbc,b9230aa6-eb8d-4f7d-b2b4-efc9b2abedbc.extra_data.json,177.80005,
0,60,53580000,2020-02-11 15:00:00.676,6775.782,2000,8688,5176084,1581465600000,CHxXcBbd2u,5178084,143,com.sec.android.app.shealth,2020-02-12 14:35:09.745,1451840,8d2373cb-15b8-47f5-8dc0-789bb4b7ec52,8d2373cb-15b8-47f5-8dc0-789bb4b7ec52.extra_data.json,285.79852,
0,60,44520000,2020-04-25 15:00:17.229,2023.511,4000,2568,1537555,1587859200000,CHxXcBbd2u,1541555,41,com.sec.android.app.shealth,2020-04-26 17:12:29.765,668664,0d461a53-07ae-4d05-97c2-2c2b821e8823,0d461a53-07ae-4d05-97c2-2c2b821e8823.extra_data.json,89.61832,
0,60,22560000,2020-05-15 15:34:53.703,7293.6646,689029,9028,4486390,1589587200000,CHxXcBbd2u,5175419,141,com.sec.android.app.shealth,2020-05-16 13:24:47.857,1177565,fee9a59d-702d-45c7-bf49-f6115bb6ddbc,fee9a59d-702d-45c7-bf49-f6115bb6ddbc.extra_data.json,361.09314,
0,60,33840000,2020-05-01 15:00:00.607,4623.2393,21118,5926,3399360,1588377600000,CHxXcBbd2u,3420478,93,com.sec.android.app.shealth,2020-05-02 14:55:36.593,540000,ca6e1584-3f29-41e6-adf5-01246b26af18,ca6e1584-3f29-41e6-adf5-01246b26af18.extra_data.json,195.74994,
0,60,25740000,2020-05-07 15:00:01.714,5872.0703,17903,7921,4553594,1588896000000,CHxXcBbd2u,4571497,125,com.sec.android.app.shealth,2020-05-08 15:00:00.691,480000,f1a6f48f-9cdc-4be2-9070-b32de4695d72,f1a6f48f-9cdc-4be2-9070-b32de4695d72.extra_data.json,284.43997,
0,60,45540000,2020-01-01 15:00:00.593,6009.931,23362,7882,4561163,1577923200000,CHxXcBbd2u,4584525,126,com.sec.android.app.shealth,2020-01-02 13:52:03.016,360000,b00c54e2-3170-4147-83da-28d4ee103bb7,b00c54e2-3170-4147-83da-28d4ee103bb7.extra_data.json,279.58,
0,60,27120000,2020-02-17 15:00:00.473,5327.1445,13505,7001,3936676,1581984000000,CHxXcBbd2u,3950181,108,com.sec.android.app.shealth,2020-02-18 14:28:38.820,681880,23077607-2a01-47d6-a757-670ca77fdfea,23077607-2a01-47d6-a757-670ca77fdfea.extra_data.json,241.2473,
0,60,27000000,2020-05-13 15:43:50.001,8043.2563,68155,10537,5974011,1589414400000,CHxXcBbd2u,6042166,166,com.sec.android.app.shealth,2020-05-14 13:17:48.109,944307,060d4c47-3beb-4415-b205-85f1053073c7,060d4c47-3beb-4415-b205-85f1053073c7.extra_data.json,367.94464,
0,60,29220000,2020-05-19 15:00:00.643,9829.52,51704,12986,7528225,1589932800000,CHxXcBbd2u,7579929,208,com.sec.android.app.shealth,2020-05-20 15:00:01.076,1216490,9992d4ea-fb21-440c-907a-9ee524ece350,9992d4ea-fb21-440c-907a-9ee524ece350.extra_data.json,502.5119,
0,60,23460000,2020-05-25 15:00:00.725,7824.5225,111893,10298,5557209,1590451200000,CHxXcBbd2u,5669102,155,com.sec.android.app.shealth,2020-05-26 14:33:07.454,1153168,95a61618-cd45-4793-9b2d-bd2f826ff2e6,95a61618-cd45-4793-9b2d-bd2f826ff2e6.extra_data.json,385.38287,
0,60,27180000,2020-05-21 15:00:00.718,9984.569,58194,13328,7826769,1590105600000,CHxXcBbd2u,7884963,216,com.sec.android.app.shealth,2020-05-22 15:12:25.978,1594348,b070a1fb-432b-4ea6-9cc7-d95242ebdd65,b070a1fb-432b-4ea6-9cc7-d95242ebdd65.extra_data.json,520.1503,
0,60,29040000,2020-05-31 15:00:00.855,6482.1543,69949,8564,4869863,1590969600000,CHxXcBbd2u,4939812,136,com.sec.android.app.shealth,2020-06-01 13:28:39.579,656743,0a109128-24a7-478e-87fb-9bcca6d65217,0a109128-24a7-478e-87fb-9bcca6d65217.extra_data.json,365.81998,
0,60,25440000,2020-05-27 15:00:00.726,5506.9155,15994,7430,4273167,1590624000000,CHxXcBbd2u,4289161,118,com.sec.android.app.shealth,2020-05-28 11:53:39.785,859935,dcb2e78f-dd49-41a8-bc1c-e2050c6538bd,dcb2e78f-dd49-41a8-bc1c-e2050c6538bd.extra_data.json,276.06985,
0,60,30720000,2020-06-06 15:42:32.653,12406.895,66178,15913,9221728,1591488000000,CHxXcBbd2u,9287906,256,com.sec.android.app.shealth,2020-06-09 14:11:21.881,3188273,dd4ddb6c-1cd1-4d1a-bc84-485befe5a7e0,dd4ddb6c-1cd1-4d1a-bc84-485befe5a7e0.extra_data.json,656.5192,
0,60,24360000,2020-06-02 15:00:35.576,5644.8086,9587,7550,4336718,1591142400000,CHxXcBbd2u,4346305,120,com.sec.android.app.shealth,2020-06-03 13:11:31.397,420000,a4da1791-7065-4e17-89ca-142e1fc09908,a4da1791-7065-4e17-89ca-142e1fc09908.extra_data.json,316.12994,
0,60,22140000,2020-06-12 15:00:01.125,9883.727,6878,12661,7456961,1592006400000,CHxXcBbd2u,7463839,206,com.sec.android.app.shealth,2020-06-13 14:55:03.546,2111080,3a38189d-f2d2-49ff-a5a8-49c4fff6ff58,3a38189d-f2d2-49ff-a5a8-49c4fff6ff58.extra_data.json,424.2843,
0,60,17280000,2020-06-08 15:00:00.992,5238.704,4398,7075,4183266,1591660800000,CHxXcBbd2u,4187664,115,com.sec.android.app.shealth,2020-06-09 14:31:11.121,724584,076d7042-feb9-46ec-9bf1-73b5bcf76a89,076d7042-feb9-46ec-9bf1-73b5bcf76a89.extra_data.json,296.31073,
0,60,27840000,2020-06-14 15:00:00.799,6388.34,35967,8317,4612007,1592179200000,CHxXcBbd2u,4647974,126,com.sec.android.app.shealth,2020-06-15 13:49:41.838,480000,ca7cd510-f482-4c73-8418-73a3759835c6,ca7cd510-f482-4c73-8418-73a3759835c6.extra_data.json,288.22003,
0,60,58620000,2020-02-23 15:00:01.158,5705.018,15555,7386,4317302,1582502400000,CHxXcBbd2u,4332857,118,com.sec.android.app.shealth,2020-02-24 11:18:14.791,1411732,3cf31901-7724-402d-b685-40754056a6bd,3cf31901-7724-402d-b685-40754056a6bd.extra_data.json,261.78262,
0,60,27000000,2020-06-20 15:04:17.180,1980.87,3868,2596,1498196,1592697600000,CHxXcBbd2u,1502064,40,com.sec.android.app.shealth,2020-06-21 10:21:11.656,420000,04bbdfcc-5540-4594-963d-94e475977b53,04bbdfcc-5540-4594-963d-94e475977b53.extra_data.json,89.85,
0,60,20220000,2020-02-29 15:00:00.600,5446.89,29577,7065,4240560,1583020800000,CHxXcBbd2u,4270137,116,com.sec.android.app.shealth,2020-03-01 14:55:28.699,701802,ce612569-6aad-48dc-8741-90a9e2caee07,ce612569-6aad-48dc-8741-90a9e2caee07.extra_data.json,263.0075,
0,60,57720000,2020-06-27 07:01:12.797,1058.0,1200,1392,831539,1593216000000,CHxXcBbd2u,832739,21,com.sec.android.app.shealth,2020-06-27 13:26:02.267,360000,535d20ce-45ff-45d4-8fa9-441cb4a2ebb2,535d20ce-45ff-45d4-8fa9-441cb4a2ebb2.extra_data.json,50.619995,
0,60,37440000,2020-03-06 15:00:01.669,2861.34,2000,3638,2120550,1583539200000,CHxXcBbd2u,2122550,58,com.sec.android.app.shealth,2020-03-07 15:00:00.949,360000,9720dedf-b99c-47d7-977f-534ebbbd3e16,9720dedf-b99c-47d7-977f-534ebbbd3e16.extra_data.json,120.68001,
0,60,27480000,2020-01-07 15:00:01.958,6767.28,41245,8922,5141636,1578441600000,CHxXcBbd2u,5182881,141,com.sec.android.app.shealth,2020-01-08 14:25:49.622,800988,f73aa748-66db-4ed4-ae6d-6acf27c02ebb,f73aa748-66db-4ed4-ae6d-6acf27c02ebb.extra_data.json,312.9166,
0,60,29280000,2020-07-02 15:00:00.655,7726.112,21452,10172,5850950,1593734400000,CHxXcBbd2u,5872402,161,com.sec.android.app.shealth,2020-07-03 14:53:44.640,904701,82936cfd-1f76-46cb-9796-93b1858781db,82936cfd-1f76-46cb-9796-93b1858781db.extra_data.json,356.97937,
0,60,25920000,2020-07-08 15:00:01.989,7014.6646,160356,9135,5180651,1594252800000,CHxXcBbd2u,5341007,146,com.sec.android.app.shealth,2020-07-09 14:14:01.064,651020,a9c3ff11-9976-43f6-abf3-83c9ed6995d9,a9c3ff11-9976-43f6-abf3-83c9ed6995d9.extra_data.json,341.3297,
0,60,22020000,2020-06-18 15:01:07.796,7366.9624,15838,9976,5711572,1592524800000,CHxXcBbd2u,5727410,158,com.sec.android.app.shealth,2020-06-19 15:00:02.247,1263759,2967ac38-47b5-4a58-aaf3-0b1314b56cfb,2967ac38-47b5-4a58-aaf3-0b1314b56cfb.extra_data.json,355.1883,
3309920,60,20460000,2020-07-14 15:00:01.246,8922.223,33501,17352,7347159,1594771200000,CHxXcBbd2u,10690580,295,com.sec.android.app.shealth,2020-07-15 13:12:47.940,3309920,ffb638b3-371a-411a-a46d-cc324c9e2bd5,ffb638b3-371a-411a-a46d-cc324c9e2bd5.extra_data.json,676.0861,
0,60,24840000,2020-01-13 15:00:07.911,5185.6133,2400,6647,3759099,1578960000000,CHxXcBbd2u,3761499,103,com.sec.android.app.shealth,2020-01-14 13:39:44.761,663905,b5c56533-69ed-4ac6-973c-e41f17dc21ae,b5c56533-69ed-4ac6-973c-e41f17dc21ae.extra_data.json,223.83833,
0,60,28140000,2020-03-12 15:00:00.692,5184.121,46793,6698,3881282,1584057600000,CHxXcBbd2u,3928075,106,com.sec.android.app.shealth,2020-03-13 11:55:20.489,420000,fec7246f-157e-4e1b-ae29-ff537ba5dc8d,fec7246f-157e-4e1b-ae29-ff537ba5dc8d.extra_data.json,226.08997,
0,60,23040000,2020-03-18 15:00:00.839,1531.8701,49026,1834,1122944,1584576000000,CHxXcBbd2u,1171970,30,com.sec.android.app.shealth,2020-03-19 12:49:23.768,60000,f72a3c8d-a40d-4d4b-90dd-1fe9e21e72d8,f72a3c8d-a40d-4d4b-90dd-1fe9e21e72d8.extra_data.json,70.939995,
0,60,22920000,2020-06-24 15:00:01.580,6032.589,75535,8072,4458576,1593043200000,CHxXcBbd2u,4534111,125,com.sec.android.app.shealth,2020-06-25 14:07:42.408,480000,cb8d52bc-51ba-4864-a4b5-c3ad0229784e,cb8d52bc-51ba-4864-a4b5-c3ad0229784e.extra_data.json,308.29993,
0,60,23940000,2020-03-24 15:00:00.680,6621.663,4400,8455,5118483,1585094400000,CHxXcBbd2u,5122883,141,com.sec.android.app.shealth,2020-03-25 14:35:06.682,1728966,f2685ebb-4b3d-4a7c-b26f-42eb571208a4,f2685ebb-4b3d-4a7c-b26f-42eb571208a4.extra_data.json,270.70132,
0,60,47580000,2020-01-19 15:00:01.562,2414.8,6000,3068,1785806,1579478400000,CHxXcBbd2u,1791806,48,com.sec.android.app.shealth,2020-01-20 12:26:47.523,300000,a3e033ee-37c2-4f99-b535-50373139098c,a3e033ee-37c2-4f99-b535-50373139098c.extra_data.json,102.26001,
0,60,32460000,2020-03-30 15:00:00.402,4765.0,7747,6181,3756125,1585612800000,CHxXcBbd2u,3763872,103,com.sec.android.app.shealth,2020-03-31 14:55:13.286,1390355,099b3e7f-42fb-4064-9795-fb808201cdda,099b3e7f-42fb-4064-9795-fb808201cdda.extra_data.json,211.4467,
0,60,23520000,2020-04-05 15:00:10.869,5650.682,11200,7280,4101598,1586131200000,CHxXcBbd2u,4112798,113,com.sec.android.app.shealth,2020-04-06 14:57:15.863,666291,7357e05b-6d51-40f0-a47d-fd364af00bfb,7357e05b-6d51-40f0-a47d-fd364af00bfb.extra_data.json,237.648,
0,60,27720000,2020-06-30 15:00:00.970,5186.9673,13941,6936,4041542,1593561600000,CHxXcBbd2u,4055483,111,com.sec.android.app.shealth,2020-07-01 12:55:09.274,724885,bcf884ed-a17d-4138-bf25-f764c7ea3401,bcf884ed-a17d-4138-bf25-f764c7ea3401.extra_data.json,249.62796,
0,60,34140000,2020-01-25 15:00:00.669,2764.5095,12673,3500,1926258,1579996800000,CHxXcBbd2u,1938931,53,com.sec.android.app.shealth,2020-01-26 12:18:21.846,300000,82692c92-163b-4330-a406-8ebcc529fa83,82692c92-163b-4330-a406-8ebcc529fa83.extra_data.json,119.46001,
0,60,35400000,2020-04-11 15:00:00.645,2420.866,13892,3113,1825018,1586649600000,CHxXcBbd2u,1838910,50,com.sec.android.app.shealth,2020-04-12 14:56:12.326,655388,b0120bc4-8ec6-4023-ad05-c2dcd58a7c2b,b0120bc4-8ec6-4023-ad05-c2dcd58a7c2b.extra_data.json,116.969826,
0,60,30840000,2020-04-17 15:29:53.092,5718.602,46663,7372,4216588,1587168000000,CHxXcBbd2u,4263251,116,com.sec.android.app.shealth,2020-04-18 14:34:08.013,420000,aa4b98e8-2032-43c2-b672-dc95c9d04ad0,aa4b98e8-2032-43c2-b672-dc95c9d04ad0.extra_data.json,252.26004,
0,60,27060000,2020-04-23 15:00:00.806,1532.0101,2000,1973,1122928,1587686400000,CHxXcBbd2u,1124928,30,com.sec.android.app.shealth,2020-04-24 14:13:23.585,300000,7a4cdc61-f025-4b95-a461-34ad8147681c,7a4cdc61-f025-4b95-a461-34ad8147681c.extra_data.json,64.32001,
0,60,38400000,2020-04-29 15:00:23.255,2179.49,800,2822,1673750,1588204800000,CHxXcBbd2u,1674550,45,com.sec.android.app.shealth,2020-04-30 14:06:41.931,540000,8de73301-f854-472f-9088-58d4924cb860,8de73301-f854-472f-9088-58d4924cb860.extra_data.json,97.63,
0,60,26820000,2020-07-06 15:00:00.790,10132.931,329647,12728,7202980,1594080000000,CHxXcBbd2u,7532627,208,com.sec.android.app.shealth,2020-07-07 14:53:21.141,1384236,f91b1239-407a-4cda-8efd-6a5ad8871833,f91b1239-407a-4cda-8efd-6a5ad8871833.extra_data.json,490.90726,
0,60,14340000,2020-05-05 15:00:00.639,7194.0464,37439,9632,5666333,1588723200000,CHxXcBbd2u,5703772,156,com.sec.android.app.shealth,2020-05-06 12:23:21.833,857748,2fe140cc-da6c-4c94-a4ea-c8dc7db9d66e,2fe140cc-da6c-4c94-a4ea-c8dc7db9d66e.extra_data.json,354.3514,
0,60,27120000,2020-05-11 15:00:01.179,7848.775,27248,10546,5937222,1589241600000,CHxXcBbd2u,5964470,163,com.sec.android.app.shealth,2020-05-12 13:34:41.269,1403420,55a93ba5-45fd-4b1d-a9b0-7d77a8feec2b,55a93ba5-45fd-4b1d-a9b0-7d77a8feec2b.extra_data.json,393.808,
0,60,29880000,2020-05-17 15:00:00.716,6625.0654,86217,8814,5047800,1589760000000,CHxXcBbd2u,5134017,141,com.sec.android.app.shealth,2020-05-18 14:07:21.064,710808,0f058385-0124-4af4-a7cb-de7193e052df,0f058385-0124-4af4-a7cb-de7193e052df.extra_data.json,354.4404,
0,60,46920000,2020-01-31 15:00:00.475,3621.5894,800,4750,2744532,1580515200000,CHxXcBbd2u,2745332,75,com.sec.android.app.shealth,2020-02-01 12:04:07.818,360000,39362eab-cf70-4cf6-b79b-d01df73a9e94,39362eab-cf70-4cf6-b79b-d01df73a9e94.extra_data.json,175.65001,
0,60,31920000,2020-05-23 15:00:00.589,3415.2798,3993,4307,2487464,1590278400000,CHxXcBbd2u,2491457,68,com.sec.android.app.shealth,2020-05-24 13:15:35.365,360000,64cc623c-5546-4ab7-a367-f283d7b20d71,64cc623c-5546-4ab7-a367-f283d7b20d71.extra_data.json,140.08002,
0,60,17760000,2020-07-12 15:00:00.893,9200.429,46762,11984,6944511,1594598400000,CHxXcBbd2u,6991273,191,com.sec.android.app.shealth,2020-07-13 16:25:19.738,833080,5339196b-2ed6-4ce8-8a14-b7ba0822d7f8,5339196b-2ed6-4ce8-8a14-b7ba0822d7f8.extra_data.json,420.09802,
0,60,27180000,2020-05-29 15:00:01.498,13145.091,12000,16860,10480634,1590796800000,CHxXcBbd2u,10492634,290,com.sec.android.app.shealth,2020-06-02 18:16:24.283,3598752,4a744f63-4880-4f6d-9753-a1957797e3ff,4a744f63-4880-4f6d-9753-a1957797e3ff.extra_data.json,663.36914,
0,60,29280000,2020-06-04 15:00:00.991,11708.822,9218,15257,8621547,1591315200000,CHxXcBbd2u,8630765,238,com.sec.android.app.shealth,2020-06-05 14:14:08.005,1002126,ad14a47a-3e13-442c-bc0b-2c993ae111a0,ad14a47a-3e13-442c-bc0b-2c993ae111a0.extra_data.json,640.16895,
0,60,19740000,2020-02-06 15:00:00.503,2165.9902,10132,2723,1518476,1581033600000,CHxXcBbd2u,1528608,41,com.sec.android.app.shealth,2020-02-07 11:55:04.221,300000,17b5ed1e-660f-4287-bbf2-a6d62797abdd,17b5ed1e-660f-4287-bbf2-a6d62797abdd.extra_data.json,88.83998,
0,60,22740000,2020-06-10 15:00:00.832,7909.9946,10294,10313,6266397,1591833600000,CHxXcBbd2u,6276691,173,com.sec.android.app.shealth,2020-06-11 12:12:28.029,875477,a78f234f-86d2-4d2d-bfee-00237be43b80,a78f234f-86d2-4d2d-bfee-00237be43b80.extra_data.json,424.08597,
0,60,27240000,2020-06-16 15:00:00.649,6196.22,32896,8434,4892581,1592352000000,CHxXcBbd2u,4925477,135,com.sec.android.app.shealth,2020-06-17 13:51:06.558,707432,7d625987-7ba3-4c87-a9ac-651811d58cdd,7d625987-7ba3-4c87-a9ac-651811d58cdd.extra_data.json,306.06726,
0,60,28320000,2020-06-22 15:00:00.734,4897.1562,13302,6541,3712557,1592870400000,CHxXcBbd2u,3725859,101,com.sec.android.app.shealth,2020-06-23 12:35:20.437,664891,b188d8f3-8ab1-47f8-812e-e9aa6232ba81,b188d8f3-8ab1-47f8-812e-e9aa6232ba81.extra_data.json,230.78864,
0,60,47640000,2020-02-12 15:00:01.632,3101.3704,2800,3964,2233183,1581552000000,CHxXcBbd2u,2235983,61,com.sec.android.app.shealth,2020-02-13 14:47:09.749,360000,6cf22b30-40c8-4aab-91e9-5522423b657e,6cf22b30-40c8-4aab-91e9-5522423b657e.extra_data.json,126.41999,
0,60,27180000,2020-06-28 15:00:00.625,7027.615,3600,9222,5559281,1593388800000,CHxXcBbd2u,5562881,153,com.sec.android.app.shealth,2020-06-29 13:41:52.341,705802,6b9777f3-f814-4342-8f64-3ce2c3eca04e,6b9777f3-f814-4342-8f64-3ce2c3eca04e.extra_data.json,323.2441,
0,60,46620000,2020-07-04 15:00:00.458,3469.4707,4451,4523,2613483,1593907200000,CHxXcBbd2u,2617934,71,com.sec.android.app.shealth,2020-07-05 14:20:07.025,420000,0e0ac2b7-b47b-4995-9019-5202e112f7de,0e0ac2b7-b47b-4995-9019-5202e112f7de.extra_data.json,157.56992,
0,60,36720000,2020-07-10 15:00:01.612,4758.593,6800,6379,3648692,1594425600000,CHxXcBbd2u,3655492,100,com.sec.android.app.shealth,2020-07-11 14:13:29.397,672014,97b210b5-e5d5-45e1-844d-83f4263aadfb,97b210b5-e5d5-45e1-844d-83f4263aadfb.extra_data.json,236.40955,
0,60,38580000,2020-02-18 15:00:00.573,3818.7102,4800,4864,2865499,1582070400000,CHxXcBbd2u,2870299,78,com.sec.android.app.shealth,2020-02-19 15:00:01.538,360000,334143cc-2e5c-42a4-9000-32db70afc9b7,334143cc-2e5c-42a4-9000-32db70afc9b7.extra_data.json,157.08005,
0,60,22140000,2020-07-16 15:00:02.646,12315.262,416542,15269,8901416,1594944000000,CHxXcBbd2u,9317958,256,com.sec.android.app.shealth,2020-07-17 15:18:20.916,1156080,c4791a7c-44d8-48f7-ae87-744645ccd410,c4791a7c-44d8-48f7-ae87-744645ccd410.extra_data.json,588.792,
0,60,26100000,2020-02-24 15:00:00.689,4332.458,6320,5566,3220229,1582588800000,CHxXcBbd2u,3226549,88,com.sec.android.app.shealth,2020-02-25 14:31:19.463,360000,a59ab08b-1ac5-4031-aab9-c10ca6b38c53,a59ab08b-1ac5-4031-aab9-c10ca6b38c53.extra_data.json,181.36002,
0,60,31620000,2020-07-18 15:00:00.641,2038.0674,20321,2695,1546656,1595116800000,CHxXcBbd2u,1566977,41,com.sec.android.app.shealth,2020-07-19 13:10:37.841,240000,4fc492ca-7480-4b2e-87ee-8b28518bf7bc,4fc492ca-7480-4b2e-87ee-8b28518bf7bc.extra_data.json,90.37269,
0,60,32460000,2020-03-01 15:00:01.030,365.77997,800,456,302818,1583107200000,CHxXcBbd2u,303618,8,com.sec.android.app.shealth,2020-03-02 13:08:46.042,28014,a34f9b68-490a-4f47-a39d-c6cbaa5ab2aa,a34f9b68-490a-4f47-a39d-c6cbaa5ab2aa.extra_data.json,16.439999,
0,60,64380000,2020-03-07 15:00:00.698,328.58,0,427,224022,1583625600000,CHxXcBbd2u,224022,5,com.sec.android.app.shealth,2020-03-08 12:35:03.304,180000,14f78758-61c1-47b7-96a5-1e0fb6a76f37,14f78758-61c1-47b7-96a5-1e0fb6a76f37.extra_data.json,13.379999,
0,60,19020000,2020-03-13 15:00:00.528,6005.245,133241,7588,4178559,1584144000000,CHxXcBbd2u,4311800,118,com.sec.android.app.shealth,2020-03-14 14:15:11.952,1392854,fe4d8b15-db1d-4878-8d28-071f14bc989b,fe4d8b15-db1d-4878-8d28-071f14bc989b.extra_data.json,268.80762,
0,60,20640000,2020-03-19 15:00:01.002,542.03,6400,663,431549,1584662400000,CHxXcBbd2u,437949,11,com.sec.android.app.shealth,2020-03-20 15:00:03.256,34684,f597c185-df55-435a-b3e0-baccdcc6ba20,f597c185-df55-435a-b3e0-baccdcc6ba20.extra_data.json,25.689997,
0,60,18060000,2020-03-25 15:00:00.454,6345.309,31773,8135,4775153,1585180800000,CHxXcBbd2u,4806926,131,com.sec.android.app.shealth,2020-03-26 13:51:27.518,480000,a031cf52-5f8e-48c4-aa52-215b32237b97,a031cf52-5f8e-48c4-aa52-215b32237b97.extra_data.json,280.52,
0,60,43200000,2020-03-31 15:00:01.644,2328.745,2147,2889,1693310,1585699200000,CHxXcBbd2u,1695457,46,com.sec.android.app.shealth,2020-04-01 13:12:45.162,917143,a1c42ce5-9b17-4807-bbc1-0ab01bac4091,a1c42ce5-9b17-4807-bbc1-0ab01bac4091.extra_data.json,100.22067,
0,60,30060000,2020-04-06 15:00:01.599,1498.3999,1548,1917,1121053,1586217600000,CHxXcBbd2u,1122601,30,com.sec.android.app.shealth,2020-04-07 15:00:01.028,300000,1343f3ff-afc8-454c-b459-2e7e0d7e11c1,1343f3ff-afc8-454c-b459-2e7e0d7e11c1.extra_data.json,60.619987,
0,60,24180000,2020-04-12 15:00:00.910,5957.6226,6523,7569,4380568,1586736000000,CHxXcBbd2u,4387091,121,com.sec.android.app.shealth,2020-04-13 13:56:34.362,752758,d88da32f-de61-4234-824f-fc1d8dee79d3,d88da32f-de61-4234-824f-fc1d8dee79d3.extra_data.json,250.41312,
0,60,30600000,2020-04-18 15:00:00.967,3948.7097,2800,5038,2805806,1587254400000,CHxXcBbd2u,2808606,76,com.sec.android.app.shealth,2020-04-19 15:00:01.477,360000,c0f4cad0-6e66-4e9b-a8fd-e724a31258c1,c0f4cad0-6e66-4e9b-a8fd-e724a31258c1.extra_data.json,166.62999,
0,60,31200000,2020-04-24 15:00:00.590,3205.1997,3017,4090,2436595,1587772800000,CHxXcBbd2u,2439612,66,com.sec.android.app.shealth,2020-04-25 13:55:04.912,420000,49f758c9-c699-4ecd-8ef0-62336b807cc1,49f758c9-c699-4ecd-8ef0-62336b807cc1.extra_data.json,134.71999,
0,60,29580000,2020-04-30 15:00:00.658,6366.5493,65370,8030,4521443,1588291200000,CHxXcBbd2u,4586813,126,com.sec.android.app.shealth,2020-05-01 14:34:28.416,667348,728c0562-5668-4586-9bca-2022f9f8da16,728c0562-5668-4586-9bca-2022f9f8da16.extra_data.json,262.92996,
0,60,24660000,2020-05-06 15:00:01.772,7334.487,116578,9499,5293899,1588809600000,CHxXcBbd2u,5410477,148,com.sec.android.app.shealth,2020-05-07 15:00:01.972,794658,68a8ae51-85d0-4494-b884-caa8f4f31111,68a8ae51-85d0-4494-b884-caa8f4f31111.extra_data.json,340.1953,
0,60,29520000,2020-05-12 15:42:21.425,7065.6304,400,9571,5629388,1589328000000,CHxXcBbd2u,5629788,155,com.sec.android.app.shealth,2020-05-13 15:43:50.334,1087613,14278ac4-1655-4f17-b160-7d7c82b300ec,14278ac4-1655-4f17-b160-7d7c82b300ec.extra_data.json,337.64676,
0,60,27300000,2020-05-18 15:00:00.644,6860.896,42404,9117,5176856,1589846400000,CHxXcBbd2u,5219260,143,com.sec.android.app.shealth,2020-05-19 15:00:00.964,1020894,38280266-799d-4dc2-8369-0281ef20cb58,38280266-799d-4dc2-8369-0281ef20cb58.extra_data.json,342.9571,
0,60,29520000,2020-05-24 15:00:00.669,8057.159,184209,10138,5548285,1590364800000,CHxXcBbd2u,5732494,158,com.sec.android.app.shealth,2020-05-25 12:45:43.672,869194,4a6b807f-ace2-4bba-bbea-caefac74d6c5,4a6b807f-ace2-4bba-bbea-caefac74d6c5.extra_data.json,388.6144,
0,60,13380000,2020-05-30 15:00:00.818,6456.572,42556,8105,4726651,1590883200000,CHxXcBbd2u,4769207,130,com.sec.android.app.shealth,2020-05-31 13:45:36.990,783145,8f4ff5b1-4bac-4a53-91d8-ded348c22455,8f4ff5b1-4bac-4a53-91d8-ded348c22455.extra_data.json,348.65247,
0,60,25020000,2020-06-05 15:00:01.236,7096.7617,9600,9265,5799849,1591401600000,CHxXcBbd2u,5809449,160,com.sec.android.app.shealth,2020-06-09 14:11:21.839,360000,a8ddbfd9-95c4-4c4c-9f3f-fd8139869a0f,a8ddbfd9-95c4-4c4c-9f3f-fd8139869a0f.extra_data.json,367.91995,
0,60,25500000,2020-06-11 20:57:41.690,7287.242,129567,9335,5252182,1591920000000,CHxXcBbd2u,5381749,148,com.sec.android.app.shealth,2020-06-12 13:55:54.266,959038,63608fa5-7cb3-415f-82ee-ba4632907253,63608fa5-7cb3-415f-82ee-ba4632907253.extra_data.json,339.4345,
0,60,27840000,2020-06-17 15:00:01.467,6204.632,155215,7951,4411736,1592438400000,CHxXcBbd2u,4566951,125,com.sec.android.app.shealth,2020-06-18 14:31:50.335,638124,acaa0d5a-af2a-45c7-9a58-38d5ac27db1c,acaa0d5a-af2a-45c7-9a58-38d5ac27db1c.extra_data.json,299.16995,
0,60,27840000,2020-06-23 15:00:01.428,5118.7812,65972,6735,3667041,1592956800000,CHxXcBbd2u,3733013,103,com.sec.android.app.shealth,2020-06-24 12:27:18.851,480000,fea36f92-c93f-463e-87e9-9ccaa4a5a93e,fea36f92-c93f-463e-87e9-9ccaa4a5a93e.extra_data.json,243.10999,
0,60,29580000,2020-06-29 15:00:00.699,5365.609,22586,7163,4093631,1593475200000,CHxXcBbd2u,4116217,113,com.sec.android.app.shealth,2020-06-30 14:55:56.864,540000,a8d04f96-1f9b-438e-b1e4-a1fa0ddd64d5,a8d04f96-1f9b-438e-b1e4-a1fa0ddd64d5.extra_data.json,255.38995,
0,60,24480000,2020-07-05 15:00:00.812,7196.65,33555,9531,5504446,1593993600000,CHxXcBbd2u,5538001,151,com.sec.android.app.shealth,2020-07-06 15:17:33.479,480000,fce337aa-c858-4095-9e01-c4bb37cd03be,fce337aa-c858-4095-9e01-c4bb37cd03be.extra_data.json,329.8499,
1213320,60,12120000,2020-07-11 15:00:15.189,6224.8984,60513,9156,5471303,1594512000000,CHxXcBbd2u,6745136,186,com.sec.android.app.shealth,2020-07-12 16:52:56.676,1605120,a1535d2b-6806-4cd6-8b08-a1f0c7ddee55,a1535d2b-6806-4cd6-8b08-a1f0c7ddee55.extra_data.json,458.31482,
0,60,29040000,2020-07-17 15:00:01.168,7205.1226,96884,9322,5540931,1595030400000,CHxXcBbd2u,5637815,155,com.sec.android.app.shealth,2020-07-18 16:27:27.793,965600,adc31b20-8c67-4de7-a16f-15df3e014979,adc31b20-8c67-4de7-a16f-15df3e014979.extra_data.json,358.46487,
