com.samsung.shealth.calories_burned.details,6105031,1
extra_data,version,com.samsung.shealth.calories_burned.tef_calorie,com.samsung.shealth.calories_burned.active_time,com.samsung.shealth.calories_burned.pkg_name,com.samsung.shealth.calories_burned.update_time,com.samsung.shealth.calories_burned.create_time,com.samsung.shealth.calories_burned.datauuid,com.samsung.shealth.calories_burned.rest_calorie,com.samsung.shealth.calories_burned.active_calorie,com.samsung.shealth.calories_burned.day_time,com.samsung.shealth.calories_burned.deviceuuid
a2092507-cc62-4e0d-bc4c-1b5c58d31e4d.extra_data.json,,0.0,2970668,com.sec.android.app.shealth,1569078000777,1569058792662,a2092507-cc62-4e0d-bc4c-1b5c58d31e4d,1554.9952,176.77032,1569024000000,CHxXcBbd2u,
e051df9a-7c0d-41ae-a3be-19f26f63580d.extra_data.json,,0.0,0,com.sec.android.app.shealth,1569058794300,1569058794300,e051df9a-7c0d-41ae-a3be-19f26f63580d,1610.3641,0.0,1566691200000,CHxXcBbd2u,
e025b840-f7fe-4827-972d-7f0155f782f5.extra_data.json,,0.0,0,com.sec.android.app.shealth,1569058794613,1569058794613,e025b840-f7fe-4827-972d-7f0155f782f5,1610.3641,0.0,1567209600000,CHxXcBbd2u,
1d16e3c9-a2c5-4f54-a64b-86bc1982753f.extra_data.json,,0.0,0,com.sec.android.app.shealth,1569058794576,1569058794576,1d16e3c9-a2c5-4f54-a64b-86bc1982753f,1610.3641,0.0,1567123200000,CHxXcBbd2u,
480fb355-2c3b-4b18-9d5e-8b921eb8d125.extra_data.json,,0.0,0,com.sec.android.app.shealth,1569058794816,1569058794816,480fb355-2c3b-4b18-9d5e-8b921eb8d125,1610.3641,0.0,1567728000000,CHxXcBbd2u,
924f8d03-2867-43a6-a1e4-35898b93b7e4.extra_data.json,,0.0,0,com.sec.android.app.shealth,1569058795261,1569058795261,924f8d03-2867-43a6-a1e4-35898b93b7e4,1610.3641,0.0,1568246400000,CHxXcBbd2u,
80d814da-1cbd-4747-840f-4d4ef392e0bd.extra_data.json,,0.0,0,com.sec.android.app.shealth,1569058794352,1569058794352,80d814da-1cbd-4747-840f-4d4ef392e0bd,1610.3641,0.0,1566777600000,CHxXcBbd2u,
594cbe54-a2a4-4598-9c5f-15189a389840.extra_data.json,,0.0,0,com.sec.android.app.shealth,1569058795442,1569058795442,594cbe54-a2a4-4598-9c5f-15189a389840,1610.3641,0.0,1568851200000,CHxXcBbd2u,
994537be-ae6b-4fca-8999-11bf28e4a69f.extra_data.json,,0.0,7761344,com.sec.android.app.shealth,1569423600902,1569337200496,994537be-ae6b-4fca-8999-11bf28e4a69f,1465.7045,511.72552,1569369600000,CHxXcBbd2u,
d4872f18-c58d-4012-b28e-8f68499e7f35.extra_data.json,,0.0,0,com.sec.android.app.shealth,1569058794785,1569058794785,d4872f18-c58d-4012-b28e-8f68499e7f35,1610.3641,0.0,1567641600000,CHxXcBbd2u,
4a6c1c8e-0a02-4bc4-b54e-24b801744e72.extra_data.json,,0.0,5403219,com.sec.android.app.shealth,1569942000444,1569855600779,4a6c1c8e-0a02-4bc4-b54e-24b801744e72,1525.6222,349.742,1569888000000,CHxXcBbd2u,
8f584104-0305-4198-9a15-e19db4a5cbef.extra_data.json,,0.0,0,com.sec.android.app.shealth,1569058795187,1569058795187,8f584104-0305-4198-9a15-e19db4a5cbef,1610.3641,0.0,1568160000000,CHxXcBbd2u,
9589adf6-612a-426b-99e7-0185b8374929.extra_data.json,,0.0,7589424,com.sec.android.app.shealth,1570460400655,1570374000578,9589adf6-612a-426b-99e7-0185b8374929,1484.4437,518.704,1570406400000,CHxXcBbd2u,
e790b035-6de6-452d-8034-2129eee67a75.extra_data.json,,0.0,0,com.sec.android.app.shealth,1569058795423,1569058795423,e790b035-6de6-452d-8034-2129eee67a75,1610.3641,0.0,1568764800000,CHxXcBbd2u,
8c516412-88b6-4da9-a101-80b65b8db7ee.extra_data.json,,0.0,307350,com.sec.android.app.shealth,1569337200825,1569250801611,8c516412-88b6-4da9-a101-80b65b8db7ee,1604.6355,18.359997,1569283200000,CHxXcBbd2u,
beaccacb-227f-4afb-9a52-446327757188.extra_data.json,,0.0,0,com.sec.android.app.shealth,1569058794640,1569058794640,beaccacb-227f-4afb-9a52-446327757188,1610.3641,0.0,1567296000000,CHxXcBbd2u,
0e47fdca-f40d-4660-9fa9-414e014b2db1.extra_data.json,,0.0,0,com.sec.android.app.shealth,1569058794947,1569058794947,0e47fdca-f40d-4660-9fa9-414e014b2db1,1610.3641,0.0,1567814400000,CHxXcBbd2u,
1fb64f58-0882-46b6-848d-8d3a29bf00a2.extra_data.json,,0.0,0,com.sec.android.app.shealth,1569058795288,1569058795288,1fb64f58-0882-46b6-848d-8d3a29bf00a2,1610.3641,0.0,1568332800000,CHxXcBbd2u,
ca6a778c-f8b2-4007-816e-ab00f7eb96b4.extra_data.json,,0.0,0,com.sec.android.app.shealth,1569058795465,1569058795465,ca6a778c-f8b2-4007-816e-ab00f7eb96b4,1610.3641,0.0,1568937600000,CHxXcBbd2u,
5ab184d3-32e7-4e1e-849d-b178b100fd20.extra_data.json,,0.0,0,com.sec.android.app.shealth,1569058794520,1569058794520,5ab184d3-32e7-4e1e-849d-b178b100fd20,1610.3641,0.0,1566950400000,CHxXcBbd2u,
ce303ea0-a270-405b-86ad-a9ff61476036.extra_data.json,,0.0,0,com.sec.android.app.shealth,1569058794483,1569058794483,ce303ea0-a270-405b-86ad-a9ff61476036,1610.3641,0.0,1566864000000,CHxXcBbd2u,
713ecf5a-ee14-4840-82fa-5a187535196e.extra_data.json,,0.0,5935517,com.sec.android.app.shealth,1570978815198,1570893437384,713ecf5a-ee14-4840-82fa-5a187535196e,1515.596,343.27527,1570924800000,CHxXcBbd2u,
364a4117-b3db-4f3d-9b56-254c503b5faa.extra_data.json,,0.0,6258850,com.sec.android.app.shealth,1569510000596,1569423600684,364a4117-b3db-4f3d-9b56-254c503b5faa,1493.7087,424.578,1569456000000,CHxXcBbd2u,
8548722c-3c2b-4e91-b942-a78c0039fca8.extra_data.json,,0.0,0,com.sec.android.app.shealth,1569058794704,1569058794704,8548722c-3c2b-4e91-b942-a78c0039fca8,1610.3641,0.0,1567468800000,CHxXcBbd2u,
7d606cb2-3b26-475f-99f5-8a25c31c946c.extra_data.json,,0.0,9968752,com.sec.android.app.shealth,1570028471609,1569942010270,7d606cb2-3b26-475f-99f5-8a25c31c946c,1439.6277,622.4951,1569974400000,CHxXcBbd2u,
cd784ca6-cb22-4722-ac2a-68d601707d27.extra_data.json,,0.0,7853410,com.sec.android.app.shealth,1569855600955,1569769201582,cd784ca6-cb22-4722-ac2a-68d601707d27,1463.9885,533.53577,1569801600000,CHxXcBbd2u,
6d19dbda-a9de-4ae7-9128-2a61c7c3fe7e.extra_data.json,,0.0,0,com.sec.android.app.shealth,1569058795062,1569058795062,6d19dbda-a9de-4ae7-9128-2a61c7c3fe7e,1610.3641,0.0,1567987200000,CHxXcBbd2u,
1cbe00e0-753f-4af1-a90c-a830fc7fa808.extra_data.json,,0.0,0,com.sec.android.app.shealth,1569058795356,1569058795356,1cbe00e0-753f-4af1-a90c-a830fc7fa808,1610.3641,0.0,1568505600000,CHxXcBbd2u,
77d4df1e-73e3-438b-b834-cffcc02acea7.extra_data.json,,0.0,4950764,com.sec.android.app.shealth,1570374000813,1570287601057,77d4df1e-73e3-438b-b834-cffcc02acea7,1534.1443,293.47296,1570320000000,CHxXcBbd2u,
d3ed046b-3bf3-4780-9d49-7077252c4e9c.extra_data.json,,0.0,2675963,com.sec.android.app.shealth,1570546800952,1570460400489,d3ed046b-3bf3-4780-9d49-7077252c4e9c,1576.9917,169.90698,1570492800000,CHxXcBbd2u,
b4166f91-c6ec-43a0-936c-f208ab66a9bc.extra_data.json,,0.0,8748493,com.sec.android.app.shealth,1571065201087,1570978801325,b4166f91-c6ec-43a0-936c-f208ab66a9bc,1462.6118,571.4291,1571011200000,CHxXcBbd2u,
cbc2b77a-5de1-4944-a990-d7d5e7bf4244.extra_data.json,,0.0,7876804,com.sec.android.app.shealth,1569166513570,1569078000565,cbc2b77a-5de1-4944-a990-d7d5e7bf4244,1463.5526,491.0347,1569110400000,CHxXcBbd2u,
68836e28-262f-4f00-bf41-3d2b0e900116.extra_data.json,,0.0,0,com.sec.android.app.shealth,1569058794672,1569058794672,68836e28-262f-4f00-bf41-3d2b0e900116,1610.3641,0.0,1567382400000,CHxXcBbd2u,
f21f5655-9a27-4e87-ad92-74ebe0a0562c.extra_data.json,,0.0,7725360,com.sec.android.app.shealth,1570893437754,1570806000637,f21f5655-9a27-4e87-ad92-74ebe0a0562c,1481.8833,457.5099,1570838400000,CHxXcBbd2u,
15caf8d6-f848-4860-8551-c2c2d8f6e092.extra_data.json,,0.0,3656523,com.sec.android.app.shealth,1571583600907,1571497200596,15caf8d6-f848-4860-8551-c2c2d8f6e092,1558.5222,221.96654,1571529600000,CHxXcBbd2u,
b29d5e31-9191-41ac-ae59-4b329a34d73c.extra_data.json,,0.0,0,com.sec.android.app.shealth,1569058794998,1569058794998,b29d5e31-9191-41ac-ae59-4b329a34d73c,1610.3641,0.0,1567900800000,CHxXcBbd2u,
6fb73a42-a525-4477-bc75-18748e9f444b.extra_data.json,,0.0,5822754,com.sec.android.app.shealth,1571410801302,1571324400913,6fb73a42-a525-4477-bc75-18748e9f444b,1517.72,398.516,1571356800000,CHxXcBbd2u,
cb0e6d52-f57f-4e3a-8410-07b160a600c5.extra_data.json,,0.0,8655082,com.sec.android.app.shealth,1572102001099,1572015601689,cb0e6d52-f57f-4e3a-8410-07b160a600c5,1464.3715,510.07977,1572048000000,CHxXcBbd2u,
d587b3c9-5327-4e83-85c9-208bae299468.extra_data.json,,0.0,0,com.sec.android.app.shealth,1569058795326,1569058795326,d587b3c9-5327-4e83-85c9-208bae299468,1610.3641,0.0,1568419200000,CHxXcBbd2u,
4e225b31-39da-491c-aa8b-9dcd27fe3169.extra_data.json,,0.0,8709343,com.sec.android.app.shealth,1571497200904,1571410801080,4e225b31-39da-491c-aa8b-9dcd27fe3169,1463.3494,499.96692,1571443200000,CHxXcBbd2u,
9036117c-01ad-4fb3-9405-3e1f01499e0a.extra_data.json,,0.0,12278208,com.sec.android.app.shealth,1569682800435,1569596401122,9036117c-01ad-4fb3-9405-3e1f01499e0a,1381.5171,728.4931,1569628800000,CHxXcBbd2u,
1ec5a623-cc3c-41be-be6e-a056d7d23b06.extra_data.json,,0.0,7279722,com.sec.android.app.shealth,1571929200911,1571842801588,1ec5a623-cc3c-41be-be6e-a056d7d23b06,1490.2771,519.45416,1571875200000,CHxXcBbd2u,
b352d328-a9e1-4c67-a2d2-d6a9bef81664.extra_data.json,,0.0,5394424,com.sec.android.app.shealth,1572620401290,1572534000891,b352d328-a9e1-4c67-a2d2-d6a9bef81664,1525.7878,361.84647,1572566400000,CHxXcBbd2u,
ba458654-39d7-4523-adcf-86e73cc0d182.extra_data.json,,0.0,0,com.sec.android.app.shealth,1569058805412,1569058805412,ba458654-39d7-4523-adcf-86e73cc0d182,1610.3641,0.0,1568678400000,CHxXcBbd2u,
e0bd3e8b-ab04-4ce1-bc5b-b0d58424b0ca.extra_data.json,,0.0,8159880,com.sec.android.app.shealth,1570201201265,1570114800482,e0bd3e8b-ab04-4ce1-bc5b-b0d58424b0ca,1473.6989,507.01093,1570147200000,CHxXcBbd2u,
a7155e27-ba2f-41e0-b4a5-b74b0f71ecd0.extra_data.json,,0.0,5852591,com.sec.android.app.shealth,1573138800926,1573052401220,a7155e27-ba2f-41e0-b4a5-b74b0f71ecd0,1517.158,406.36887,1573084800000,CHxXcBbd2u,
988a7a5c-aaa7-4787-893c-4d474b75f5dd.extra_data.json,,0.0,4241392,com.sec.android.app.shealth,1569596401352,1569510000403,988a7a5c-aaa7-4787-893c-4d474b75f5dd,1531.311,277.95248,1569542400000,CHxXcBbd2u,
26fcf92b-93b1-41b9-b2f4-4d8115bd29b1.extra_data.json,,0.0,5748822,com.sec.android.app.shealth,1572447601321,1572361200755,26fcf92b-93b1-41b9-b2f4-4d8115bd29b1,1519.1124,397.69864,1572393600000,CHxXcBbd2u,
a04e7edd-f328-4e9c-82c9-1f99a1d935e8.extra_data.json,,0.0,4426924,com.sec.android.app.shealth,1570719600660,1570633200584,a04e7edd-f328-4e9c-82c9-1f99a1d935e8,1544.0111,325.02167,1570665600000,CHxXcBbd2u,
2af2f6eb-fe81-4005-bfde-2602d9ce8eaf.extra_data.json,,0.0,2611555,com.sec.android.app.shealth,1570114800851,1570028471337,2af2f6eb-fe81-4005-bfde-2602d9ce8eaf,1578.2048,167.28995,1570060800000,CHxXcBbd2u,
d89936bc-670b-4d54-84cc-3c5976a15d97.extra_data.json,,0.0,3330025,com.sec.android.app.shealth,1572966001834,1572879601478,d89936bc-670b-4d54-84cc-3c5976a15d97,1564.672,219.16269,1572912000000,CHxXcBbd2u,
0373adda-e257-49dc-800d-802b5daea17b.extra_data.json,,0.0,5894263,com.sec.android.app.shealth,1571238001103,1571151600703,0373adda-e257-49dc-800d-802b5daea17b,1516.373,343.92706,1571184000000,CHxXcBbd2u,
b93e9272-ce93-4274-b2b0-5751fbbc7164.extra_data.json,,0.0,0,com.sec.android.app.shealth,1569058794549,1569058794549,b93e9272-ce93-4274-b2b0-5751fbbc7164,1610.3641,0.0,1567036800000,CHxXcBbd2u,
4f8e87c3-08d1-4983-a62e-648cab5cc3b2.extra_data.json,,0.0,5678990,com.sec.android.app.shealth,1571756401042,1571670001578,4f8e87c3-08d1-4983-a62e-648cab5cc3b2,1520.4277,366.3675,1571702400000,CHxXcBbd2u,
4305baab-e6a5-4eab-8b08-6241da657a3d.extra_data.json,,0.0,7647236,com.sec.android.app.shealth,1573484413361,1573400249112,4305baab-e6a5-4eab-8b08-6241da657a3d,1483.3549,528.8614,1573430400000,CHxXcBbd2u,
c59ee689-a090-4789-9f1f-e4616f926036.extra_data.json,,0.0,4490081,com.sec.android.app.shealth,1570633200950,1570546800748,c59ee689-a090-4789-9f1f-e4616f926036,1542.8217,267.65067,1570579200000,CHxXcBbd2u,
1f2b8e84-de7e-4198-ab2c-45537d39a01a.extra_data.json,,0.0,0,com.sec.android.app.shealth,1569058794746,1569058794746,1f2b8e84-de7e-4198-ab2c-45537d39a01a,1610.3641,0.0,1567555200000,CHxXcBbd2u,
cccf45c6-0e16-4e7b-86c4-3cf191f39d2a.extra_data.json,,0.0,8812793,com.sec.android.app.shealth,1572274801131,1572188402744,cccf45c6-0e16-4e7b-86c4-3cf191f39d2a,1461.4009,598.2775,1572220800000,CHxXcBbd2u,
fa134ea4-3a44-4fc8-8dee-602a6ade99d1.extra_data.json,,0.0,6692462,com.sec.android.app.shealth,1574003722740,1573916401023,fa134ea4-3a44-4fc8-8dee-602a6ade99d1,1501.3385,411.85068,1573948800000,CHxXcBbd2u,
c8c2cf5e-137e-4808-b030-137034d08afb.extra_data.json,,0.0,8745250,com.sec.android.app.shealth,1571151601176,1571065200813,c8c2cf5e-137e-4808-b030-137034d08afb,1462.6731,532.0819,1571097600000,CHxXcBbd2u,
0883e695-e482-4064-b429-094e4f6b2770.extra_data.json,,0.0,0,com.sec.android.app.shealth,1569058795147,1569058795147,0883e695-e482-4064-b429-094e4f6b2770,1610.3641,0.0,1568073600000,CHxXcBbd2u,
207bd582-ed82-46b5-85e1-e51271ebd235.extra_data.json,,0.0,5590556,com.sec.android.app.shealth,1572793201866,1572706800640,207bd582-ed82-46b5-85e1-e51271ebd235,1522.0935,333.43744,1572739200000,CHxXcBbd2u,
0f9f55fd-d3df-4d39-9d3c-453e7f3e7a2f.extra_data.json,,0.0,8478850,com.sec.android.app.shealth,1571670001884,1571583600735,0f9f55fd-d3df-4d39-9d3c-453e7f3e7a2f,1467.6908,589.25385,1571616000000,CHxXcBbd2u,
37406dac-5a8f-4b64-851c-b33a27f25e87.extra_data.json,,0.0,3167841,com.sec.android.app.shealth,1574521200753,1574434800511,37406dac-5a8f-4b64-851c-b33a27f25e87,1567.7268,212.38268,1574467200000,CHxXcBbd2u,
e84cfcc6-492c-4efd-b99d-0a626aa0a188.extra_data.json,,0.0,0,com.sec.android.app.shealth,1569058795383,1569058795383,e84cfcc6-492c-4efd-b99d-0a626aa0a188,1610.3641,0.0,1568592000000,CHxXcBbd2u,
ff0b0195-4d9a-44da-adf7-75382e64de0f.extra_data.json,,0.0,12505776,com.sec.android.app.shealth,1573311654196,1573225200741,ff0b0195-4d9a-44da-adf7-75382e64de0f,1391.8413,752.7314,1573257600000,CHxXcBbd2u,
93489088-3e00-4549-a659-fa88b91f1abd.extra_data.json,,0.0,6107774,com.sec.android.app.shealth,1575039602335,1574953200291,93489088-3e00-4549-a659-fa88b91f1abd,1512.3514,405.9089,1574985600000,CHxXcBbd2u,
6d01df6a-ca07-4792-8cb2-1dc890b45709.extra_data.json,,0.0,8608082,com.sec.android.app.shealth,1572188403396,1572102000812,6d01df6a-ca07-4792-8cb2-1dc890b45709,1465.2567,518.4874,1572134400000,CHxXcBbd2u,
a0941be4-46f0-43cb-aed1-add0bcb1e9e7.extra_data.json,,0.0,8872369,com.sec.android.app.shealth,1569250851226,1569166512982,a0941be4-46f0-43cb-aed1-add0bcb1e9e7,1444.9967,626.797,1569196800000,CHxXcBbd2u,
38e886e6-2091-4960-b0b6-7e11a607368a.extra_data.json,,0.0,5622010,com.sec.android.app.shealth,1573830059957,1573743630418,38e886e6-2091-4960-b0b6-7e11a607368a,1521.5011,389.79718,1573776000000,CHxXcBbd2u,
8bdad984-737a-4942-a597-14305d362e51.extra_data.json,,0.0,5247102,com.sec.android.app.shealth,1577848072185,1575471601154,8bdad984-737a-4942-a597-14305d362e51,1523.2303,394.98016,1575504000000,CHxXcBbd2u,
7d43a8cb-cb37-4277-9788-7727f33cc1a5.extra_data.json,,0.0,10916912,com.sec.android.app.shealth,1572706801101,1572620400811,7d43a8cb-cb37-4277-9788-7727f33cc1a5,1421.7684,649.4286,1572652800000,CHxXcBbd2u,
1d18da2b-c31a-4125-8d6c-ecdd1a343a7f.extra_data.json,,0.0,4211019,com.sec.android.app.shealth,1569769202041,1569682800185,1d18da2b-c31a-4125-8d6c-ecdd1a343a7f,1531.8772,232.29001,1569715200000,CHxXcBbd2u,
6b6512cf-8be5-46de-8d97-bfd265655d12.extra_data.json,,0.0,5997202,com.sec.android.app.shealth,1574348400987,1574262003203,6b6512cf-8be5-46de-8d97-bfd265655d12,1514.4342,434.228,1574294400000,CHxXcBbd2u,
9fb19fdd-a0a2-48f1-a51e-1396405d7cb6.extra_data.json,,0.0,5042993,com.sec.android.app.shealth,1573225200950,1573138800691,9fb19fdd-a0a2-48f1-a51e-1396405d7cb6,1532.4072,355.7235,1573171200000,CHxXcBbd2u,
e62a0724-84eb-472f-bcb5-5bea1e4ad862.extra_data.json,,0.0,1926803,com.sec.android.app.shealth,1577848072326,1575990001678,e62a0724-84eb-472f-bcb5-5bea1e4ad862,1585.552,138.815,1576022400000,CHxXcBbd2u,
7e14eb73-c4c5-4945-bbfb-a77bb99c576e.extra_data.json,,0.0,7682348,com.sec.android.app.shealth,1570287601491,1570201200733,7e14eb73-c4c5-4945-bbfb-a77bb99c576e,1482.6934,458.58868,1570233600000,CHxXcBbd2u,
025f9e06-5a54-4a8f-94f2-52374b5d3fc0.extra_data.json,,0.0,3135155,com.sec.android.app.shealth,1574866800582,1574780400787,025f9e06-5a54-4a8f-94f2-52374b5d3fc0,1568.3425,203.94348,1574812800000,CHxXcBbd2u,
3f08977f-efb3-4468-8218-14bf31a916b5.extra_data.json,,0.0,10199229,com.sec.android.app.shealth,1573743630879,1573657240516,3f08977f-efb3-4468-8218-14bf31a916b5,1435.2864,698.99854,1573689600000,CHxXcBbd2u,
ddd51419-8f0d-4c11-91f5-194252eae7a9.extra_data.json,,0.0,3958092,com.sec.android.app.shealth,1577848072451,1576508401850,ddd51419-8f0d-4c11-91f5-194252eae7a9,1547.4248,262.02136,1576540800000,CHxXcBbd2u,
dd7641a6-de20-45d0-8f20-43bc5d4e180e.extra_data.json,,0.0,7142204,com.sec.android.app.shealth,1570806000952,1570719600568,dd7641a6-de20-45d0-8f20-43bc5d4e180e,1492.8673,463.28583,1570752000000,CHxXcBbd2u,
2618a435-887e-4a0d-80c6-58e1b8a80f78.extra_data.json,,0.0,4469061,com.sec.android.app.shealth,1575385200910,1575298800281,2618a435-887e-4a0d-80c6-58e1b8a80f78,1543.2175,310.58917,1575331200000,CHxXcBbd2u,
dcf0ab2e-69f9-48f4-b7f1-d19a92938ff8.extra_data.json,,0.0,6345600,com.sec.android.app.shealth,1577848072757,1577026800937,dcf0ab2e-69f9-48f4-b7f1-d19a92938ff8,1502.6117,400.00977,1577059200000,CHxXcBbd2u,
c1e2fdb2-c38b-4c42-b67b-861702522f2d.extra_data.json,,0.0,3716282,com.sec.android.app.shealth,1574262014898,1574175600613,c1e2fdb2-c38b-4c42-b67b-861702522f2d,1557.3966,250.07997,1574208000000,CHxXcBbd2u,
91c3407b-e701-424b-814f-8b6a79c79750.extra_data.json,,0.0,7648974,com.sec.android.app.shealth,1571324401242,1571238000642,91c3407b-e701-424b-814f-8b6a79c79750,1483.322,493.02765,1571270400000,CHxXcBbd2u,
4f854c95-dced-48b7-8586-dd186d325a5b.extra_data.json,,0.0,5377778,com.sec.android.app.shealth,1577848072266,1575817200913,4f854c95-dced-48b7-8586-dd186d325a5b,1520.7776,395.52914,1575849600000,CHxXcBbd2u,
73e62114-e3a5-449f-86cd-abb1c7d5ee9d.extra_data.json,,0.0,1517482,com.sec.android.app.shealth,1577848073121,1577545201639,73e62114-e3a5-449f-86cd-abb1c7d5ee9d,1593.2349,87.41333,1577577600000,CHxXcBbd2u,
b2a4dcd0-7ab0-4438-96ff-84e5a34fb51e.extra_data.json,,0.0,5233008,com.sec.android.app.shealth,1574780401124,1574694000708,b2a4dcd0-7ab0-4438-96ff-84e5a34fb51e,1528.8281,344.04953,1574726400000,CHxXcBbd2u,
c0bb43e6-af31-480e-a757-348eb2e8deb2.extra_data.json,,0.0,4995251,com.sec.android.app.shealth,1571842801850,1571756400623,c0bb43e6-af31-480e-a757-348eb2e8deb2,1533.3065,334.93765,1571788800000,CHxXcBbd2u,
37024fc3-d125-4493-82ae-96caba81a96f.extra_data.json,,0.0,7829130,com.sec.android.app.shealth,1578150001104,1578063600325,37024fc3-d125-4493-82ae-96caba81a96f,1474.766,487.42004,1578096000000,CHxXcBbd2u,
223e7f05-e528-47ae-9e8f-4ff18ea88c58.extra_data.json,,0.0,3468817,com.sec.android.app.shealth,1577848072414,1576335600665,223e7f05-e528-47ae-9e8f-4ff18ea88c58,1556.6085,204.77998,1576368000000,CHxXcBbd2u,
48c7e4a2-5f91-457d-9bf2-092b027334d2.extra_data.json,,0.0,4866363,com.sec.android.app.shealth,1575298800613,1575212401132,48c7e4a2-5f91-457d-9bf2-092b027334d2,1535.7343,406.58237,1575244800000,CHxXcBbd2u,
dc379a2d-effc-4734-8e7c-e008d6648bf8.extra_data.json,,0.0,2940683,com.sec.android.app.shealth,1572401519869,1572274800847,dc379a2d-effc-4734-8e7c-e008d6648bf8,1572.0055,184.36867,1572307200000,CHxXcBbd2u,
6e96f6d1-eaa3-4b73-97c2-fe7e8269669a.extra_data.json,,0.0,7072387,com.sec.android.app.shealth,1578668623922,1578582000536,6e96f6d1-eaa3-4b73-97c2-fe7e8269669a,1488.97,443.007,1578614400000,CHxXcBbd2u,
6dea4a73-0fa5-4316-9828-b3ab29d207bc.extra_data.json,,0.0,5916575,com.sec.android.app.shealth,1577848072642,1576854001827,6dea4a73-0fa5-4316-9828-b3ab29d207bc,1510.6644,361.1199,1576886400000,CHxXcBbd2u,
edde4bf1-820b-434e-a0fd-567f0e32644b.extra_data.json,,0.0,6819315,com.sec.android.app.shealth,1577848072247,1575732146229,edde4bf1-820b-434e-a0fd-567f0e32644b,1493.7202,395.85608,1575763200000,CHxXcBbd2u,
df60e1c2-d077-49d1-b7c1-b0e84c56cbf5.extra_data.json,,0.0,6668988,com.sec.android.app.shealth,1572879602438,1572793201210,df60e1c2-d077-49d1-b7c1-b0e84c56cbf5,1501.7805,485.27936,1572825600000,CHxXcBbd2u,
208be775-b65f-4107-8e08-ab2b559842af.extra_data.json,,0.0,1071538,com.sec.android.app.shealth,1579186930544,1579100400338,208be775-b65f-4107-8e08-ab2b559842af,1601.6052,65.98999,1579132800000,CHxXcBbd2u,
9e6cb152-5040-4c9a-a6a6-7dd3f19e185b.extra_data.json,,0.0,2617020,com.sec.android.app.shealth,1577848072395,1576249200992,9e6cb152-5040-4c9a-a6a6-7dd3f19e185b,1572.5966,163.30116,1576281600000,CHxXcBbd2u,
5ed747b1-cf25-4a51-9ca5-74637ffcb473.extra_data.json,,0.0,12426831,com.sec.android.app.shealth,1573657240872,1573570800887,5ed747b1-cf25-4a51-9ca5-74637ffcb473,1393.3282,800.5686,1573603200000,CHxXcBbd2u,
432312df-e8e5-4604-9211-90288f93b976.extra_data.json,,0.0,6100073,com.sec.android.app.shealth,1573400249920,1573311601513,432312df-e8e5-4604-9211-90288f93b976,1512.4965,347.7781,1573344000000,CHxXcBbd2u,
73722edc-27bc-4d01-8966-617c913794b9.extra_data.json,,0.0,2829031,com.sec.android.app.shealth,1579705202182,1579618801525,73722edc-27bc-4d01-8966-617c913794b9,1568.6172,167.6,1579651200000,CHxXcBbd2u,
c145082c-41b1-4eb8-8baf-003d11d99bcb.extra_data.json,,0.0,3537870,com.sec.android.app.shealth,1574175601160,1574091357341,c145082c-41b1-4eb8-8baf-003d11d99bcb,1560.7571,220.72496,1574121600000,CHxXcBbd2u,
68534688-a4ec-4597-8577-0e024a585776.extra_data.json,,0.0,5887957,com.sec.android.app.shealth,1577848072552,1576767695162,68534688-a4ec-4597-8577-0e024a585776,1511.2015,388.45795,1576800000000,CHxXcBbd2u,
a0c4b371-0fd9-4ff8-ae60-d88c3795ac1a.extra_data.json,,0.0,6258520,com.sec.android.app.shealth,1574112882787,1573830059600,a0c4b371-0fd9-4ff8-ae60-d88c3795ac1a,1509.5121,391.00494,1573862400000,CHxXcBbd2u,
559e1935-41ee-4ff0-8f9a-ca69726d972b.extra_data.json,,0.0,1746759,com.sec.android.app.shealth,1580223601590,1580137200500,559e1935-41ee-4ff0-8f9a-ca69726d972b,1588.9314,102.80999,1580169600000,CHxXcBbd2u,
71c526d9-d294-4c14-84fa-6d6f1da334e5.extra_data.json,,0.0,2247405,com.sec.android.app.shealth,1577848072908,1577286000516,71c526d9-d294-4c14-84fa-6d6f1da334e5,1579.5343,132.99,1577318400000,CHxXcBbd2u,
b43e7d39-280b-4ceb-ad83-99a712c66697.extra_data.json,,0.0,9350428,com.sec.android.app.shealth,1574434800851,1574348400554,b43e7d39-280b-4ceb-ad83-99a712c66697,1451.274,656.44836,1574380800000,CHxXcBbd2u,
15f374dc-aa17-4f70-ab62-d739961e5664.extra_data.json,,0.0,7799615,com.sec.android.app.shealth,1574694001052,1574607631256,15f374dc-aa17-4f70-ab62-d739961e5664,1480.4846,528.72296,1574640000000,CHxXcBbd2u,
bf893501-9983-4fd1-9ec6-0306912f62ed.extra_data.json,,0.0,2283708,com.sec.android.app.shealth,1580742000491,1580655600854,bf893501-9983-4fd1-9ec6-0306912f62ed,1578.8528,137.79001,1580688000000,CHxXcBbd2u,
2d4945b9-efb2-4802-94ee-85c9c228b850.extra_data.json,,0.0,5780737,com.sec.android.app.shealth,1575212401765,1575126001471,2d4945b9-efb2-4802-94ee-85c9c228b850,1518.5114,329.62167,1575158400000,CHxXcBbd2u,
d6ba2cfe-8ba5-4a82-ac4d-aa63a528aa40.extra_data.json,,0.0,2758361,com.sec.android.app.shealth,1577890801128,1577848070299,d6ba2cfe-8ba5-4a82-ac4d-aa63a528aa40,1569.9437,160.91997,1577836800000,CHxXcBbd2u,
7817826e-de1f-4400-8d10-80e1e016c171.extra_data.json,,0.0,4547762,com.sec.android.app.shealth,1574953200408,1574866800442,7817826e-de1f-4400-8d10-80e1e016c171,1541.7352,369.27734,1574899200000,CHxXcBbd2u,
a29fe717-8b73-40a0-9b6a-4124e9b1703f.extra_data.json,,0.0,4642960,com.sec.android.app.shealth,1578409202509,1578322800280,a29fe717-8b73-40a0-9b6a-4124e9b1703f,1534.5701,276.16998,1578355200000,CHxXcBbd2u,
10845735-ff3f-4de5-92a3-8226fc4c6e22.extra_data.json,,0.0,5579875,com.sec.android.app.shealth,1577848072230,1575644499306,10845735-ff3f-4de5-92a3-8226fc4c6e22,1516.9843,328.8817,1575676800000,CHxXcBbd2u,
4181ce1f-d0d5-4092-9600-23cc0a1b0a98.extra_data.json,,0.0,4215853,com.sec.android.app.shealth,1575471601692,1575385200777,4181ce1f-d0d5-4092-9600-23cc0a1b0a98,1547.9868,283.0183,1575417600000,CHxXcBbd2u,
96cba03e-e5b7-4a9f-a32d-41686d8dd0b3.extra_data.json,,0.0,5305122,com.sec.android.app.shealth,1577848072363,1576162802761,96cba03e-e5b7-4a9f-a32d-41686d8dd0b3,1522.1414,383.0983,1576195200000,CHxXcBbd2u,
8f305020-5a65-46f6-aeb2-d87b67a6c6d9.extra_data.json,,0.0,1901490,com.sec.android.app.shealth,1578927608096,1578841201175,8f305020-5a65-46f6-aeb2-d87b67a6c6d9,1586.0271,120.04998,1578873600000,CHxXcBbd2u,
508d5064-4121-43c0-afc7-ed7e03184b29.extra_data.json,,0.0,9802156,com.sec.android.app.shealth,1577848072972,1577372400338,508d5064-4121-43c0-afc7-ed7e03184b29,1437.7324,576.80347,1577404800000,CHxXcBbd2u,
5f9ede26-66ca-4ccc-809f-7ae3957f9001.extra_data.json,,0.0,5005455,com.sec.android.app.shealth,1572015602165,1571929200687,5f9ede26-66ca-4ccc-809f-7ae3957f9001,1533.1143,317.32996,1571961600000,CHxXcBbd2u,
7763411a-92fe-4166-9bea-ebceedf8d62c.extra_data.json,,0.0,2650167,com.sec.android.app.shealth,1577848072497,1576681200360,7763411a-92fe-4166-9bea-ebceedf8d62c,1571.9745,197.29166,1576713600000,CHxXcBbd2u,
29a5f455-6dd6-4613-b0b2-9c825c721726.extra_data.json,,0.0,3352583,com.sec.android.app.shealth,1579446002437,1579359600511,29a5f455-6dd6-4613-b0b2-9c825c721726,1558.7903,205.5125,1579392000000,CHxXcBbd2u,
93203e56-d9be-4164-905c-ec34237ed840.extra_data.json,,0.0,4584525,com.sec.android.app.shealth,1577977270352,1577890800762,93203e56-d9be-4164-905c-ec34237ed840,1535.6667,279.58,1577923200000,CHxXcBbd2u,
6fa9e075-ffa3-4b2e-8817-13d244dfcaf6.extra_data.json,,0.0,4024955,com.sec.android.app.shealth,1577848072855,1577199600407,6fa9e075-ffa3-4b2e-8817-13d244dfcaf6,1546.1699,240.74933,1577232000000,CHxXcBbd2u,
d8054e20-0276-4785-bbf7-aa946e046e25.extra_data.json,,0.0,336568,com.sec.android.app.shealth,1579964401080,1579878001133,d8054e20-0276-4785-bbf7-aa946e046e25,1615.4005,18.460001,1579910400000,CHxXcBbd2u,
9849f80e-c134-4daf-bb42-22db9f65174b.extra_data.json,,0.0,6127688,com.sec.android.app.shealth,1577848073187,1577718000703,9849f80e-c134-4daf-bb42-22db9f65174b,1506.7019,372.68997,1577750400000,CHxXcBbd2u,
3ef83229-c283-4476-8c6a-0c97f5cd5bcf.extra_data.json,,0.0,271869,com.sec.android.app.shealth,1580482801142,1580396402692,3ef83229-c283-4476-8c6a-0c97f5cd5bcf,1616.6149,15.579998,1580428800000,CHxXcBbd2u,
de68e3b1-d5b7-4ccb-bb40-a1dacb05533c.extra_data.json,,0.0,5182881,com.sec.android.app.shealth,1578495602885,1578409202041,de68e3b1-d5b7-4ccb-bb40-a1dacb05533c,1524.4358,312.91663,1578441600000,CHxXcBbd2u,
c45f33bd-5580-48e8-bc06-f055a0c75039.extra_data.json,,0.0,1478481,com.sec.android.app.shealth,1581001201338,1580914800677,c45f33bd-5580-48e8-bc06-f055a0c75039,1593.9669,86.95998,1580947200000,CHxXcBbd2u,
8d2ccff0-0525-4cab-abb3-3c4dc7a73cbb.extra_data.json,,0.0,2994965,com.sec.android.app.shealth,1578322800448,1578236401475,8d2ccff0-0525-4cab-abb3-3c4dc7a73cbb,1565.5027,179.32005,1578268800000,CHxXcBbd2u,
5cc94d17-ebc4-4e02-b1aa-a17e4866282c.extra_data.json,,0.0,3761499,com.sec.android.app.shealth,1579014001502,1578927607946,5cc94d17-ebc4-4e02-b1aa-a17e4866282c,1551.115,223.83833,1578960000000,CHxXcBbd2u,
5ddb379b-b7a0-4bed-a9db-406b064f75e7.extra_data.json,,0.0,5178084,com.sec.android.app.shealth,1581519629447,1581433200800,5ddb379b-b7a0-4bed-a9db-406b064f75e7,1524.5259,285.79846,1581465600000,CHxXcBbd2u,
e3a0473f-fe0a-48bc-8ab8-d517a03a863c.extra_data.json,,0.0,1791806,com.sec.android.app.shealth,1579532402038,1579446001692,e3a0473f-fe0a-48bc-8ab8-d517a03a863c,1588.0858,102.26001,1579478400000,CHxXcBbd2u,
c367f1d9-14af-4c0a-9ca9-14eb4a57afb8.extra_data.json,,0.0,3950181,com.sec.android.app.shealth,1582038001132,1581951600741,c367f1d9-14af-4c0a-9ca9-14eb4a57afb8,1547.5734,241.24728,1581984000000,CHxXcBbd2u,
9b829c58-58cb-4285-a2a8-19e492961291.extra_data.json,,0.0,1938931,com.sec.android.app.shealth,1580050801846,1579964400836,9b829c58-58cb-4285-a2a8-19e492961291,1585.3243,119.46001,1579996800000,CHxXcBbd2u,
60984657-ec82-4846-8ef8-1e3ac8fa93b3.extra_data.json,,0.0,4332857,com.sec.android.app.shealth,1582556401048,1582470001247,60984657-ec82-4846-8ef8-1e3ac8fa93b3,1540.3906,261.78265,1582502400000,CHxXcBbd2u,
ba42726f-ab14-414f-a162-3f72a190a916.extra_data.json,,0.0,2745332,com.sec.android.app.shealth,1580569201234,1580482800649,ba42726f-ab14-414f-a162-3f72a190a916,1570.1884,175.65001,1580515200000,CHxXcBbd2u,
132054f9-470f-416c-b5f6-c2eadcd07e7b.extra_data.json,,0.0,4270137,com.sec.android.app.shealth,1583074801594,1582988400838,132054f9-470f-416c-b5f6-c2eadcd07e7b,1541.5679,263.0075,1583020800000,CHxXcBbd2u,
8c4b4f5e-a72f-4411-90d0-686b32d16c1c.extra_data.json,,0.0,1528608,com.sec.android.app.shealth,1581090967093,1581001200702,8c4b4f5e-a72f-4411-90d0-686b32d16c1c,1593.026,88.83998,1581033600000,CHxXcBbd2u,
5aa48809-3c41-4419-bb8a-785a52b5f897.extra_data.json,,0.0,5215849,com.sec.android.app.shealth,1572534001341,1572447600769,5aa48809-3c41-4419-bb8a-785a52b5f897,1529.1514,377.46747,1572480000000,CHxXcBbd2u,
67cb85f4-c2de-42f3-a307-97aa13f1e165.extra_data.json,,0.0,2122550,com.sec.android.app.shealth,1583593201091,1583506801744,67cb85f4-c2de-42f3-a307-97aa13f1e165,1581.8778,120.68001,1583539200000,CHxXcBbd2u,
ec01b161-4abd-4d8b-978d-aa2b93457c94.extra_data.json,,0.0,9288057,com.sec.android.app.shealth,1573052401889,1572966271816,ec01b161-4abd-4d8b-978d-aa2b93457c94,1452.449,604.7263,1572998400000,CHxXcBbd2u,
ab134c4c-a702-41bc-8fe6-ccc7c95cc3df.extra_data.json,,0.0,3928075,com.sec.android.app.shealth,1584111600865,1584025200801,ab134c4c-a702-41bc-8fe6-ccc7c95cc3df,1547.9884,226.08997,1584057600000,CHxXcBbd2u,
28a38f00-280f-46ec-bb90-d0f123ac85d8.extra_data.json,,0.0,6272878,com.sec.android.app.shealth,1573570801211,1573484400792,28a38f00-280f-46ec-bb90-d0f123ac85d8,1509.2416,419.1775,1573516800000,CHxXcBbd2u,
9f011654-42b7-425d-a3fe-8807b11fb888.extra_data.json,,0.0,1171970,com.sec.android.app.shealth,1584630001807,1584543600969,9f011654-42b7-425d-a3fe-8807b11fb888,1599.7201,70.939995,1584576000000,CHxXcBbd2u,
f791aaf0-6ffe-4673-ab61-94158f8b04d0.extra_data.json,,0.0,182224,com.sec.android.app.shealth,1581260401057,1581174000927,f791aaf0-6ffe-4673-ab61-94158f8b04d0,1618.2975,10.349998,1581206400000,CHxXcBbd2u,
8b25002c-1f3f-4982-93c1-b2301067a68d.extra_data.json,,0.0,6782621,com.sec.android.app.shealth,1574091357751,1574003721904,8b25002c-1f3f-4982-93c1-b2301067a68d,1499.6403,477.37982,1574035200000,CHxXcBbd2u,
fc50556c-4ea2-4209-b78d-b193b284f40e.extra_data.json,,0.0,277472,com.sec.android.app.shealth,1577848072295,1575903600704,fc50556c-4ea2-4209-b78d-b193b284f40e,1616.5098,14.770001,1575936000000,CHxXcBbd2u,
2b834c27-e682-47cf-b9f1-16a54b7ad076.extra_data.json,,0.0,2322190,com.sec.android.app.shealth,1577848072432,1576423229086,2b834c27-e682-47cf-b9f1-16a54b7ad076,1578.1306,173.775,1576454400000,CHxXcBbd2u,
e2a9f749-b0fe-463f-a097-895ff1ed3dd9.extra_data.json,,0.0,161547,com.sec.android.app.shealth,1581778801200,1581692489140,e2a9f749-b0fe-463f-a097-895ff1ed3dd9,1618.6857,9.229998,1581724800000,CHxXcBbd2u,
0acb5c81-d705-42d0-9079-6a3a6b91cb18.extra_data.json,,0.0,2149969,com.sec.android.app.shealth,1574607631648,1574521200595,0acb5c81-d705-42d0-9079-6a3a6b91cb18,1586.899,124.939995,1574553600000,CHxXcBbd2u,
f77e2967-b46f-4c50-9e98-4122eff8e731.extra_data.json,,0.0,5122883,com.sec.android.app.shealth,1585148400959,1585062000786,f77e2967-b46f-4c50-9e98-4122eff8e731,1525.562,270.70132,1585094400000,CHxXcBbd2u,
0532725b-7532-4c7d-9b50-ce51dacd19d2.extra_data.json,,0.0,6355351,com.sec.android.app.shealth,1575131522167,1575039601861,0532725b-7532-4c7d-9b50-ce51dacd19d2,1507.6881,388.69128,1575072000000,CHxXcBbd2u,
b6df0005-766b-43ac-9841-39d90f38dbc6.extra_data.json,,0.0,319491,com.sec.android.app.shealth,1582297201385,1582210801371,b6df0005-766b-43ac-9841-39d90f38dbc6,1615.7211,18.009998,1582243200000,CHxXcBbd2u,
24659973-ca32-42b7-8edc-a7a4bb999ea8.extra_data.json,,0.0,3763872,com.sec.android.app.shealth,1585666835656,1585580400536,24659973-ca32-42b7-8edc-a7a4bb999ea8,1551.0704,211.44669,1585612800000,CHxXcBbd2u,
620693b9-cc8c-405a-bc7c-eb8a9d27419c.extra_data.json,,0.0,2234441,com.sec.android.app.shealth,1577848072706,1576940521556,620693b9-cc8c-405a-bc7c-eb8a9d27419c,1579.7777,131.03015,1576972800000,CHxXcBbd2u,
0ecda201-8ed0-4ad0-8d5b-3d2e6a1129df.extra_data.json,,0.0,4112798,com.sec.android.app.shealth,1586185202241,1586098800977,0ecda201-8ed0-4ad0-8d5b-3d2e6a1129df,1544.5211,237.648,1586131200000,CHxXcBbd2u,
fcc777e2-7df1-4d20-bf8d-a95b42348a67.extra_data.json,,0.0,2235983,com.sec.android.app.shealth,1581606001719,1581519601698,fcc777e2-7df1-4d20-bf8d-a95b42348a67,1579.7487,126.41999,1581552000000,CHxXcBbd2u,
8633feca-8bf9-4573-b10f-d85b45a6bd03.extra_data.json,,0.0,4372958,com.sec.android.app.shealth,1582815602288,1582729200570,8633feca-8bf9-4573-b10f-d85b45a6bd03,1539.638,265.65598,1582761600000,CHxXcBbd2u,
fe47ed1a-7c5c-44d4-9dd4-288077564ac3.extra_data.json,,0.0,8281505,com.sec.android.app.shealth,1577848073043,1577458800739,fe47ed1a-7c5c-44d4-9dd4-288077564ac3,1466.275,488.06708,1577491200000,CHxXcBbd2u,
f62422c6-11a0-4da5-bc1c-9ae2e00e1152.extra_data.json,,0.0,5048022,com.sec.android.app.shealth,1578841201754,1578754800912,f62422c6-11a0-4da5-bc1c-9ae2e00e1152,1526.967,298.81512,1578787200000,CHxXcBbd2u,
8c60c4f2-eb1f-414c-bb69-b9da70114735.extra_data.json,,0.0,1838910,com.sec.android.app.shealth,1586703601562,1586617200724,8c60c4f2-eb1f-414c-bb69-b9da70114735,1587.2017,116.96982,1586649600000,CHxXcBbd2u,
1e29e750-29bb-4aac-a54c-f8948036319e.extra_data.json,,0.0,2109314,com.sec.android.app.shealth,1583334001406,1583247600252,1e29e750-29bb-4aac-a54c-f8948036319e,1582.1263,121.28251,1583280000000,CHxXcBbd2u,
356a7c38-6f10-4f29-a02d-8a7384605ca0.extra_data.json,,0.0,2870299,com.sec.android.app.shealth,1582124401774,1582038000602,356a7c38-6f10-4f29-a02d-8a7384605ca0,1567.8428,157.08005,1582070400000,CHxXcBbd2u,
630aa2ce-fe6b-4b05-877c-856c9daaf158.extra_data.json,,0.0,4114532,com.sec.android.app.shealth,1578063600470,1577977200815,630aa2ce-fe6b-4b05-877c-856c9daaf158,1544.4886,245.9801,1578009600000,CHxXcBbd2u,
ca91f1ee-1e70-4340-b3d6-842f9a0381aa.extra_data.json,,0.0,4263251,com.sec.android.app.shealth,1587222001574,1587137393201,ca91f1ee-1e70-4340-b3d6-842f9a0381aa,1541.6971,252.26004,1587168000000,CHxXcBbd2u,
1e3b5fd4-30b4-4ea1-8c53-13f71dbbfafb.extra_data.json,,0.0,2390405,com.sec.android.app.shealth,1583852401049,1583766000807,1e3b5fd4-30b4-4ea1-8c53-13f71dbbfafb,1576.8502,138.20465,1583798400000,CHxXcBbd2u,
2bac14b6-47e1-4fe4-96be-21b432b39396.extra_data.json,,0.0,3226549,com.sec.android.app.shealth,1582642801298,1582556400798,2bac14b6-47e1-4fe4-96be-21b432b39396,1561.1559,181.36002,1582588800000,CHxXcBbd2u,
7fe85ea7-dee9-41cb-a682-84ea5e850850.extra_data.json,,0.0,2963493,com.sec.android.app.shealth,1578582000590,1578495602204,7fe85ea7-dee9-41cb-a682-84ea5e850850,1566.0934,159.56,1578528000000,CHxXcBbd2u,
88d77a85-4bc4-4a42-8c78-bc2e724f191e.extra_data.json,,0.0,303618,com.sec.android.app.shealth,1583161202425,1583074801084,88d77a85-4bc4-4a42-8c78-bc2e724f191e,1616.019,16.439999,1583107200000,CHxXcBbd2u,
1468746a-9702-4cdf-9485-e2564bfd7dec.extra_data.json,,0.0,3831577,com.sec.android.app.shealth,1584370801018,1584286033649,1468746a-9702-4cdf-9485-e2564bfd7dec,1549.7996,210.60966,1584316800000,CHxXcBbd2u,
c8c91cd3-33eb-4bc2-8df4-5b2290cf9757.extra_data.json,,0.0,5230847,com.sec.android.app.shealth,1579118597347,1579014001106,c8c91cd3-33eb-4bc2-8df4-5b2290cf9757,1523.5354,307.391,1579046400000,CHxXcBbd2u,
8ffcb285-b7f5-45d1-9a0a-b2f4b91b37bb.extra_data.json,,0.0,1124928,com.sec.android.app.shealth,1587740433214,1587654000909,8ffcb285-b7f5-45d1-9a0a-b2f4b91b37bb,1600.603,64.32001,1587686400000,CHxXcBbd2u,
22e48d1b-31a1-4455-9ecb-88a474dc7f36.extra_data.json,,0.0,2258438,com.sec.android.app.shealth,1584889201337,1584802800887,22e48d1b-31a1-4455-9ecb-88a474dc7f36,1579.3271,125.50997,1584835200000,CHxXcBbd2u,
0e3c834b-7dcc-47d7-b3cf-a42fdc5a18f1.extra_data.json,,0.0,224022,com.sec.android.app.shealth,1583679600928,1583593200806,0e3c834b-7dcc-47d7-b3cf-a42fdc5a18f1,1617.513,13.379999,1583625600000,CHxXcBbd2u,
d621ef77-22bf-49a0-bfcb-91c42d7c2b30.extra_data.json,,0.0,3435923,com.sec.android.app.shealth,1579618801961,1579532401708,d621ef77-22bf-49a0-bfcb-91c42d7c2b30,1557.2261,212.42003,1579564800000,CHxXcBbd2u,
88af606b-519a-4142-ac29-0a887d1a48ad.extra_data.json,,0.0,1674550,com.sec.android.app.shealth,1588258801262,1588172423483,88af606b-519a-4142-ac29-0a887d1a48ad,1590.2867,97.63,1588204800000,CHxXcBbd2u,
a62cb010-191a-473e-b97d-51c6be042b47.extra_data.json,,0.0,4311800,com.sec.android.app.shealth,1584198033355,1584111600660,a62cb010-191a-473e-b97d-51c6be042b47,1540.7859,268.80768,1584144000000,CHxXcBbd2u,
33050576-3c2e-4902-91cf-8a03b539e8ed.extra_data.json,,0.0,3189254,com.sec.android.app.shealth,1585416783251,1585321200844,33050576-3c2e-4902-91cf-8a03b539e8ed,1561.8558,180.39084,1585353600000,CHxXcBbd2u,
1ca793b8-0c40-4751-bfa5-efa1bfd58251.extra_data.json,,0.0,119259,com.sec.android.app.shealth,1580137200747,1580050801203,1ca793b8-0c40-4751-bfa5-efa1bfd58251,1619.4794,6.979998,1580083200000,CHxXcBbd2u,
246d1c2e-d59b-4393-a3da-90367f34d0a2.extra_data.json,,0.0,5703772,com.sec.android.app.shealth,1588777204448,1588690800731,246d1c2e-d59b-4393-a3da-90367f34d0a2,1514.6587,354.35135,1588723200000,CHxXcBbd2u,
580a4d1a-2fdf-4f25-a503-82f09f73f177.extra_data.json,,0.0,400064,com.sec.android.app.shealth,1585927205588,1585839600784,580a4d1a-2fdf-4f25-a503-82f09f73f177,1614.2087,22.059996,1585872000000,CHxXcBbd2u,
74c8ccbd-0765-40ae-a5da-cbc3eaa90e2c.extra_data.json,,0.0,437949,com.sec.android.app.shealth,1584716403769,1584630001214,74c8ccbd-0765-40ae-a5da-cbc3eaa90e2c,1613.4976,25.689997,1584662400000,CHxXcBbd2u,
b7354016-3c39-4270-bd75-226fb8fdb188.extra_data.json,,0.0,5964470,com.sec.android.app.shealth,1589298142418,1589209201284,b7354016-3c39-4270-bd75-226fb8fdb188,1509.7654,393.808,1589241600000,CHxXcBbd2u,
9fcbbb62-4467-41ca-97dc-1484ae29d5f7.extra_data.json,,0.0,2042604,com.sec.android.app.shealth,1580655660424,1580569200933,9fcbbb62-4467-41ca-97dc-1484ae29d5f7,1583.3783,125.12997,1580601600000,CHxXcBbd2u,
9fd4e3f5-1a06-47ce-b14f-e9b6677f7252.extra_data.json,,0.0,4348091,com.sec.android.app.shealth,1586444401425,1586358000941,9fd4e3f5-1a06-47ce-b14f-e9b6677f7252,1540.1047,258.80994,1586390400000,CHxXcBbd2u,
b2fc5975-394a-4bcf-91ab-35462a030d6a.extra_data.json,,0.0,4806926,com.sec.android.app.shealth,1585234801121,1585148400474,b2fc5975-394a-4bcf-91ab-35462a030d6a,1531.4923,280.52,1585180800000,CHxXcBbd2u,
46dc0809-9c5d-4ab6-8bb1-a55b2df4523b.extra_data.json,,0.0,5134017,com.sec.android.app.shealth,1589814001068,1589727600788,46dc0809-9c5d-4ab6-8bb1-a55b2df4523b,1525.353,354.44037,1589760000000,CHxXcBbd2u,
f73c1eea-ba8e-40aa-9248-d75547aab212.extra_data.json,,0.0,2981343,com.sec.android.app.shealth,1581174001389,1581090966404,f73c1eea-ba8e-40aa-9248-d75547aab212,1565.7584,168.04182,1581120000000,CHxXcBbd2u,
0d4fcdb7-41cb-499c-9bc9-deea3ff6c6ba.extra_data.json,,0.0,1434800,com.sec.android.app.shealth,1586962801320,1586876402099,0d4fcdb7-41cb-499c-9bc9-deea3ff6c6ba,1594.7869,82.939995,1586908800000,CHxXcBbd2u,
58bc1124-353c-4ae7-9f71-ccd8df3f901f.extra_data.json,,0.0,2491457,com.sec.android.app.shealth,1590332401201,1590246000663,58bc1124-353c-4ae7-9f71-ccd8df3f901f,1574.9535,140.08002,1590278400000,CHxXcBbd2u,
2624c8a0-32ea-403b-8384-664bcf57218a.extra_data.json,,0.0,1695457,com.sec.android.app.shealth,1585753202108,1585666801725,2624c8a0-32ea-403b-8384-664bcf57218a,1589.8943,100.22067,1585699200000,CHxXcBbd2u,
8b10fc65-fd29-48fd-8fb7-9ccfb24ea4b4.extra_data.json,,0.0,1960409,com.sec.android.app.shealth,1581692489579,1581606000949,8b10fc65-fd29-48fd-8fb7-9ccfb24ea4b4,1584.9213,113.24998,1581638400000,CHxXcBbd2u,
e5be2e1a-c7a7-484d-8f00-0dfef96b2f64.extra_data.json,,0.0,10492634,com.sec.android.app.shealth,1591121785443,1590764401590,e5be2e1a-c7a7-484d-8f00-0dfef96b2f64,1424.7723,663.3693,1590796800000,CHxXcBbd2u,
f9519991-de08-4165-ab4a-33b99b961c67.extra_data.json,,0.0,1493924,com.sec.android.app.shealth,1587481201961,1587394800757,f9519991-de08-4165-ab4a-33b99b961c67,1593.6771,87.62001,1587427200000,CHxXcBbd2u,
a0bf683f-9a5f-4191-b767-c2b3cf5835a4.extra_data.json,,0.0,1122601,com.sec.android.app.shealth,1586271601116,1586185201677,a0bf683f-9a5f-4191-b767-c2b3cf5835a4,1600.6467,60.619987,1586217600000,CHxXcBbd2u,
ee7bceba-4672-4f89-86d5-c8e9e2ba9ae6.extra_data.json,,0.0,8630765,com.sec.android.app.shealth,1591369201826,1591282801053,ee7bceba-4672-4f89-86d5-c8e9e2ba9ae6,1459.7194,640.16907,1591315200000,CHxXcBbd2u,
7c11d1fa-4947-4081-a501-d106101f493d.extra_data.json,,0.0,4387091,com.sec.android.app.shealth,1586790001216,1586703600936,7c11d1fa-4947-4081-a501-d106101f493d,1539.3727,250.4131,1586736000000,CHxXcBbd2u,
5a41841a-d435-421a-a6e5-a1665cdd6af7.extra_data.json,,0.0,7062106,com.sec.android.app.shealth,1577848072211,1575558002000,5a41841a-d435-421a-a6e5-a1665cdd6af7,1489.163,411.96136,1575590400000,CHxXcBbd2u,
cfeb1767-c22b-424c-852b-49583298e91f.extra_data.json,,0.0,5458980,com.sec.android.app.shealth,1577848072347,1576076402003,cfeb1767-c22b-424c-852b-49583298e91f,1519.2535,402.52588,1576108800000,CHxXcBbd2u,
cd9d5785-d5a8-4637-ba09-39386bfd7abb.extra_data.json,,0.0,1350577,com.sec.android.app.shealth,1587999600987,1587913201680,cd9d5785-d5a8-4637-ba09-39386bfd7abb,1596.3677,89.53001,1587945600000,CHxXcBbd2u,
61376000-b832-4b6b-8245-a71616b7df49.extra_data.json,,0.0,6276691,com.sec.android.app.shealth,1594197031128,1591801200918,61376000-b832-4b6b-8245-a71616b7df49,1503.9052,424.08594,1591833600000,CHxXcBbd2u,
3ab64a7d-8718-49d1-8717-e192e5cd4198.extra_data.json,,0.0,2808606,com.sec.android.app.shealth,1587308401927,1587222001016,3ab64a7d-8718-49d1-8717-e192e5cd4198,1569.0006,166.62999,1587254400000,CHxXcBbd2u,
5f3790fc-d7de-44a6-9ef9-d0bcf7ebb365.extra_data.json,,0.0,1292596,com.sec.android.app.shealth,1582210801866,1582124401091,5f3790fc-d7de-44a6-9ef9-d0bcf7ebb365,1597.456,77.71,1582156800000,CHxXcBbd2u,
6201b3ca-0e5b-4de8-81e7-4011e434f541.extra_data.json,,0.0,4925477,com.sec.android.app.shealth,1594736222087,1592319600746,6201b3ca-0e5b-4de8-81e7-4011e434f541,1529.2672,306.06726,1592352000000,CHxXcBbd2u,
852dd586-ae65-422b-b88a-577571aabf47.extra_data.json,,0.0,1160650,com.sec.android.app.shealth,1588518001124,1588431600475,852dd586-ae65-422b-b88a-577571aabf47,1599.9326,64.87999,1588464000000,CHxXcBbd2u,
c6849fa3-6cca-450a-b980-dc52a4ce8ea6.extra_data.json,,0.0,2439612,com.sec.android.app.shealth,1587826801127,1587740400660,c6849fa3-6cca-450a-b980-dc52a4ce8ea6,1575.9265,134.71999,1587772800000,CHxXcBbd2u,
0f4154ec-6d78-45c8-b988-112410b69520.extra_data.json,,0.0,5848044,com.sec.android.app.shealth,1579359600898,1579273200420,0f4154ec-6d78-45c8-b988-112410b69520,1511.9507,385.67978,1579305600000,CHxXcBbd2u,
823807ab-c61b-4e93-963d-ca2e050dd2e5.extra_data.json,,0.0,5269118,com.sec.android.app.shealth,1589036401400,1588950000496,823807ab-c61b-4e93-963d-ca2e050dd2e5,1522.8171,307.79376,1588982400000,CHxXcBbd2u,
d18837bc-5a04-4a42-8593-2c90f25bdce7.extra_data.json,,0.0,3725859,com.sec.android.app.shealth,1595236955766,1592838000961,d18837bc-5a04-4a42-8593-2c90f25bdce7,1551.7839,230.78864,1592870400000,CHxXcBbd2u,
c27ff9af-d498-4e0e-adb8-acfc0bfc9dd0.extra_data.json,,0.0,4586813,com.sec.android.app.shealth,1588345201018,1588258800727,c27ff9af-d498-4e0e-adb8-acfc0bfc9dd0,1535.6239,262.92996,1588291200000,CHxXcBbd2u,
929d0281-fffb-483b-8ae5-b0d24dce2aa9.extra_data.json,,0.0,1856952,com.sec.android.app.shealth,1582729200954,1582642800770,929d0281-fffb-483b-8ae5-b0d24dce2aa9,1586.863,113.8055,1582675200000,CHxXcBbd2u,
35180a2c-f399-48b2-89b9-291306bb64a2.extra_data.json,,0.0,3979273,com.sec.android.app.shealth,1589556894528,1589468400799,35180a2c-f399-48b2-89b9-291306bb64a2,1547.0273,251.09682,1589500800000,CHxXcBbd2u,
4a6f02ed-7169-49af-9a62-273ec996bff8.extra_data.json,,0.0,5562881,com.sec.android.app.shealth,1595236955858,1593356400764,4a6f02ed-7169-49af-9a62-273ec996bff8,1517.3032,323.24414,1593388800000,CHxXcBbd2u,
f0f47980-c5a8-4fd1-8fdd-981625dd08c6.extra_data.json,,0.0,5410477,com.sec.android.app.shealth,1588863602244,1588777204138,f0f47980-c5a8-4fd1-8fdd-981625dd08c6,1520.1638,340.1953,1588809600000,CHxXcBbd2u,
c7459a85-6e17-443c-a8cb-a9dd729a1748.extra_data.json,,0.0,2588085,com.sec.android.app.shealth,1583247600377,1583161201885,c7459a85-6e17-443c-a8cb-a9dd729a1748,1573.1398,154.01001,1583193600000,CHxXcBbd2u,
fea0aa04-1a16-4002-8381-41e4df7c3185.extra_data.json,,0.0,4753472,com.sec.android.app.shealth,1590073225382,1589986800847,fea0aa04-1a16-4002-8381-41e4df7c3185,1532.4957,313.74216,1590019200000,CHxXcBbd2u,
85b149b2-5258-4fd4-b748-dd97ca08fbe4.extra_data.json,,0.0,1143570,com.sec.android.app.shealth,1583766001209,1583679600666,85b149b2-5258-4fd4-b748-dd97ca08fbe4,1600.2532,67.639984,1583712000000,CHxXcBbd2u,
0c27c744-2cce-4e46-8c4e-2268ed182e7f.extra_data.json,,0.0,2480109,com.sec.android.app.shealth,1577848072474,1576594800662,0c27c744-2cce-4e46-8c4e-2268ed182e7f,1575.1664,175.435,1576627200000,CHxXcBbd2u,
1fc6f875-953a-4116-ac9a-f4bf19709d2e.extra_data.json,,0.0,4700317,com.sec.android.app.shealth,1590591601169,1590505200744,1fc6f875-953a-4116-ac9a-f4bf19709d2e,1533.4934,310.9032,1590537600000,CHxXcBbd2u,
597a17d7-8801-4764-a22c-f41770e3144b.extra_data.json,,0.0,1618832,com.sec.android.app.shealth,1584286034353,1584198000718,597a17d7-8801-4764-a22c-f41770e3144b,1591.3325,100.849976,1584230400000,CHxXcBbd2u,
5be541d8-10e0-49fa-a81e-15031cb86bba.extra_data.json,,0.0,5708223,com.sec.android.app.shealth,1577848072799,1577113200747,5be541d8-10e0-49fa-a81e-15031cb86bba,1514.5752,333.1766,1577145600000,CHxXcBbd2u,
ce159cd2-b342-43ad-bba7-30bcda529e04.extra_data.json,,0.0,5778219,com.sec.android.app.shealth,1591121785506,1591023600740,ce159cd2-b342-43ad-bba7-30bcda529e04,1513.2614,445.805,1591056000000,CHxXcBbd2u,
a549d83a-16c1-4593-b9e9-5ebef94b15d6.extra_data.json,,0.0,5639317,com.sec.android.app.shealth,1577848073146,1577631600383,a549d83a-16c1-4593-b9e9-5ebef94b15d6,1515.8685,340.58405,1577664000000,CHxXcBbd2u,
9bc163cc-ea7c-4dd2-abb3-78168a2b90cc.extra_data.json,,0.0,6086294,com.sec.android.app.shealth,1578236401764,1578150000893,9bc163cc-ea7c-4dd2-abb3-78168a2b90cc,1507.4788,360.8699,1578182400000,CHxXcBbd2u,
9a793705-e54b-422c-a829-65669ea5cbb6.extra_data.json,,0.0,4082270,com.sec.android.app.shealth,1591628401457,1591542001306,9a793705-e54b-422c-a829-65669ea5cbb6,1545.0941,299.23,1591574400000,CHxXcBbd2u,
54f21781-6212-4f5a-8dd4-bd14cd03316d.extra_data.json,,0.0,5662867,com.sec.android.app.shealth,1578754801285,1578668400520,54f21781-6212-4f5a-8dd4-bd14cd03316d,1515.4265,330.90997,1578700800000,CHxXcBbd2u,
a617764e-620b-4bdd-b163-1a6b94218cab.extra_data.json,,0.0,3003779,com.sec.android.app.shealth,1594280734246,1592060400600,a617764e-620b-4bdd-b163-1a6b94218cab,1565.3373,178.02998,1592092800000,CHxXcBbd2u,
5c5551cf-0dcb-4cc1-879c-84c62024b7fa.extra_data.json,,0.0,2211317,com.sec.android.app.shealth,1579273200572,1579186801610,5c5551cf-0dcb-4cc1-879c-84c62024b7fa,1580.2117,126.59,1579219200000,CHxXcBbd2u,
b15ddc31-a1fe-496d-bc10-7e1124078c26.extra_data.json,,0.0,7900331,com.sec.android.app.shealth,1594988404966,1592578801770,b15ddc31-a1fe-496d-bc10-7e1124078c26,1473.4296,438.99222,1592611200000,CHxXcBbd2u,
506bd00d-80b0-4c1e-a97e-82e43044e81a.extra_data.json,,0.0,4010080,com.sec.android.app.shealth,1595236955817,1593097200827,506bd00d-80b0-4c1e-a97e-82e43044e81a,1546.4491,248.64967,1593129600000,CHxXcBbd2u,
2bbc71c9-529a-4d8a-b155-e5df324437ed.extra_data.json,,0.0,5841280,com.sec.android.app.shealth,1579791601497,1579705201367,2bbc71c9-529a-4d8a-b155-e5df324437ed,1512.0778,339.93,1579737600000,CHxXcBbd2u,
aa1b9fe7-bcc3-426f-a00e-8363bcbcbf92.extra_data.json,,0.0,4513045,com.sec.android.app.shealth,1580311866249,1580223600980,aa1b9fe7-bcc3-426f-a00e-8363bcbcbf92,1537.0084,272.33484,1580256000000,CHxXcBbd2u,
b466b217-77d6-4d7a-b7c0-83605fcf0a4b.extra_data.json,,0.0,9569456,com.sec.android.app.shealth,1595236955941,1593616215694,b466b217-77d6-4d7a-b7c0-83605fcf0a4b,1442.1002,605.53674,1593648000000,CHxXcBbd2u,
3484ea1c-93b8-4a0d-8f92-2a7b950e101c.extra_data.json,,0.0,5629788,com.sec.android.app.shealth,1589384630791,1589298141688,3484ea1c-93b8-4a0d-8f92-2a7b950e101c,1516.0474,337.6468,1589328000000,CHxXcBbd2u,
41218efd-ab0e-4f09-a63e-60ee72e4a97d.extra_data.json,,0.0,4589879,com.sec.android.app.shealth,1595236956086,1594134000975,41218efd-ab0e-4f09-a63e-60ee72e4a97d,1535.5663,289.06982,1594166400000,CHxXcBbd2u,
9b77ece8-5749-4e13-b75e-388fbc832848.extra_data.json,,0.0,2395286,com.sec.android.app.shealth,1580828400528,1580742000288,9b77ece8-5749-4e13-b75e-388fbc832848,1576.7585,143.51268,1580774400000,CHxXcBbd2u,
77a008e0-f571-4de9-87b5-08ab127eb7d1.extra_data.json,,0.0,5219260,com.sec.android.app.shealth,1589900401149,1589814000736,77a008e0-f571-4de9-87b5-08ab127eb7d1,1523.7529,342.95703,1589846400000,CHxXcBbd2u,
79131895-0b4c-4c49-b7dd-ff5a910d4448.extra_data.json,,0.0,5732494,com.sec.android.app.shealth,1590418868172,1590332400820,79131895-0b4c-4c49-b7dd-ff5a910d4448,1514.1195,388.6145,1590364800000,CHxXcBbd2u,
286fdbb0-133e-4ae4-9ea0-bb02a3c54cfe.extra_data.json,,0.0,324562,com.sec.android.app.shealth,1581346802002,1581260400470,286fdbb0-133e-4ae4-9ea0-bb02a3c54cfe,1615.6259,16.769999,1581292800000,CHxXcBbd2u,
5810b1dc-4036-43a9-ada2-089d44be5f7e.extra_data.json,,0.0,8490718,com.sec.android.app.shealth,1595236956192,1594652401857,5810b1dc-4036-43a9-ada2-089d44be5f7e,1462.348,488.51157,1594684800000,CHxXcBbd2u,
49a84aeb-708d-4487-96ad-fbb1072ccf6f.extra_data.json,,0.0,2617934,com.sec.android.app.shealth,1595236956045,1593874800506,49a84aeb-708d-4487-96ad-fbb1072ccf6f,1572.5795,157.56992,1593907200000,CHxXcBbd2u,
60d11dd5-6b14-41dc-a1b2-42db46b721c9.extra_data.json,,0.0,4754150,com.sec.android.app.shealth,1579878120546,1579791601095,60d11dd5-6b14-41dc-a1b2-42db46b721c9,1532.4829,275.44998,1579824000000,CHxXcBbd2u,
3805daa5-36bf-44ca-88af-6e9a6bc659f6.extra_data.json,,0.0,3975973,com.sec.android.app.shealth,1595236956270,1595170801231,3805daa5-36bf-44ca-88af-6e9a6bc659f6,1167.0939,218.43834,1595203200000,CHxXcBbd2u,
16704619-060d-4e78-b77a-ab11113b6fd3.extra_data.json,,0.0,3655492,com.sec.android.app.shealth,1595236956143,1594393201776,16704619-060d-4e78-b77a-ab11113b6fd3,1553.1047,236.40952,1594425600000,CHxXcBbd2u,
6f75a278-261b-4c97-b711-9cad54a20d53.extra_data.json,,0.0,4769207,com.sec.android.app.shealth,1590937201240,1590850800932,6f75a278-261b-4c97-b711-9cad54a20d53,1532.2003,348.65253,1590883200000,CHxXcBbd2u,
625229ae-ec01-4760-b3bd-58643d2bf83f.extra_data.json,,0.0,6366346,com.sec.android.app.shealth,1584802801718,1584716402566,625229ae-ec01-4760-b3bd-58643d2bf83f,1502.2223,388.66885,1584748800000,CHxXcBbd2u,
18d5e6e7-54b3-49ae-bac5-ffc8015d1215.extra_data.json,,0.0,9317958,com.sec.android.app.shealth,1595236956216,1594911602653,18d5e6e7-54b3-49ae-bac5-ffc8015d1215,1446.8208,588.79193,1594944000000,CHxXcBbd2u,
8672a0c6-93c2-41da-9dc4-8c1b891a0f6d.extra_data.json,,0.0,5809449,com.sec.android.app.shealth,1591711882111,1591369201244,8672a0c6-93c2-41da-9dc4-8c1b891a0f6d,1512.6752,367.91995,1591401600000,CHxXcBbd2u,
80a4baf1-0ef1-4cb8-80f3-767424b770cc.extra_data.json,,0.0,3310748,com.sec.android.app.shealth,1585321250397,1585234800630,80a4baf1-0ef1-4cb8-80f3-767424b770cc,1559.5754,195.14616,1585267200000,CHxXcBbd2u,
d2539ae9-ca46-4960-b9c7-e9dedb63b2ad.extra_data.json,,0.0,5381749,com.sec.android.app.shealth,1594280734209,1591909061885,d2539ae9-ca46-4960-b9c7-e9dedb63b2ad,1520.703,339.4345,1591920000000,CHxXcBbd2u,
cf136937-3f23-42c6-bee4-fda7826226ce.extra_data.json,,0.0,4567092,com.sec.android.app.shealth,1585839601231,1585753201657,cf136937-3f23-42c6-bee4-fda7826226ce,1535.9941,279.95996,1585785600000,CHxXcBbd2u,
6ffac077-fe53-4522-9b7c-09403afce37a.extra_data.json,,0.0,4566951,com.sec.android.app.shealth,1594821486357,1592406008903,6ffac077-fe53-4522-9b7c-09403afce37a,1535.9967,299.16998,1592438400000,CHxXcBbd2u,
ece6c4ac-4bf7-45b9-8ad8-ea850381b478.extra_data.json,,0.0,1621530,com.sec.android.app.shealth,1586358001266,1586271600776,ece6c4ac-4bf7-45b9-8ad8-ea850381b478,1591.282,99.92996,1586304000000,CHxXcBbd2u,
a2581702-f025-4019-8d83-2c65e4ba8b40.extra_data.json,,0.0,3240877,com.sec.android.app.shealth,1586876402746,1586790000811,a2581702-f025-4019-8d83-2c65e4ba8b40,1560.887,191.48999,1586822400000,CHxXcBbd2u,
312b4115-448e-45f0-966c-bbb6bf18fc69.extra_data.json,,0.0,3733013,com.sec.android.app.shealth,1595236955791,1592924459985,312b4115-448e-45f0-966c-bbb6bf18fc69,1551.6495,243.10999,1592956800000,CHxXcBbd2u,
75e08de4-61f2-4040-afb2-ff021204649e.extra_data.json,,0.0,4116217,com.sec.android.app.shealth,1595236955882,1593442800862,75e08de4-61f2-4040-afb2-ff021204649e,1544.4569,255.38995,1593475200000,CHxXcBbd2u,
26950693-6a62-42f2-888f-4107a0633f9d.extra_data.json,,0.0,2951134,com.sec.android.app.shealth,1587394801058,1587308401142,26950693-6a62-42f2-888f-4107a0633f9d,1566.3253,177.80005,1587340800000,CHxXcBbd2u,
e3be55c5-e449-4d8f-8f3e-8312e5f5535d.extra_data.json,,0.0,1981026,com.sec.android.app.shealth,1581865259845,1581778800724,e3be55c5-e449-4d8f-8f3e-8312e5f5535d,1584.5343,116.0,1581811200000,CHxXcBbd2u,
191c3c20-b5c7-46b5-85c8-06f4ceefb97c.extra_data.json,,0.0,4077784,com.sec.android.app.shealth,1580396403898,1580311861215,191c3c20-b5c7-46b5-85c8-06f4ceefb97c,1545.1783,248.91313,1580342400000,CHxXcBbd2u,
e5858598-0d05-4f0b-ad0e-a2acf1e69153.extra_data.json,,0.0,352174,com.sec.android.app.shealth,1582383601649,1582297200921,e5858598-0d05-4f0b-ad0e-a2acf1e69153,1615.1075,20.749996,1582329600000,CHxXcBbd2u,
e8db00bc-7f52-412a-abff-f0f2c9a12962.extra_data.json,,0.0,1771039,com.sec.android.app.shealth,1580914819325,1580828400374,e8db00bc-7f52-412a-abff-f0f2c9a12962,1588.4756,105.33999,1580860800000,CHxXcBbd2u,
4f57f49d-22c0-4d42-805a-0f9f9879efb4.extra_data.json,,0.0,3740624,com.sec.android.app.shealth,1581433201208,1581346801556,4f57f49d-22c0-4d42-805a-0f9f9879efb4,1551.5067,228.98,1581379200000,CHxXcBbd2u,
1b995097-77ae-4827-94d3-faeb7905e34e.extra_data.json,,0.0,2525530,com.sec.android.app.shealth,1582902001804,1582815601982,1b995097-77ae-4827-94d3-faeb7905e34e,1574.314,139.062,1582848000000,CHxXcBbd2u,
4b8d5ea6-8ca9-491d-b732-7df8e74e1c51.extra_data.json,,0.0,1246796,com.sec.android.app.shealth,1581951600936,1581865201104,4b8d5ea6-8ca9-491d-b732-7df8e74e1c51,1598.3156,73.48,1581897600000,CHxXcBbd2u,
a493a7bd-1d17-4ee9-bf26-3422a03bbbb8.extra_data.json,,0.0,5538001,com.sec.android.app.shealth,1595236956060,1593961200862,a493a7bd-1d17-4ee9-bf26-3422a03bbbb8,1517.7703,329.8499,1593993600000,CHxXcBbd2u,
fc32bf8a-093c-4660-85ee-01a41af20ff5.extra_data.json,,0.0,1317498,com.sec.android.app.shealth,1582470001623,1582383601303,fc32bf8a-093c-4660-85ee-01a41af20ff5,1596.9886,74.19996,1582416000000,CHxXcBbd2u,
ace92a2f-edd0-4fb0-908b-292f6612107b.extra_data.json,,0.0,6745136,com.sec.android.app.shealth,1595236956159,1594479615455,ace92a2f-edd0-4fb0-908b-292f6612107b,1495.1124,458.31488,1594512000000,CHxXcBbd2u,
da57e3b5-05ca-4aba-8ec0-4bb90f8b57bd.extra_data.json,,0.0,5637815,com.sec.android.app.shealth,1595236956225,1594998001182,da57e3b5-05ca-4aba-8ec0-4bb90f8b57bd,1515.8967,358.46487,1595030400000,CHxXcBbd2u,
6f288f4e-9e2a-49bf-9814-7ea09094623d.extra_data.json,,0.0,1450467,com.sec.android.app.shealth,1582988401204,1582902001178,6f288f4e-9e2a-49bf-9814-7ea09094623d,1594.4928,81.80998,1582934400000,CHxXcBbd2u,
b571e7d8-34fb-46c0-bab4-3a60f8690e14.extra_data.json,,0.0,2646734,com.sec.android.app.shealth,1583506802100,1583420400594,b571e7d8-34fb-46c0-bab4-3a60f8690e14,1572.039,153.27,1583452800000,CHxXcBbd2u,
7b78b9d5-405d-4589-bd44-ae7c7508ee59.extra_data.json,,0.0,2695424,com.sec.android.app.shealth,1584025201321,1583938801242,7b78b9d5-405d-4589-bd44-ae7c7508ee59,1571.125,153.01003,1583971200000,CHxXcBbd2u,
21c22fa8-0879-479f-9264-b91bee614009.extra_data.json,,0.0,235717,com.sec.android.app.shealth,1583420401173,1583334000941,21c22fa8-0879-479f-9264-b91bee614009,1617.2935,13.429997,1583366400000,CHxXcBbd2u,
f5dcc14d-268d-499d-bf41-3339cebdbc19.extra_data.json,,0.0,5164185,com.sec.android.app.shealth,1584543601445,1584457200740,f5dcc14d-268d-499d-bf41-3339cebdbc19,1524.7867,303.94348,1584489600000,CHxXcBbd2u,
351d43b9-5e1c-43e0-8fa7-93263c237fff.extra_data.json,,0.0,1541555,com.sec.android.app.shealth,1587921149837,1587826800875,351d43b9-5e1c-43e0-8fa7-93263c237fff,1592.7831,89.61832,1587859200000,CHxXcBbd2u,
99136efd-9e3f-48ef-9c8e-e14cc6252b96.extra_data.json,,0.0,3420478,com.sec.android.app.shealth,1588431600751,1588345200669,99136efd-9e3f-48ef-9c8e-e14cc6252b96,1557.5159,195.74994,1588377600000,CHxXcBbd2u,
fe909ac3-4440-48e3-bbd8-14d6c43f892c.extra_data.json,,0.0,7961682,com.sec.android.app.shealth,1583938802361,1583852400814,fe909ac3-4440-48e3-bbd8-14d6c43f892c,1472.2781,470.0053,1583884800000,CHxXcBbd2u,
04a69b4e-0b73-447d-8894-494b64f38eea.extra_data.json,,0.0,1447100,com.sec.android.app.shealth,1584457201473,1584370800796,04a69b4e-0b73-447d-8894-494b64f38eea,1594.5559,76.31583,1584403200000,CHxXcBbd2u,
452aaaee-fdee-4a23-ad43-3d9ad6639561.extra_data.json,,0.0,3831258,com.sec.android.app.shealth,1584975601293,1584889200974,452aaaee-fdee-4a23-ad43-3d9ad6639561,1549.8057,201.86066,1584921600000,CHxXcBbd2u,
8fe5a4d7-0a00-491c-bf35-4aceae28af63.extra_data.json,,0.0,2416177,com.sec.android.app.shealth,1585495483950,1585408336507,8fe5a4d7-0a00-491c-bf35-4aceae28af63,1576.3665,140.14996,1585440000000,CHxXcBbd2u,
66329e48-7583-4d92-a271-5650fa7e1bc5.extra_data.json,,0.0,5249314,com.sec.android.app.shealth,1586012402418,1585927205229,66329e48-7583-4d92-a271-5650fa7e1bc5,1523.1888,312.26587,1585958400000,CHxXcBbd2u,
35a62275-cbda-47ad-aa4d-b678b112f755.extra_data.json,,0.0,1072439,com.sec.android.app.shealth,1586530803315,1586444400961,35a62275-cbda-47ad-aa4d-b678b112f755,1601.5883,65.94999,1586476800000,CHxXcBbd2u,
f65275de-9f09-403f-99a4-d9b1c465950e.extra_data.json,,0.0,3269563,com.sec.android.app.shealth,1587049202349,1586962800912,f65275de-9f09-403f-99a4-d9b1c465950e,1560.3486,188.75996,1586995200000,CHxXcBbd2u,
2ad7d836-2ebf-45bd-8176-5001009623ab.extra_data.json,,0.0,1267607,com.sec.android.app.shealth,1587567601676,1587481201360,2ad7d836-2ebf-45bd-8176-5001009623ab,1597.925,73.809975,1587513600000,CHxXcBbd2u,
f89ba7c4-12ae-4af6-b2b1-74bfd4ddfcc7.extra_data.json,,0.0,4571497,com.sec.android.app.shealth,1588950000849,1588863601829,f89ba7c4-12ae-4af6-b2b1-74bfd4ddfcc7,1535.9114,284.43997,1588896000000,CHxXcBbd2u,
f4a3f091-dd97-4b39-af3b-1f8864f893e9.extra_data.json,,0.0,6042166,com.sec.android.app.shealth,1589468401116,1589384630120,f4a3f091-dd97-4b39-af3b-1f8864f893e9,1508.307,367.94464,1589414400000,CHxXcBbd2u,
93130c92-5ef7-46c6-bffb-4084c86c15c3.extra_data.json,,0.0,7579929,com.sec.android.app.shealth,1589986801265,1589900400779,93130c92-5ef7-46c6-bffb-4084c86c15c3,1479.4435,502.51187,1589932800000,CHxXcBbd2u,
6cef914d-cbc0-4a5b-bb93-01674881640a.extra_data.json,,0.0,5669102,com.sec.android.app.shealth,1590505230416,1590418800856,6cef914d-cbc0-4a5b-bb93-01674881640a,1515.3094,385.38284,1590451200000,CHxXcBbd2u,
fe04e67a-c395-40fc-85fd-ab0c67b076a5.extra_data.json,,0.0,4939812,com.sec.android.app.shealth,1591023601035,1590937200964,fe04e67a-c395-40fc-85fd-ab0c67b076a5,1528.9982,365.81998,1590969600000,CHxXcBbd2u,
2d5345ad-b19a-48e7-b12f-8dbb10d99e61.extra_data.json,,0.0,9287906,com.sec.android.app.shealth,1591711882119,1591458152893,2d5345ad-b19a-48e7-b12f-8dbb10d99e61,1447.385,656.51917,1591488000000,CHxXcBbd2u,
a2845e3c-945d-4448-ae2c-dc57613677a7.extra_data.json,,0.0,7463839,com.sec.android.app.shealth,1594280734237,1591974001277,a2845e3c-945d-4448-ae2c-dc57613677a7,1481.6224,424.2844,1592006400000,CHxXcBbd2u,
39bd21b5-267e-410b-ada5-5e2af9ec949f.extra_data.json,,0.0,3249997,com.sec.android.app.shealth,1585062000992,1584975600820,39bd21b5-267e-410b-ada5-5e2af9ec949f,1560.7157,185.88666,1585008000000,CHxXcBbd2u,
d584dfc7-db2a-47c6-b1cb-5ddabd616b5c.extra_data.json,,0.0,5727410,com.sec.android.app.shealth,1594899883783,1592492468066,d584dfc7-db2a-47c6-b1cb-5ddabd616b5c,1514.2151,355.18832,1592524800000,CHxXcBbd2u,
fd5221c5-5d05-48e3-91e3-1b0ac33857c2.extra_data.json,,0.0,4534111,com.sec.android.app.shealth,1595236955804,1593010801960,fd5221c5-5d05-48e3-91e3-1b0ac33857c2,1536.613,308.29993,1593043200000,CHxXcBbd2u,
aa99f240-e5e6-4171-9629-4feca99fd5c1.extra_data.json,,0.0,4055483,com.sec.android.app.shealth,1595236955913,1593529201089,aa99f240-e5e6-4171-9629-4feca99fd5c1,1545.5969,249.62796,1593561600000,CHxXcBbd2u,
f07ad805-c945-4f5d-975e-3bad411effa8.extra_data.json,,0.0,7532627,com.sec.android.app.shealth,1595236956066,1594047600854,f07ad805-c945-4f5d-975e-3bad411effa8,1480.3314,490.90732,1594080000000,CHxXcBbd2u,
8211e4ef-8a14-4c86-a235-a16edb2acb3d.extra_data.json,,0.0,6991273,com.sec.android.app.shealth,1595236956177,1594566001004,8211e4ef-8a14-4c86-a235-a16edb2acb3d,1490.4924,420.09808,1594598400000,CHxXcBbd2u,
ddef1e58-7e47-482d-9b13-be80d49ffd2e.extra_data.json,,0.0,271335,com.sec.android.app.shealth,1585580400842,1585495483113,ddef1e58-7e47-482d-9b13-be80d49ffd2e,1616.6249,15.25,1585526400000,CHxXcBbd2u,
e0f99333-221e-4ed0-99ea-187f7e8df586.extra_data.json,,0.0,1566977,com.sec.android.app.shealth,1595236956254,1595084400787,e0f99333-221e-4ed0-99ea-187f7e8df586,1592.3059,90.37269,1595116800000,CHxXcBbd2u,
fc0f6b92-4348-4f11-ab17-fe852e61d894.extra_data.json,,0.0,4510590,com.sec.android.app.shealth,1586098801294,1586012401482,fc0f6b92-4348-4f11-ab17-fe852e61d894,1537.0546,257.622,1586044800000,CHxXcBbd2u,
82f871e8-069f-4fa7-b6b6-678f0102c919.extra_data.json,,0.0,1778289,com.sec.android.app.shealth,1588086002085,1587999600766,82f871e8-069f-4fa7-b6b6-678f0102c919,1588.3396,103.520004,1588032000000,CHxXcBbd2u,
e5837eb1-3516-4557-9461-e1739b4eb066.extra_data.json,,0.0,2533642,com.sec.android.app.shealth,1586617201112,1586530802386,e5837eb1-3516-4557-9461-e1739b4eb066,1574.1617,148.85999,1586563200000,CHxXcBbd2u,
7abfed34-5540-4444-94c1-2f86f1b0cdf7.extra_data.json,,0.0,1283643,com.sec.android.app.shealth,1587137393917,1587049201954,7abfed34-5540-4444-94c1-2f86f1b0cdf7,1597.624,73.41999,1587081600000,CHxXcBbd2u,
5adaecae-92da-4ec7-9796-af005f0c22ec.extra_data.json,,0.0,1544442,com.sec.android.app.shealth,1588604400655,1588518000537,5adaecae-92da-4ec7-9796-af005f0c22ec,1592.7289,85.200005,1588550400000,CHxXcBbd2u,
4dbc43df-71b5-4c78-ae35-93603f6df63d.extra_data.json,,0.0,995531,com.sec.android.app.shealth,1587654001255,1587567600938,4dbc43df-71b5-4c78-ae35-93603f6df63d,1603.0319,59.129997,1587600000000,CHxXcBbd2u,
dabf45a8-42f0-4c1a-b06c-7be838ddc936.extra_data.json,,0.0,120727,com.sec.android.app.shealth,1589122801618,1589036400919,dabf45a8-42f0-4c1a-b06c-7be838ddc936,1619.4518,7.019999,1589068800000,CHxXcBbd2u,
1afdd74a-f418-493f-a94a-e5bb92f3e2d4.extra_data.json,,0.0,201167,com.sec.android.app.shealth,1588172424222,1588086001650,1afdd74a-f418-493f-a94a-e5bb92f3e2d4,1617.9419,11.039999,1588118400000,CHxXcBbd2u,
211a618e-e992-4bf7-9a4e-a040eb0fc613.extra_data.json,,0.0,5175419,com.sec.android.app.shealth,1589641201187,1589556893777,211a618e-e992-4bf7-9a4e-a040eb0fc613,1524.5759,361.09314,1589587200000,CHxXcBbd2u,
24081864-22c0-4a82-a732-1d1a369d6da1.extra_data.json,,0.0,3024785,com.sec.android.app.shealth,1588690801173,1588604400366,24081864-22c0-4a82-a732-1d1a369d6da1,1564.943,176.15997,1588636800000,CHxXcBbd2u,
99e82829-43ff-4083-b599-eb2dd6133320.extra_data.json,,0.0,7884963,com.sec.android.app.shealth,1590160346021,1590073200861,99e82829-43ff-4083-b599-eb2dd6133320,1473.718,520.1503,1590105600000,CHxXcBbd2u,
b10c0cff-7ed8-493c-a6fa-00f5c55f7a18.extra_data.json,,0.0,4747984,com.sec.android.app.shealth,1589209285092,1589122801391,b10c0cff-7ed8-493c-a6fa-00f5c55f7a18,1532.5988,303.31396,1589155200000,CHxXcBbd2u,
9e955a21-1a71-4ae9-abe4-e26387c37fda.extra_data.json,,0.0,4289161,com.sec.android.app.shealth,1590678006170,1590591600795,9e955a21-1a71-4ae9-abe4-e26387c37fda,1541.2108,276.06982,1590624000000,CHxXcBbd2u,
5f4ce081-9642-4eab-8fb4-9813e6bd478f.extra_data.json,,0.0,4504269,com.sec.android.app.shealth,1589727601015,1589641200845,5f4ce081-9642-4eab-8fb4-9813e6bd478f,1537.1732,263.46426,1589673600000,CHxXcBbd2u,
243f9368-943b-40db-8327-8be926bbfde4.extra_data.json,,0.0,4346305,com.sec.android.app.shealth,1591196400917,1591110000817,243f9368-943b-40db-8327-8be926bbfde4,1540.1382,316.12994,1591142400000,CHxXcBbd2u,
0c7388a8-75a4-4426-99b5-bb38535e14fa.extra_data.json,,0.0,4187664,com.sec.android.app.shealth,1591714834029,1591628401130,0c7388a8-75a4-4426-99b5-bb38535e14fa,1543.1158,296.31067,1591660800000,CHxXcBbd2u,
54ff58ca-7a54-49af-a7cf-8980cc3045db.extra_data.json,,0.0,898816,com.sec.android.app.shealth,1590246001029,1590159600734,54ff58ca-7a54-49af-a7cf-8980cc3045db,1604.8472,51.359993,1590192000000,CHxXcBbd2u,
6878b384-960b-459e-8b90-7fb61a233824.extra_data.json,,0.0,4647974,com.sec.android.app.shealth,1594560793652,1592146800921,6878b384-960b-459e-8b90-7fb61a233824,1534.4758,288.22003,1592179200000,CHxXcBbd2u,
1c12356f-9e25-408f-a478-8cfa9254703d.extra_data.json,,0.0,1502064,com.sec.android.app.shealth,1595072555960,1592665457373,1c12356f-9e25-408f-a478-8cfa9254703d,1593.5243,89.85,1592697600000,CHxXcBbd2u,
4251036d-6c32-4bcf-b7ee-c84bacc82f3d.extra_data.json,,0.0,4867379,com.sec.android.app.shealth,1590764402126,1590678001662,4251036d-6c32-4bcf-b7ee-c84bacc82f3d,1530.3578,302.01334,1590710400000,CHxXcBbd2u,
f88b9592-d927-411a-90ce-b42de50f358c.extra_data.json,,0.0,832739,com.sec.android.app.shealth,1595236955838,1593241272905,f88b9592-d927-411a-90ce-b42de50f358c,1606.0875,50.619995,1593216000000,CHxXcBbd2u,
c3f8d342-7ace-4429-9166-7d3c87cc8ec4.extra_data.json,,0.0,4570507,com.sec.android.app.shealth,1591282810676,1591196400671,c3f8d342-7ace-4429-9166-7d3c87cc8ec4,1535.93,343.54797,1591228800000,CHxXcBbd2u,
127311f1-9ee4-4a0f-90fd-5a2530622996.extra_data.json,,0.0,5872402,com.sec.android.app.shealth,1595236956005,1593702000778,127311f1-9ee4-4a0f-90fd-5a2530622996,1511.4935,356.9793,1593734400000,CHxXcBbd2u,
2c9ca0e9-4413-436b-8f4a-1f416042e2aa.extra_data.json,,0.0,5341007,com.sec.android.app.shealth,1595236956115,1594220402037,2c9ca0e9-4413-436b-8f4a-1f416042e2aa,1521.4678,341.32968,1594252800000,CHxXcBbd2u,
de240d24-3197-423b-9d7b-3f5de083cf8c.extra_data.json,,0.0,5024532,com.sec.android.app.shealth,1591801201343,1591714833479,de240d24-3197-423b-9d7b-3f5de083cf8c,1527.4081,359.06897,1591747200000,CHxXcBbd2u,
744bd3d1-20ee-4d29-b9e6-2a3c95bfa89e.extra_data.json,,0.0,10690580,com.sec.android.app.shealth,1595236956197,1594738801377,744bd3d1-20ee-4d29-b9e6-2a3c95bfa89e,1421.057,676.08624,1594771200000,CHxXcBbd2u,
b084e5b9-d586-4a96-a0e7-8b5996f6729f.extra_data.json,,0.0,5057220,com.sec.android.app.shealth,1594647578523,1592233200768,b084e5b9-d586-4a96-a0e7-8b5996f6729f,1526.7944,338.88995,1592265600000,CHxXcBbd2u,
0871801c-16a7-4d76-b2bf-f32145e0a179.extra_data.json,,0.0,4642649,com.sec.android.app.shealth,1595164236389,1592751600917,0871801c-16a7-4d76-b2bf-f32145e0a179,1534.5759,286.80997,1592784000000,CHxXcBbd2u,
edf014d8-8256-460c-ba05-5ad19136b6dc.extra_data.json,,0.0,4957939,com.sec.android.app.shealth,1595236955854,1593270000950,edf014d8-8256-460c-ba05-5ad19136b6dc,1528.658,270.09427,1593302400000,CHxXcBbd2u,
e6850976-20a1-4f3b-9bed-0bab3360e529.extra_data.json,,0.0,5724130,com.sec.android.app.shealth,1595236956028,1593788400748,e6850976-20a1-4f3b-9bed-0bab3360e529,1514.2766,373.36948,1593820800000,CHxXcBbd2u,
896a0f63-91a0-4740-a3bb-34746024e481.extra_data.json,,0.0,7532933,com.sec.android.app.shealth,1595236956129,1594306800666,896a0f63-91a0-4740-a3bb-34746024e481,1480.3256,466.6599,1594339200000,CHxXcBbd2u,
e1da21c1-7d8d-460e-aaca-55172379a2fa.extra_data.json,,0.0,7280112,com.sec.android.app.shealth,1595236956204,1594825200945,e1da21c1-7d8d-460e-aaca-55172379a2fa,1485.071,444.248,1594857600000,CHxXcBbd2u,
